# Blender 4.5.0
# www.blender.org
mtllib Carn_Plant.mtl
g Carnivorous_Plast_1x1_Cylinder.001
v 0.200892 0.292637 0.098283
v 0.200657 0.292637 -0.098764
v 0.143716 0.000000 -0.070738
v 0.143885 0.000000 0.070393
v 0.059736 0.000000 0.143729
v -0.059392 0.000000 0.143872
v -0.143716 0.000000 0.070738
v -0.143885 0.000000 -0.070393
v -0.059736 0.000000 -0.143729
v 0.059392 0.000000 -0.143872
v 0.083404 0.292637 0.200675
v -0.082923 0.292637 0.200874
v -0.200657 0.292637 0.098764
v -0.200892 0.292637 -0.098283
v -0.083404 0.292637 -0.200675
v 0.082923 0.292637 -0.200874
v 0.225514 0.291742 -0.110999
v 0.225779 0.291742 0.110459
v 0.093736 0.291742 0.225535
v 0.094011 0.370647 -0.227734
v 0.093196 0.291742 -0.225759
v -0.094556 0.370647 -0.227508
v -0.093736 0.291742 -0.225535
v 0.227755 0.370647 0.111425
v 0.227487 0.370647 -0.111970
v -0.093196 0.291742 0.225759
v -0.227755 0.370647 -0.111425
v -0.225779 0.291742 -0.110459
v 0.094556 0.370647 0.227508
v -0.225514 0.291742 0.110999
v -0.227487 0.370647 0.111970
v -0.094011 0.370647 0.227734
v 0.160729 0.325614 -0.079111
v 0.160918 0.325614 0.078726
v 0.066808 0.325614 0.160744
v -0.066423 0.325614 0.160903
v -0.160729 0.325614 0.079111
v -0.160918 0.325614 -0.078726
v -0.066808 0.325614 -0.160744
v 0.066423 0.325614 -0.160903
v 0.222497 0.292637 -0.000266
v 0.159359 0.000000 -0.000191
v -0.222497 0.292637 0.000266
v -0.159359 0.000000 0.000191
v 0.250060 0.291742 -0.000299
v 0.252248 0.370647 -0.000302
v -0.250060 0.291742 0.000299
v -0.252248 0.370647 0.000302
v 0.178223 0.325614 -0.000213
v -0.178223 0.325614 0.000213
v -0.066615 0.350879 0.000080
v 0.066615 0.350879 -0.000080
v 0.059564 0.000000 -0.000071
v -0.059564 0.000000 0.000071
v 0.219838 0.292637 0.046613
v 0.153675 0.292637 0.155225
v 0.157454 0.000000 0.033385
v -0.196910 0.355447 0.096920
v -0.197141 0.355447 -0.096448
v 0.197141 0.355447 0.096448
v 0.000260 0.292637 0.217066
v 0.110067 0.000000 0.111177
v 0.081846 0.355447 0.196928
v -0.153303 0.292637 0.155593
v 0.000186 0.000000 0.155469
v 0.213085 0.292190 -0.104882
v -0.219838 0.292637 -0.046613
v -0.109800 0.000000 0.111440
v 0.088060 0.292190 -0.213316
v -0.153675 0.292637 -0.155225
v -0.157454 0.000000 -0.033385
v -0.213336 0.292190 -0.104371
v -0.000260 0.292637 -0.217067
v -0.110067 0.000000 -0.111177
v -0.213085 0.292190 0.104882
v 0.153303 0.292637 -0.155593
v -0.000186 0.000000 -0.155469
v 0.109800 0.000000 -0.111440
v 0.247072 0.291742 0.052387
v 0.172713 0.291742 0.174455
v 0.093604 0.331195 -0.226746
v -0.094146 0.331195 -0.226522
v 0.249106 0.370647 -0.053442
v 0.226501 0.331195 -0.111485
v 0.000292 0.291742 0.243957
v -0.226767 0.331195 -0.110942
v 0.174224 0.370647 0.175981
v -0.172295 0.291742 0.174868
v -0.226501 0.331195 0.111485
v 0.000295 0.370647 0.246091
v -0.247072 0.291742 -0.052387
v -0.093604 0.331195 0.226746
v -0.173802 0.370647 0.176398
v -0.172713 0.291742 -0.174455
v 0.094146 0.331195 0.226522
v -0.249106 0.370647 0.053442
v -0.000292 0.291742 -0.243957
v 0.226767 0.331195 0.110942
v -0.174224 0.370647 -0.175981
v 0.172295 0.291742 -0.174868
v -0.000295 0.370647 -0.246091
v 0.173802 0.370647 -0.176398
v 0.196910 0.355447 -0.096920
v -0.088060 0.292190 0.213316
v -0.088570 0.292190 -0.213105
v -0.081375 0.355447 0.197123
v 0.081375 0.355447 -0.197123
v -0.081846 0.355447 -0.196928
v 0.213336 0.292190 0.104371
v 0.088570 0.292190 0.213105
v 0.176004 0.325614 -0.037759
v 0.123096 0.325614 0.124338
v 0.000208 0.325614 0.173873
v -0.122798 0.325614 0.124632
v -0.176004 0.325614 0.037759
v -0.123096 0.325614 -0.124338
v -0.000208 0.325614 -0.173873
v 0.122798 0.325614 -0.124632
v -0.066711 0.342984 -0.080332
v 0.066711 0.342984 0.080332
v 0.219726 0.292637 -0.047139
v 0.157374 0.000000 -0.033762
v -0.219726 0.292637 0.047139
v -0.157374 0.000000 0.033762
v 0.246946 0.291742 -0.052979
v 0.249233 0.370647 0.052846
v -0.246946 0.291742 0.052979
v -0.249233 0.370647 -0.052846
v 0.176093 0.325614 0.037338
v -0.176093 0.325614 -0.037338
v -0.066519 0.342984 0.080491
v 0.066519 0.342984 -0.080491
v -0.000000 0.354669 -0.000000
v 0.125122 0.340141 -0.000150
v -0.125122 0.340141 0.000150
v 0.236279 0.292190 -0.000283
v -0.111878 0.000000 0.000134
v -0.236279 0.292190 0.000283
v -0.251154 0.331195 0.000301
v 0.251154 0.331195 -0.000301
v -0.218342 0.355447 0.000261
v 0.218342 0.355447 -0.000261
v 0.111878 0.000000 -0.000134
v 0.059478 0.000000 -0.071971
v 0.059650 0.000000 0.071829
v 0.000000 0.000000 0.000000
v -0.059650 0.000000 -0.071829
v -0.059478 0.000000 0.071971
v -0.173468 0.331195 -0.175218
v -0.150440 0.355447 0.152687
v -0.000293 0.331195 -0.245024
v -0.000276 0.292190 -0.230512
v -0.173048 0.331195 0.175633
v -0.162799 0.292190 0.165230
v 0.000293 0.331195 0.245024
v 0.215733 0.355447 0.045742
v 0.173468 0.331195 0.175218
v -0.215733 0.355447 -0.045742
v 0.248153 0.331195 0.052617
v 0.150806 0.355447 0.152327
v 0.162799 0.292190 -0.165230
v -0.248153 0.331195 -0.052617
v -0.233336 0.292190 0.050059
v -0.111488 0.000000 0.055598
v 0.173048 0.331195 -0.175633
v -0.000255 0.355447 -0.213013
v 0.233336 0.292190 -0.050059
v 0.000276 0.292190 0.230512
v -0.163194 0.292190 -0.164840
v 0.163194 0.292190 0.164840
v 0.000255 0.355447 0.213013
v -0.150806 0.355447 -0.152327
v 0.150440 0.355447 -0.152687
v -0.124685 0.335602 0.062180
v 0.124685 0.335602 -0.062180
v -0.000104 0.345589 -0.086937
v 0.000104 0.345589 0.086937
v 0.124834 0.335602 0.061881
v -0.124834 0.335602 -0.061881
v 0.233455 0.292190 0.049500
v -0.111620 0.000000 -0.055331
v -0.233455 0.292190 -0.049500
v -0.248026 0.331195 0.053210
v 0.248026 0.331195 -0.053210
v -0.215623 0.355447 0.046259
v 0.215623 0.355447 -0.046259
v 0.111488 0.000000 -0.055598
v 0.111620 0.000000 0.055331
v -0.000093 0.000000 -0.077735
v 0.000093 0.000000 0.077735
v 0.062852 0.941180 0.064391
v 0.112105 0.917594 0.026037
v 0.146472 0.890223 0.000784
v 0.143868 0.883783 0.003875
v 0.070792 0.913194 0.061551
v 0.088886 0.948384 0.116500
v 0.158540 0.930443 0.118980
v 0.207143 0.907012 0.122219
v 0.203460 0.900273 0.123151
v 0.100116 0.921308 0.120243
v 0.062852 0.955588 0.168608
v 0.112105 0.943293 0.211923
v 0.146472 0.923800 0.243655
v 0.143868 0.916763 0.242427
v 0.070792 0.929422 0.178935
v 0.000000 0.958572 0.190192
v 0.000000 0.948615 0.250421
v 0.000000 0.930754 0.293955
v 0.000000 0.923594 0.291833
v 0.000000 0.932783 0.203245
v -0.062852 0.955588 0.168608
v -0.112105 0.943293 0.211923
v -0.146472 0.923800 0.243655
v -0.143868 0.916763 0.242427
v -0.070792 0.929422 0.178935
v -0.088886 0.948384 0.116500
v -0.158540 0.930443 0.118980
v -0.207143 0.907012 0.122219
v -0.203460 0.900273 0.123151
v -0.100116 0.921308 0.120243
v -0.062852 0.941180 0.064391
v -0.112105 0.917594 0.026037
v -0.146472 0.890223 0.000784
v -0.143868 0.883783 0.003875
v -0.070792 0.913194 0.061551
v 0.000000 0.940880 0.117537
v 0.000000 0.954844 0.115607
v 0.000000 0.938196 0.042808
v 0.000000 0.912272 -0.012461
v 0.000000 0.883269 -0.049516
v 0.000000 0.876953 -0.045531
v 0.000000 0.909833 0.037240
v 0.088347 0.930714 0.044297
v 0.131813 0.903094 0.011390
v 0.153650 0.882506 -0.004214
v 0.111177 0.895998 0.029807
v 0.124942 0.940840 0.117543
v 0.186412 0.918202 0.120672
v 0.217294 0.900118 0.123173
v 0.157228 0.908741 0.121980
v 0.187756 0.891359 0.058674
v 0.191155 0.897936 0.056575
v 0.146304 0.923497 0.068738
v 0.082921 0.944386 0.088032
v 0.093284 0.916611 0.088245
v 0.088347 0.950967 0.190789
v 0.131813 0.933310 0.229954
v 0.153650 0.917729 0.250559
v 0.111177 0.921484 0.214153
v 0.093284 0.925469 0.152315
v 0.187756 0.909187 0.187628
v 0.191155 0.916087 0.187864
v 0.146304 0.937389 0.169222
v 0.082921 0.952260 0.144984
v 0.000000 0.955161 0.221128
v 0.000000 0.939568 0.275220
v 0.000000 0.925024 0.303324
v 0.000000 0.926762 0.252333
v 0.077771 0.921794 0.278813
v 0.079179 0.928922 0.280700
v 0.060601 0.947213 0.240276
v 0.034347 0.957827 0.185255
v 0.038640 0.931732 0.197619
v -0.088347 0.950967 0.190789
v -0.131813 0.933310 0.229954
v -0.153650 0.917729 0.250559
v -0.111177 0.921484 0.214153
v -0.038640 0.931732 0.197619
v -0.077771 0.921794 0.278813
v -0.079179 0.928922 0.280700
v -0.060601 0.947213 0.240276
v -0.034347 0.957828 0.185255
v -0.124942 0.940840 0.117543
v -0.186412 0.918202 0.120672
v -0.217294 0.900118 0.123173
v -0.157228 0.908741 0.121980
v -0.191155 0.916087 0.187864
v -0.146304 0.937389 0.169222
v -0.082921 0.952260 0.144984
v -0.093284 0.925469 0.152315
v -0.187756 0.909187 0.187628
v -0.088347 0.930714 0.044297
v -0.131813 0.903094 0.011390
v -0.153650 0.882506 -0.004214
v -0.111177 0.895998 0.029807
v -0.038003 0.928554 0.087132
v -0.093284 0.916611 0.088245
v -0.187756 0.891359 0.058674
v -0.191155 0.897936 0.056575
v -0.146304 0.923497 0.068738
v -0.082921 0.944386 0.088032
v 0.000000 0.946789 0.072497
v 0.000000 0.926520 0.013957
v 0.000000 0.896836 -0.033876
v 0.000000 0.875212 -0.056979
v 0.000000 0.890720 -0.008372
v -0.060601 0.913674 -0.002316
v -0.034347 0.938819 0.047761
v -0.038640 0.910348 0.042941
v -0.077771 0.878753 -0.032511
v -0.079179 0.885102 -0.036261
v 0.000000 0.926750 0.074081
v 0.037011 0.948546 0.085207
v 0.038003 0.928554 0.087132
v 0.060601 0.913674 -0.002316
v 0.034347 0.938819 0.047761
v 0.038640 0.910348 0.042941
v 0.077771 0.878753 -0.032511
v 0.079179 0.885102 -0.036261
v 0.052341 0.952788 0.115891
v 0.053745 0.932910 0.118639
v 0.037011 0.957030 0.146575
v 0.038003 0.937266 0.150146
v 0.000000 0.958787 0.159285
v 0.000000 0.939070 0.163197
v -0.037011 0.957030 0.146575
v -0.038003 0.937266 0.150146
v -0.052341 0.952788 0.115891
v -0.053745 0.932910 0.118639
v -0.037011 0.948546 0.085207
v 0.047805 0.927604 0.021861
v 0.060146 0.892064 0.001601
v 0.071255 0.898485 -0.021947
v 0.023312 0.945703 0.069318
v 0.024117 0.923994 0.070678
v 0.083059 0.877134 -0.043074
v 0.145204 0.901814 0.072120
v 0.172024 0.910035 0.061598
v 0.056280 0.949482 0.096651
v 0.058223 0.927903 0.098954
v 0.200522 0.890597 0.054311
v 0.115410 0.935353 0.077910
v 0.058223 0.933432 0.138944
v 0.145204 0.915601 0.171850
v 0.200522 0.909638 0.192034
v 0.115410 0.946312 0.157177
v 0.172024 0.926369 0.179747
v 0.056280 0.954826 0.135306
v 0.083059 0.923101 0.289419
v 0.047805 0.954061 0.213227
v 0.060146 0.925351 0.242369
v 0.071255 0.937919 0.263292
v 0.023312 0.958605 0.162639
v 0.024117 0.937341 0.167220
v -0.060146 0.925351 0.242369
v -0.071255 0.937919 0.263292
v -0.023312 0.958605 0.162639
v -0.024117 0.937341 0.167220
v -0.083059 0.923101 0.289419
v -0.047805 0.954061 0.213227
v -0.172024 0.926369 0.179747
v -0.056280 0.954826 0.135306
v -0.058223 0.933432 0.138944
v -0.145204 0.915601 0.171850
v -0.200522 0.909638 0.192034
v -0.115410 0.946312 0.157177
v -0.058223 0.927903 0.098954
v -0.145204 0.901814 0.072120
v -0.200522 0.890597 0.054311
v -0.115410 0.935353 0.077910
v -0.172024 0.910035 0.061598
v -0.056280 0.949482 0.096651
v -0.047805 0.927604 0.021861
v -0.060146 0.892064 0.001601
v -0.071255 0.898485 -0.021947
v -0.023312 0.945703 0.069318
v -0.024117 0.923994 0.070678
v -0.083059 0.877134 -0.043074
v -0.033122 0.882403 0.328667
v -0.056228 0.929972 0.274406
v 0.002540 0.922495 0.275171
v -0.033570 0.878513 0.325095
v -0.056677 0.926082 0.270834
v 0.002092 0.918606 0.271599
v -0.087610 0.887051 0.323088
v -0.101190 0.928599 0.261199
v -0.044838 0.931646 0.279239
v -0.086350 0.883067 0.319828
v -0.099931 0.924615 0.257939
v -0.043579 0.927662 0.275978
v -0.146914 0.880772 0.297408
v -0.143805 0.920875 0.233197
v -0.096068 0.928317 0.267491
v -0.144434 0.876882 0.294800
v -0.141324 0.916985 0.230589
v -0.093588 0.924427 0.264883
v -0.188328 0.871949 0.261761
v -0.172427 0.910817 0.198694
v -0.136436 0.924165 0.243825
v -0.184869 0.868302 0.260081
v -0.168968 0.907170 0.197015
v -0.132977 0.920517 0.242145
v -0.224118 0.869299 0.214420
v -0.194595 0.910492 0.158096
v -0.168335 0.920407 0.210272
v -0.220481 0.865613 0.213290
v -0.190958 0.906806 0.156966
v -0.164698 0.916721 0.209142
v -0.244061 0.858426 0.163945
v -0.203628 0.899176 0.114493
v -0.193110 0.914078 0.170862
v -0.239994 0.855030 0.164084
v -0.199561 0.895780 0.114632
v -0.189043 0.910682 0.171001
v 0.033122 0.882403 0.328667
v 0.056228 0.929972 0.274406
v -0.002540 0.922495 0.275171
v 0.033570 0.878513 0.325095
v 0.056677 0.926082 0.270834
v -0.002092 0.918606 0.271599
v 0.087610 0.887051 0.323088
v 0.101190 0.928599 0.261199
v 0.044838 0.931646 0.279239
v 0.086350 0.883067 0.319828
v 0.099931 0.924615 0.257939
v 0.043579 0.927662 0.275978
v 0.146914 0.880772 0.297408
v 0.143805 0.920875 0.233197
v 0.096068 0.928317 0.267491
v 0.144434 0.876882 0.294800
v 0.141324 0.916985 0.230589
v 0.093588 0.924427 0.264883
v 0.188328 0.871949 0.261761
v 0.172427 0.910817 0.198694
v 0.136436 0.924165 0.243825
v 0.184869 0.868302 0.260081
v 0.168968 0.907170 0.197015
v 0.132977 0.920517 0.242145
v 0.224118 0.869299 0.214420
v 0.194595 0.910492 0.158096
v 0.168335 0.920407 0.210272
v 0.220481 0.865613 0.213290
v 0.190958 0.906806 0.156966
v 0.164698 0.916721 0.209142
v 0.244061 0.858426 0.163945
v 0.203628 0.899176 0.114493
v 0.193110 0.914078 0.170862
v 0.239994 0.855030 0.164084
v 0.199561 0.895780 0.114632
v 0.189043 0.910682 0.171001
v 0.062852 0.790728 0.050424
v 0.112105 0.820589 0.016724
v 0.146472 0.851913 -0.003417
v 0.143868 0.857722 0.000740
v 0.070792 0.818784 0.052464
v 0.088886 0.774625 0.100502
v 0.158540 0.791866 0.106046
v 0.207143 0.814385 0.113288
v 0.203460 0.820861 0.115370
v 0.100116 0.800646 0.108869
v 0.062852 0.758521 0.150580
v 0.112105 0.763143 0.195368
v 0.146472 0.776857 0.229992
v 0.143868 0.784000 0.230000
v 0.070792 0.782507 0.165275
v 0.000000 0.751851 0.171323
v 0.000000 0.751246 0.232367
v 0.000000 0.761312 0.278333
v 0.000000 0.768732 0.277481
v 0.000000 0.774994 0.188639
v -0.062852 0.758521 0.150580
v -0.112105 0.763143 0.195368
v -0.146472 0.776857 0.229992
v -0.143868 0.784000 0.230000
v -0.070792 0.782507 0.165275
v -0.088886 0.774625 0.100502
v -0.158540 0.791866 0.106046
v -0.207143 0.814385 0.113288
v -0.203460 0.820861 0.115370
v -0.100116 0.800646 0.108869
v -0.062852 0.790728 0.050424
v -0.112105 0.820589 0.016724
v -0.146472 0.851914 -0.003417
v -0.143868 0.857722 0.000740
v -0.070792 0.818784 0.052464
v 0.000000 0.781836 0.102821
v 0.000000 0.768417 0.098506
v 0.000000 0.797399 0.029680
v 0.000000 0.832487 -0.020274
v 0.000000 0.867458 -0.051758
v 0.000000 0.872991 -0.046741
v 0.000000 0.826297 0.029100
v 0.088347 0.804510 0.032441
v 0.131813 0.837403 0.004804
v 0.153650 0.860378 -0.007006
v 0.111177 0.841208 0.024171
v 0.124942 0.781874 0.102833
v 0.186412 0.803631 0.109829
v 0.217294 0.821011 0.115418
v 0.157228 0.812723 0.112753
v 0.187756 0.840787 0.053404
v 0.191155 0.834672 0.050200
v 0.146304 0.807393 0.057761
v 0.082921 0.783483 0.073154
v 0.093284 0.810804 0.078165
v 0.088347 0.759238 0.173226
v 0.131813 0.769858 0.214854
v 0.153650 0.781643 0.237842
v 0.111177 0.784238 0.201336
v 0.093284 0.791004 0.139739
v 0.187756 0.800935 0.177336
v 0.191155 0.794098 0.176375
v 0.146304 0.776339 0.154331
v 0.082921 0.765883 0.127887
v 0.000000 0.749862 0.202383
v 0.000000 0.755869 0.258357
v 0.000000 0.765337 0.288552
v 0.000000 0.772439 0.238028
v 0.077771 0.772755 0.264969
v 0.079179 0.765408 0.265594
v 0.060601 0.754381 0.222617
v 0.034347 0.753437 0.166590
v 0.038640 0.777003 0.183279
v -0.088347 0.759238 0.173226
v -0.131813 0.769858 0.214854
v -0.153650 0.781643 0.237842
v -0.111177 0.784238 0.201336
v -0.038640 0.777003 0.183279
v -0.077771 0.772755 0.264969
v -0.079179 0.765408 0.265594
v -0.060601 0.754381 0.222617
v -0.034347 0.753437 0.166590
v -0.124942 0.781874 0.102833
v -0.186412 0.803631 0.109829
v -0.217294 0.821011 0.115418
v -0.157228 0.812723 0.112753
v -0.191155 0.794098 0.176375
v -0.146304 0.776339 0.154331
v -0.082921 0.765883 0.127887
v -0.093284 0.791004 0.139739
v -0.187756 0.800935 0.177336
v -0.088347 0.804510 0.032441
v -0.131813 0.837403 0.004804
v -0.153650 0.860378 -0.007006
v -0.111177 0.841208 0.024171
v -0.038003 0.799233 0.075004
v -0.093284 0.810804 0.078165
v -0.187756 0.840787 0.053404
v -0.191155 0.834672 0.050200
v -0.146304 0.807393 0.057761
v -0.082921 0.783483 0.073154
v 0.000000 0.783803 0.057437
v 0.000000 0.813886 0.003283
v 0.000000 0.851392 -0.038698
v 0.000000 0.876685 -0.057715
v 0.000000 0.853007 -0.012521
v -0.060601 0.829352 -0.010524
v -0.034347 0.795929 0.034451
v -0.038640 0.824804 0.034626
v -0.077771 0.868967 -0.034228
v -0.079179 0.863362 -0.039019
v 0.000000 0.803266 0.062462
v 0.037011 0.779875 0.069652
v 0.038003 0.799233 0.075004
v 0.060601 0.829352 -0.010524
v 0.034347 0.795929 0.034451
v 0.038640 0.824804 0.034626
v 0.077771 0.868967 -0.034228
v 0.079179 0.863362 -0.039019
v 0.052341 0.770392 0.099141
v 0.053745 0.789496 0.105284
v 0.037011 0.760910 0.128630
v 0.038003 0.779759 0.135564
v 0.000000 0.756982 0.140844
v 0.000000 0.775726 0.148106
v -0.037011 0.760910 0.128630
v -0.038003 0.779759 0.135564
v -0.052341 0.770392 0.099141
v -0.053745 0.789496 0.105284
v -0.037011 0.779875 0.069652
v 0.047805 0.811452 0.010880
v 0.060146 0.849959 -0.002931
v 0.071255 0.847706 -0.027234
v 0.023312 0.785422 0.054494
v 0.024117 0.806569 0.059586
v 0.083059 0.872388 -0.044352
v 0.145204 0.828166 0.064841
v 0.172024 0.821887 0.053056
v 0.056280 0.776975 0.080762
v 0.058223 0.797830 0.086761
v 0.200522 0.842292 0.049239
v 0.115410 0.794130 0.064746
v 0.058223 0.785472 0.125193
v 0.145204 0.797345 0.160686
v 0.200522 0.799730 0.181597
v 0.115410 0.769634 0.140925
v 0.172024 0.785374 0.166603
v 0.056280 0.765029 0.117911
v 0.083059 0.769634 0.275188
v 0.047805 0.752312 0.194791
v 0.060146 0.775552 0.228458
v 0.071255 0.759556 0.246893
v 0.023312 0.756582 0.144179
v 0.024117 0.776734 0.152368
v -0.060146 0.775552 0.228458
v -0.071255 0.759556 0.246893
v -0.023312 0.756582 0.144179
v -0.024117 0.776734 0.152368
v -0.083059 0.769634 0.275188
v -0.047805 0.752312 0.194791
v -0.172024 0.785374 0.166603
v -0.056280 0.765029 0.117911
v -0.058223 0.785472 0.125193
v -0.145204 0.797345 0.160686
v -0.200522 0.799730 0.181597
v -0.115410 0.769634 0.140925
v -0.058223 0.797830 0.086761
v -0.145204 0.828166 0.064841
v -0.200522 0.842292 0.049239
v -0.115410 0.794130 0.064746
v -0.172024 0.821887 0.053056
v -0.056280 0.776975 0.080762
v -0.047805 0.811452 0.010880
v -0.060146 0.849959 -0.002931
v -0.071255 0.847706 -0.027234
v -0.023312 0.785422 0.054494
v -0.024117 0.806569 0.059586
v -0.083059 0.872388 -0.044352
v -0.033122 0.802935 0.320881
v -0.056228 0.765462 0.259214
v 0.002540 0.772694 0.261260
v -0.033570 0.807383 0.318035
v -0.056677 0.769910 0.256368
v 0.002092 0.777143 0.258414
v -0.087610 0.799321 0.314583
v -0.101190 0.769097 0.246443
v -0.044838 0.762977 0.263684
v -0.086350 0.803809 0.312060
v -0.099931 0.773585 0.243920
v -0.043579 0.767465 0.261161
v -0.146914 0.809944 0.290375
v -0.143805 0.781545 0.220198
v -0.096068 0.768287 0.252689
v -0.144434 0.814227 0.288479
v -0.141324 0.785828 0.218302
v -0.093588 0.772570 0.250792
v -0.188328 0.824797 0.256790
v -0.172427 0.797417 0.187953
v -0.136436 0.776468 0.230097
v -0.184869 0.828680 0.255766
v -0.168968 0.801300 0.186929
v -0.132977 0.780351 0.229073
v -0.224118 0.835591 0.210620
v -0.194595 0.804755 0.148022
v -0.168335 0.785970 0.197698
v -0.220481 0.839417 0.210144
v -0.190958 0.808581 0.147546
v -0.164698 0.789796 0.197223
v -0.244061 0.855026 0.162784
v -0.203628 0.823438 0.107032
v -0.193110 0.799016 0.159977
v -0.239994 0.858347 0.163508
v -0.199561 0.826759 0.107756
v -0.189043 0.802337 0.160701
v 0.033122 0.802935 0.320881
v 0.056228 0.765462 0.259214
v -0.002540 0.772694 0.261260
v 0.033570 0.807383 0.318035
v 0.056677 0.769910 0.256368
v -0.002092 0.777143 0.258414
v 0.087610 0.799321 0.314583
v 0.101190 0.769097 0.246443
v 0.044838 0.762977 0.263684
v 0.086350 0.803809 0.312060
v 0.099931 0.773585 0.243920
v 0.043579 0.767465 0.261161
v 0.146914 0.809944 0.290375
v 0.143805 0.781545 0.220198
v 0.096068 0.768287 0.252689
v 0.144434 0.814227 0.288479
v 0.141324 0.785828 0.218302
v 0.093588 0.772570 0.250792
v 0.188328 0.824797 0.256790
v 0.172427 0.797417 0.187953
v 0.136436 0.776468 0.230097
v 0.184869 0.828680 0.255766
v 0.168968 0.801300 0.186929
v 0.132977 0.780351 0.229073
v 0.224118 0.835591 0.210620
v 0.194595 0.804755 0.148022
v 0.168335 0.785970 0.197698
v 0.220481 0.839417 0.210144
v 0.190958 0.808581 0.147546
v 0.164698 0.789796 0.197223
v 0.244061 0.855026 0.162784
v 0.203628 0.823438 0.107032
v 0.193110 0.799016 0.159977
v 0.239994 0.858347 0.163508
v 0.199561 0.826759 0.107756
v 0.189043 0.802337 0.160701
v 0.000000 0.310945 -0.025129
v 0.000000 0.889247 -0.037120
v 0.010481 0.311230 -0.023064
v 0.004219 0.889362 -0.036289
v 0.019366 0.312043 -0.017183
v 0.007795 0.889689 -0.033921
v 0.025303 0.313260 -0.008381
v 0.010185 0.890179 -0.030379
v 0.027388 0.314695 0.002001
v 0.011024 0.890757 -0.026200
v 0.025303 0.316131 0.012383
v 0.010185 0.891334 -0.022021
v 0.019366 0.317347 0.021184
v 0.007795 0.891824 -0.018478
v 0.010481 0.318160 0.027065
v 0.004219 0.892151 -0.016111
v 0.000000 0.318446 0.029130
v 0.000000 0.892266 -0.015280
v -0.010481 0.318160 0.027065
v -0.004219 0.892151 -0.016111
v -0.019366 0.317347 0.021184
v -0.007795 0.891824 -0.018478
v -0.025303 0.316131 0.012383
v -0.010185 0.891334 -0.022021
v -0.027388 0.314695 0.002001
v -0.011024 0.890757 -0.026200
v -0.025303 0.313260 -0.008381
v -0.010185 0.890179 -0.030379
v -0.019366 0.312043 -0.017183
v -0.007795 0.889689 -0.033921
v -0.010481 0.311230 -0.023064
v -0.004219 0.889362 -0.036289
v 0.000000 0.841425 -0.068809
v 0.008999 0.840598 -0.067221
v 0.016627 0.838242 -0.062701
v 0.021725 0.834716 -0.055936
v 0.023515 0.830557 -0.047957
v 0.021725 0.826397 -0.039977
v 0.016627 0.822871 -0.033212
v 0.008999 0.820515 -0.028692
v 0.000000 0.819688 -0.027104
v -0.008999 0.820515 -0.028692
v -0.016627 0.822871 -0.033212
v -0.021725 0.826397 -0.039977
v -0.023515 0.830557 -0.047957
v -0.021725 0.834716 -0.055936
v -0.016627 0.838242 -0.062701
v -0.008999 0.840598 -0.067221
v 0.000000 0.878287 -0.053883
v 0.006609 0.877931 -0.052674
v 0.012211 0.876917 -0.049230
v 0.015955 0.875398 -0.044076
v 0.017269 0.873608 -0.037997
v 0.015955 0.871817 -0.031918
v 0.012211 0.870299 -0.026764
v 0.006609 0.869284 -0.023320
v 0.000000 0.868928 -0.022111
v -0.006609 0.869284 -0.023320
v -0.012211 0.870299 -0.026764
v -0.015955 0.871817 -0.031918
v -0.017269 0.873608 -0.037997
v -0.015955 0.875398 -0.044076
v -0.012211 0.876917 -0.049230
v -0.006609 0.877931 -0.052674
v 0.009452 0.702633 -0.084742
v 0.017465 0.701246 -0.079806
v 0.022819 0.699171 -0.072418
v 0.024699 0.696723 -0.063703
v 0.022819 0.694275 -0.054989
v 0.017465 0.692199 -0.047601
v 0.009452 0.690813 -0.042665
v 0.000000 0.690326 -0.040931
v -0.009452 0.690813 -0.042665
v -0.017465 0.692199 -0.047601
v -0.022819 0.694275 -0.054989
v -0.024699 0.696723 -0.063703
v -0.022819 0.699171 -0.072418
v -0.017465 0.701246 -0.079806
v -0.009452 0.702633 -0.084742
v 0.000000 0.703120 -0.086476
v 0.009966 0.514438 -0.021828
v 0.018415 0.514151 -0.016420
v 0.024061 0.513722 -0.008325
v 0.026043 0.513215 0.001223
v 0.024061 0.512709 0.010772
v 0.018415 0.512280 0.018866
v 0.009966 0.511993 0.024275
v 0.000000 0.511892 0.026174
v -0.009966 0.511993 0.024275
v -0.018415 0.512280 0.018866
v -0.024061 0.512709 0.010772
v -0.026043 0.513215 0.001223
v -0.024061 0.513722 -0.008325
v -0.018415 0.514151 -0.016420
v -0.009966 0.514438 -0.021828
v 0.000000 0.514538 -0.023727
v 0.000000 0.602895 -0.062543
v 0.009709 0.603266 -0.060741
v 0.017940 0.604324 -0.055609
v 0.023440 0.605907 -0.047929
v 0.025371 0.607774 -0.038869
v 0.023440 0.609641 -0.029809
v 0.017940 0.611225 -0.022129
v 0.009709 0.612282 -0.016997
v 0.000000 0.612654 -0.015195
v -0.009709 0.612282 -0.016997
v -0.017940 0.611225 -0.022129
v -0.023440 0.609641 -0.029809
v -0.025371 0.607774 -0.038869
v -0.023440 0.605907 -0.047929
v -0.017940 0.604324 -0.055609
v -0.009709 0.603266 -0.060741
v 0.000000 0.774266 -0.078359
v 0.009225 0.773609 -0.076698
v 0.017046 0.771737 -0.071970
v 0.022272 0.768937 -0.064894
v 0.024107 0.765633 -0.056546
v 0.022272 0.762329 -0.048199
v 0.017046 0.759529 -0.041123
v 0.009225 0.757657 -0.036395
v 0.000000 0.757000 -0.034734
v -0.009225 0.757657 -0.036395
v -0.017046 0.759529 -0.041123
v -0.022272 0.762329 -0.048199
v -0.024107 0.765633 -0.056546
v -0.022272 0.768937 -0.064894
v -0.017046 0.771737 -0.071970
v -0.009225 0.773609 -0.076698
v 0.010224 0.419170 -0.003862
v 0.018891 0.419433 0.001783
v 0.024682 0.419826 0.010231
v 0.026715 0.420291 0.020196
v 0.024682 0.420755 0.030161
v 0.018891 0.421149 0.038609
v 0.010224 0.421412 0.044254
v 0.000000 0.421505 0.046236
v -0.010224 0.421412 0.044254
v -0.018891 0.421149 0.038609
v -0.024682 0.420755 0.030161
v -0.026715 0.420291 0.020196
v -0.024682 0.419826 0.010231
v -0.018891 0.419433 0.001783
v -0.010224 0.419170 -0.003862
v 0.000000 0.419077 -0.005844
v 0.096714 0.573561 -0.023662
v 0.099376 0.569667 -0.022149
v 0.004750 0.518482 -0.023036
v 0.037573 0.539776 -0.025980
v 0.008864 0.512465 -0.020697
v 0.041687 0.533760 -0.023641
v 0.012351 0.507773 -0.015755
v 0.045174 0.529068 -0.018699
v 0.014681 0.505121 -0.008963
v 0.047504 0.526415 -0.011907
v 0.015499 0.504911 -0.001355
v 0.048322 0.526206 -0.004299
v 0.014681 0.507177 0.005911
v 0.047504 0.528472 0.002967
v 0.012351 0.511573 0.011728
v 0.045174 0.532867 0.008784
v 0.008864 0.517429 0.015212
v 0.041687 0.538724 0.012268
v 0.004750 0.523855 0.015831
v 0.037573 0.545150 0.012887
v 0.000637 0.529872 0.013491
v 0.033460 0.551167 0.010547
v -0.002850 0.534563 0.008550
v 0.029973 0.555858 0.005606
v -0.005180 0.537216 0.001758
v 0.027643 0.558511 -0.001186
v -0.005998 0.537425 -0.005850
v 0.026825 0.558720 -0.008794
v -0.005180 0.535160 -0.013116
v 0.027643 0.556454 -0.016060
v -0.002850 0.530764 -0.018933
v 0.029973 0.552059 -0.021877
v 0.000637 0.524907 -0.022417
v 0.033460 0.546202 -0.025361
v 0.101632 0.566631 -0.018951
v 0.103140 0.564914 -0.014555
v 0.103670 0.564779 -0.009632
v 0.103140 0.566245 -0.004930
v 0.101632 0.569090 -0.001165
v 0.099376 0.572880 0.001089
v 0.096714 0.577038 0.001490
v 0.094052 0.580932 -0.000024
v 0.091795 0.583968 -0.003222
v 0.090287 0.585685 -0.007617
v 0.089758 0.585820 -0.012541
v 0.090287 0.584354 -0.017243
v 0.091795 0.581509 -0.021007
v 0.094052 0.577719 -0.023262
v 0.166687 0.602744 -0.020196
v 0.166023 0.604684 -0.020060
v 0.165460 0.606438 -0.019150
v 0.165083 0.607739 -0.017605
v 0.164951 0.608390 -0.015661
v 0.165083 0.608291 -0.013613
v 0.165460 0.607457 -0.011773
v 0.166023 0.606016 -0.010421
v 0.166687 0.604186 -0.009764
v 0.167351 0.602247 -0.009900
v 0.167914 0.600493 -0.010810
v 0.168290 0.599191 -0.012355
v 0.168422 0.598540 -0.014299
v 0.168290 0.598639 -0.016347
v 0.167914 0.599473 -0.018187
v 0.167351 0.600914 -0.019539
v -0.104141 0.502268 -0.013806
v -0.106803 0.498374 -0.012292
v -0.012178 0.447189 -0.013180
v -0.045001 0.468484 -0.016124
v -0.016291 0.441172 -0.010840
v -0.049114 0.462467 -0.013784
v -0.019778 0.436480 -0.005899
v -0.052601 0.457775 -0.008843
v -0.022108 0.433828 0.000893
v -0.054931 0.455123 -0.002051
v -0.022927 0.433619 0.008501
v -0.055750 0.454913 0.005557
v -0.022108 0.435884 0.015767
v -0.054931 0.457179 0.012823
v -0.019778 0.440280 0.021584
v -0.052601 0.461575 0.018640
v -0.016291 0.446136 0.025068
v -0.049114 0.467431 0.022124
v -0.012178 0.452562 0.025687
v -0.045001 0.473857 0.022743
v -0.008065 0.458579 0.023348
v -0.040888 0.479874 0.020404
v -0.004577 0.463271 0.018406
v -0.037400 0.484565 0.015462
v -0.002247 0.465923 0.011614
v -0.035070 0.487218 0.008670
v -0.001429 0.466132 0.004006
v -0.034252 0.487427 0.001062
v -0.002247 0.463867 -0.003260
v -0.035070 0.485162 -0.006204
v -0.004577 0.459471 -0.009077
v -0.037400 0.480766 -0.012021
v -0.008065 0.453615 -0.012560
v -0.040888 0.474909 -0.015505
v -0.109060 0.495338 -0.009094
v -0.110568 0.493621 -0.004699
v -0.111097 0.493486 0.000225
v -0.110568 0.494952 0.004927
v -0.109060 0.497797 0.008691
v -0.106803 0.501587 0.010946
v -0.104141 0.505745 0.011346
v -0.101480 0.509639 0.009832
v -0.099223 0.512675 0.006634
v -0.097715 0.514392 0.002239
v -0.097186 0.514527 -0.002684
v -0.097715 0.513061 -0.007386
v -0.099223 0.510216 -0.011151
v -0.101480 0.506426 -0.013406
v -0.174114 0.531451 -0.010340
v -0.173450 0.533391 -0.010204
v -0.172887 0.535145 -0.009294
v -0.172511 0.536446 -0.007749
v -0.172379 0.537097 -0.005805
v -0.172511 0.536998 -0.003757
v -0.172887 0.536165 -0.001917
v -0.173450 0.534723 -0.000565
v -0.174114 0.532893 0.000092
v -0.174778 0.530954 -0.000044
v -0.175341 0.529200 -0.000954
v -0.175718 0.527898 -0.002499
v -0.175850 0.527247 -0.004443
v -0.175718 0.527346 -0.006491
v -0.175341 0.528180 -0.008331
v -0.174778 0.529621 -0.009683
v -0.151214 0.528722 -0.023803
v -0.301695 0.508966 -0.027547
v -0.156786 0.532329 0.036628
v -0.305636 0.511517 0.015194
v -0.227832 0.540495 -0.044178
v -0.235702 0.545590 0.041168
v -0.155450 0.522013 0.037367
v -0.149878 0.518405 -0.023063
v -0.226051 0.526739 -0.043192
v -0.300359 0.498649 -0.026808
v -0.304300 0.501200 0.015933
v -0.233920 0.531834 0.042153
v 0.256162 0.587850 -0.005865
v -0.148324 0.520033 0.006989
v -0.274227 0.525538 -0.038225
v -0.308921 0.498267 -0.006520
v -0.187623 0.542646 0.044033
v -0.180071 0.537757 -0.037867
v -0.280395 0.529531 0.028668
v -0.232101 0.536011 -0.001690
v -0.146695 0.517066 0.007890
v -0.272522 0.512371 -0.037282
v -0.307292 0.495300 -0.005619
v -0.185918 0.529479 0.044976
v -0.178366 0.524590 -0.036923
v -0.278690 0.516364 0.029611
v -0.229652 0.526707 -0.000335
v -0.236287 0.539667 0.057663
v -0.310350 0.503041 0.018256
v -0.150830 0.525505 0.043455
v -0.305864 0.500137 -0.030395
v -0.225466 0.532662 -0.059687
v -0.144189 0.521205 -0.028576
v 0.146642 0.603163 0.009906
v 0.253262 0.585972 -0.037313
v -0.278135 0.520055 -0.004982
v -0.183594 0.532868 0.002971
v -0.275789 0.511547 -0.003684
v -0.181247 0.524361 0.004268
v -0.281171 0.523332 0.041315
v -0.187600 0.536773 0.059791
v -0.272753 0.517881 -0.049981
v -0.177241 0.530066 -0.052552
v -0.318830 0.494256 -0.006620
v -0.135290 0.519132 0.008818
v 0.142542 0.600509 -0.034558
v 0.198916 0.609171 -0.049550
v 0.204706 0.612920 0.013246
v 0.145659 0.595572 0.010450
v 0.141559 0.592918 -0.034014
v 0.197605 0.599050 -0.048825
v 0.252279 0.578382 -0.036769
v 0.255179 0.580259 -0.005321
v 0.203395 0.602799 0.013971
v 0.140415 0.591576 -0.011902
v 0.233052 0.598166 -0.045170
v 0.258579 0.575562 -0.021842
v 0.169331 0.610754 0.015354
v 0.163774 0.607157 -0.044906
v 0.237590 0.601104 0.004048
v 0.202057 0.603333 -0.018288
v 0.139217 0.591933 -0.011239
v 0.231797 0.588478 -0.044476
v 0.257381 0.575918 -0.021179
v 0.168076 0.601066 0.016048
v 0.162520 0.597469 -0.044212
v 0.236336 0.591416 0.004742
v 0.200255 0.599027 -0.017291
v 0.205136 0.608562 0.025382
v 0.259630 0.581613 -0.003612
v 0.142259 0.598142 0.014929
v 0.256330 0.579476 -0.039408
v 0.197175 0.603408 -0.060961
v 0.137373 0.594978 -0.038070
v 0.235928 0.591593 -0.020710
v 0.166366 0.601020 -0.014859
v 0.234201 0.587872 -0.019755
v 0.164640 0.597300 -0.013904
v 0.238161 0.596543 0.013354
v 0.169314 0.606433 0.026948
v 0.231968 0.592533 -0.053819
v 0.161692 0.601498 -0.055711
v 0.265870 0.575150 -0.021916
v 0.130825 0.593453 -0.010556
vn 0.4932 -0.8228 0.2824
vn 0.4925 -0.8228 -0.2836
vn 0.5758 -0.7461 -0.3342
vn 0.5766 -0.7461 0.3328
vn 0.2517 -0.7408 0.6228
vn -0.2502 -0.7408 0.6234
vn -0.5758 -0.7461 0.3342
vn -0.5766 -0.7461 -0.3328
vn -0.2517 -0.7408 -0.6228
vn 0.2502 -0.7408 -0.6234
vn 0.2117 -0.8256 0.5230
vn -0.2105 -0.8256 0.5235
vn -0.4925 -0.8228 0.2836
vn -0.4932 -0.8228 -0.2824
vn -0.2117 -0.8256 -0.5230
vn 0.2105 -0.8256 -0.5235
vn 0.6251 -0.6916 -0.3618
vn 0.6260 -0.6916 0.3603
vn 0.2722 -0.6878 0.6730
vn 0.2289 0.7886 -0.5707
vn 0.2706 -0.6878 -0.6736
vn -0.2303 0.7886 -0.5702
vn -0.2722 -0.6878 -0.6730
vn 0.5305 0.7901 0.3072
vn 0.5297 0.7901 -0.3085
vn -0.2706 -0.6878 0.6736
vn -0.5305 0.7901 -0.3072
vn -0.6260 -0.6916 -0.3603
vn 0.2303 0.7886 0.5702
vn -0.6251 -0.6916 0.3618
vn -0.5297 0.7901 0.3085
vn -0.2289 0.7886 0.5707
vn -0.2071 0.9711 0.1189
vn -0.2074 0.9711 -0.1185
vn -0.0945 0.9660 -0.2405
vn 0.0939 0.9660 -0.2407
vn 0.2071 0.9711 -0.1189
vn 0.2074 0.9711 0.1185
vn 0.0945 0.9660 0.2405
vn -0.0939 0.9660 0.2407
vn 0.6003 -0.7997 -0.0007
vn 0.6417 -0.7669 -0.0008
vn -0.6003 -0.7997 0.0007
vn -0.6417 -0.7669 0.0008
vn 0.6989 -0.7153 -0.0008
vn 0.5760 0.8175 -0.0007
vn -0.6989 -0.7153 0.0008
vn -0.5760 0.8175 0.0007
vn -0.2125 0.9772 0.0003
vn 0.2125 0.9772 -0.0003
vn -0.1096 0.9940 0.0001
vn 0.1096 0.9940 -0.0001
vn -0.0000 -1.0000 -0.0000
vn 0.5627 -0.8184 0.1165
vn 0.3826 -0.8180 0.4295
vn 0.6468 -0.7508 0.1338
vn 0.4292 0.8683 -0.2486
vn 0.4298 0.8683 0.2475
vn -0.4298 0.8683 -0.2475
vn 0.0007 -0.8263 0.5632
vn 0.4403 -0.7479 0.4968
vn -0.1892 0.8633 -0.4679
vn -0.3815 -0.8180 0.4305
vn 0.0008 -0.7401 0.6725
vn -0.0280 -0.9995 0.0163
vn -0.5627 -0.8184 -0.1165
vn -0.4391 -0.7479 0.4978
vn -0.0124 -0.9994 0.0309
vn -0.3826 -0.8180 -0.4295
vn -0.6468 -0.7508 -0.1338
vn 0.0280 -0.9995 0.0162
vn -0.0007 -0.8263 -0.5632
vn -0.4403 -0.7479 -0.4968
vn 0.0280 -0.9995 -0.0163
vn 0.3815 -0.8180 -0.4305
vn -0.0008 -0.7401 -0.6725
vn 0.4391 -0.7479 -0.4978
vn 0.7028 -0.6963 0.1454
vn 0.4771 -0.6954 0.5374
vn 0.3726 -0.0271 -0.9276
vn -0.3748 -0.0271 -0.9267
vn 0.5941 0.7948 -0.1243
vn 0.8654 -0.0278 -0.5004
vn 0.0009 -0.6870 0.7266
vn -0.8666 -0.0278 -0.4983
vn 0.4001 0.7969 0.4526
vn -0.4758 -0.6954 0.5386
vn -0.8654 -0.0278 0.5004
vn 0.0007 0.7879 0.6159
vn -0.7028 -0.6963 -0.1454
vn -0.3726 -0.0271 0.9276
vn -0.3990 0.7969 0.4535
vn -0.4771 -0.6954 -0.5374
vn 0.3748 -0.0271 0.9267
vn -0.5941 0.7948 0.1243
vn -0.0009 -0.6870 -0.7266
vn 0.8666 -0.0278 0.4983
vn -0.4001 0.7969 -0.4526
vn 0.4758 -0.6954 -0.5386
vn -0.0007 0.7879 -0.6159
vn 0.3990 0.7969 -0.4535
vn -0.4292 0.8683 0.2486
vn 0.0124 -0.9994 -0.0309
vn 0.0125 -0.9994 0.0308
vn 0.1881 0.8633 -0.4684
vn -0.1881 0.8633 0.4684
vn 0.1892 0.8633 0.4679
vn -0.0280 -0.9995 -0.0162
vn -0.0125 -0.9994 -0.0308
vn -0.2298 0.9726 0.0360
vn -0.1556 0.9704 -0.1848
vn -0.0003 0.9649 -0.2626
vn 0.1552 0.9704 -0.1851
vn 0.2298 0.9726 -0.0360
vn 0.1556 0.9704 0.1848
vn 0.0003 0.9649 0.2626
vn -0.1552 0.9704 0.1851
vn -0.1052 0.9829 -0.1513
vn 0.1052 0.9829 0.1513
vn 0.5624 -0.8184 -0.1179
vn 0.6465 -0.7508 -0.1353
vn -0.5624 -0.8184 0.1179
vn -0.6465 -0.7508 0.1353
vn 0.7025 -0.6963 -0.1471
vn 0.5944 0.7948 0.1229
vn -0.7025 -0.6963 0.1471
vn -0.5944 0.7948 -0.1229
vn -0.2299 0.9726 -0.0355
vn 0.2299 0.9726 0.0355
vn -0.1048 0.9829 0.1515
vn 0.1048 0.9829 -0.1515
vn -0.0000 1.0000 -0.0000
vn 0.2032 0.9791 -0.0002
vn -0.2032 0.9791 0.0002
vn -0.0325 -0.9995 -0.0000
vn 0.0325 -0.9995 -0.0000
vn -0.9996 -0.0277 0.0012
vn 0.9996 -0.0277 -0.0012
vn 0.5029 0.8643 -0.0006
vn -0.5029 0.8643 0.0006
vn -0.6639 -0.0272 -0.7474
vn 0.3345 0.8629 -0.3787
vn -0.0012 -0.0270 -0.9996
vn -0.0000 -0.9994 0.0333
vn -0.6621 -0.0272 0.7489
vn 0.0219 -0.9995 -0.0248
vn 0.0012 -0.0270 0.9996
vn -0.4843 0.8691 -0.1002
vn 0.6639 -0.0272 0.7474
vn 0.4843 0.8691 0.1002
vn 0.9789 -0.0280 0.2026
vn -0.3354 0.8629 -0.3779
vn -0.0219 -0.9995 0.0248
vn -0.9789 -0.0280 -0.2026
vn 0.0315 -0.9995 -0.0066
vn 0.6621 -0.0272 -0.7490
vn 0.0006 0.8632 0.5049
vn -0.0315 -0.9995 0.0066
vn -0.0000 -0.9994 -0.0333
vn 0.0220 -0.9995 0.0248
vn -0.0220 -0.9995 -0.0248
vn -0.0006 0.8632 -0.5049
vn 0.3354 0.8629 0.3779
vn -0.3345 0.8629 0.3787
vn -0.1905 0.9751 0.1137
vn 0.1905 0.9751 -0.1137
vn -0.0002 0.9866 -0.1630
vn 0.0002 0.9866 0.1630
vn 0.1908 0.9751 0.1132
vn -0.1908 0.9751 -0.1132
vn -0.0315 -0.9995 -0.0065
vn 0.0315 -0.9995 0.0065
vn -0.9784 -0.0280 0.2049
vn 0.9784 -0.0280 -0.2049
vn 0.4841 0.8691 -0.1014
vn -0.4841 0.8691 0.1014
vn 0.1207 0.9526 -0.2794
vn 0.2497 0.8713 -0.4224
vn 0.3626 0.7589 -0.5409
vn -0.0622 -0.9764 0.2068
vn -0.1618 -0.9323 0.3236
vn 0.1734 0.9756 -0.1349
vn 0.3600 0.9242 -0.1278
vn 0.5282 0.8411 -0.1163
vn -0.0841 -0.9871 0.1365
vn -0.2295 -0.9641 0.1333
vn 0.1207 0.9926 0.0104
vn 0.2497 0.9532 0.1702
vn 0.3626 0.8772 0.3147
vn -0.0622 -0.9959 0.0659
vn -0.1618 -0.9851 -0.0585
vn -0.0000 0.9977 0.0680
vn -0.0000 0.9579 0.2872
vn -0.0000 0.8781 0.4786
vn -0.0000 -0.9995 0.0327
vn -0.0000 -0.9905 -0.1375
vn -0.1207 0.9926 0.0104
vn -0.2497 0.9532 0.1702
vn -0.3626 0.8772 0.3147
vn 0.0622 -0.9959 0.0659
vn 0.1618 -0.9851 -0.0585
vn -0.1734 0.9756 -0.1349
vn -0.3600 0.9242 -0.1278
vn -0.5282 0.8411 -0.1163
vn 0.0841 -0.9871 0.1365
vn 0.2295 -0.9641 0.1333
vn -0.1207 0.9526 -0.2794
vn -0.2497 0.8713 -0.4224
vn -0.3626 0.7589 -0.5409
vn 0.0622 -0.9764 0.2068
vn 0.1618 -0.9323 0.3236
vn -0.0000 -0.9906 0.1369
vn -0.0000 0.9906 -0.1369
vn -0.0000 0.9418 -0.3361
vn -0.0000 0.8440 -0.5363
vn -0.0000 0.7153 -0.6988
vn -0.0000 -0.9709 0.2397
vn -0.0000 -0.9161 0.4010
vn 0.1814 0.9201 -0.3473
vn 0.3092 0.8178 -0.4855
vn 0.6296 -0.3876 -0.6734
vn -0.1390 -0.9446 0.2975
vn 0.2604 0.9564 -0.1322
vn 0.4472 0.8860 -0.1225
vn 0.9637 -0.2645 0.0366
vn -0.1965 -0.9713 0.1343
vn -0.0792 -0.9816 0.1736
vn 0.4839 0.8013 -0.3518
vn 0.3308 0.8981 -0.2898
vn 0.1594 0.9639 -0.2133
vn -0.2116 -0.9483 0.2364
vn 0.1814 0.9798 0.0846
vn 0.3092 0.9188 0.2454
vn 0.6296 -0.1903 0.7533
vn -0.1390 -0.9898 -0.0301
vn -0.2116 -0.9769 0.0298
vn -0.0792 -0.9919 0.0992
vn 0.4839 0.8667 0.1212
vn 0.3308 0.9430 0.0353
vn 0.1594 0.9856 -0.0562
vn -0.0000 0.9853 0.1709
vn -0.0000 0.9215 0.3884
vn -0.0000 -0.1814 0.9834
vn -0.0000 -0.9951 -0.0984
vn -0.0346 -0.9986 0.0412
vn 0.1925 0.8784 0.4375
vn 0.1335 0.9570 0.2575
vn 0.0650 0.9965 0.0523
vn -0.0874 -0.9893 -0.1167
vn -0.1814 0.9798 0.0846
vn -0.3092 0.9188 0.2454
vn -0.6296 -0.1903 0.7533
vn 0.1390 -0.9898 -0.0301
vn 0.0874 -0.9893 -0.1167
vn 0.0346 -0.9986 0.0412
vn -0.1925 0.8784 0.4375
vn -0.1335 0.9570 0.2575
vn -0.0650 0.9965 0.0523
vn -0.2604 0.9564 -0.1322
vn -0.4472 0.8860 -0.1225
vn -0.9637 -0.2645 0.0366
vn 0.1965 -0.9713 0.1343
vn -0.4839 0.8667 0.1212
vn -0.3308 0.9431 0.0353
vn -0.1594 0.9856 -0.0562
vn 0.2116 -0.9769 0.0298
vn 0.0792 -0.9919 0.0992
vn -0.1814 0.9201 -0.3473
vn -0.3092 0.8178 -0.4855
vn -0.6296 -0.3876 -0.6734
vn 0.1390 -0.9446 0.2975
vn 0.1359 -0.9464 0.2932
vn 0.2116 -0.9483 0.2364
vn 0.0792 -0.9816 0.1736
vn -0.4839 0.8013 -0.3518
vn -0.3308 0.8981 -0.2898
vn -0.1594 0.9639 -0.2133
vn -0.0000 0.9729 -0.2314
vn -0.0000 0.9020 -0.4318
vn -0.0000 0.7816 -0.6238
vn -0.0000 -0.4414 -0.8973
vn -0.0000 -0.9311 0.3647
vn -0.1335 0.8513 -0.5075
vn -0.0650 0.9450 -0.3207
vn 0.0874 -0.9205 0.3807
vn 0.0346 -0.9723 0.2313
vn -0.1925 0.7267 -0.6594
vn -0.0000 -0.9331 0.3596
vn 0.0564 0.9775 -0.2031
vn -0.1359 -0.9464 0.2932
vn 0.1335 0.8513 -0.5075
vn 0.0650 0.9450 -0.3207
vn -0.0874 -0.9205 0.3807
vn -0.0346 -0.9723 0.2313
vn 0.1925 0.7267 -0.6594
vn 0.0789 0.9875 -0.1365
vn -0.1909 -0.9724 0.1344
vn 0.0564 0.9960 -0.0697
vn -0.1359 -0.9904 -0.0254
vn -0.0000 0.9992 -0.0412
vn -0.0000 -0.9957 -0.0930
vn -0.0564 0.9960 -0.0697
vn 0.1359 -0.9904 -0.0254
vn -0.0789 0.9875 -0.1365
vn 0.1909 -0.9724 0.1344
vn -0.0564 0.9775 -0.2031
vn 0.0973 0.9069 -0.4100
vn -0.0753 -0.9346 0.3476
vn 0.1649 0.7911 -0.5891
vn 0.0362 0.9694 -0.2426
vn -0.0815 -0.9256 0.3695
vn 0.3229 -0.4285 -0.8438
vn -0.1819 -0.9577 0.2229
vn 0.4106 0.8528 -0.3228
vn 0.0921 0.9789 -0.1825
vn -0.2036 -0.9505 0.2346
vn 0.8688 -0.3292 -0.3697
vn 0.2394 0.9382 -0.2499
vn -0.2036 -0.9785 0.0320
vn -0.1819 -0.9823 0.0453
vn 0.8688 -0.2166 0.4452
vn 0.2394 0.9708 -0.0141
vn 0.4106 0.9084 0.0793
vn 0.0921 0.9917 -0.0899
vn 0.3229 -0.1835 0.9285
vn 0.0973 0.9841 0.1486
vn -0.0753 -0.9939 -0.0810
vn 0.1649 0.9212 0.3523
vn 0.0362 0.9989 -0.0295
vn -0.0815 -0.9912 -0.1045
vn 0.0753 -0.9939 -0.0810
vn -0.1649 0.9212 0.3523
vn -0.0362 0.9989 -0.0295
vn 0.0815 -0.9912 -0.1045
vn -0.3229 -0.1835 0.9285
vn -0.0973 0.9841 0.1486
vn -0.4106 0.9084 0.0793
vn -0.0921 0.9917 -0.0899
vn 0.2036 -0.9785 0.0320
vn 0.1819 -0.9823 0.0453
vn -0.8688 -0.2166 0.4452
vn -0.2394 0.9708 -0.0141
vn 0.2036 -0.9505 0.2346
vn 0.1819 -0.9577 0.2229
vn -0.8688 -0.3292 -0.3697
vn -0.2394 0.9382 -0.2499
vn -0.4106 0.8528 -0.3228
vn -0.0921 0.9789 -0.1825
vn -0.0973 0.9069 -0.4100
vn 0.0753 -0.9346 0.3476
vn -0.1649 0.7911 -0.5891
vn -0.0362 0.9694 -0.2426
vn 0.0815 -0.9256 0.3695
vn -0.3230 -0.4285 -0.8438
vn -0.0292 -0.1278 0.9914
vn -0.6003 0.7997 0.0143
vn 0.7808 0.6240 0.0323
vn -0.1248 -0.9526 0.2774
vn -0.6874 -0.0342 -0.7254
vn 0.6753 -0.2076 -0.7077
vn -0.2977 -0.1094 0.9484
vn -0.6998 0.6811 -0.2154
vn 0.6245 0.7527 0.2085
vn -0.0440 -0.9534 0.2984
vn -0.4291 -0.1709 -0.8870
vn 0.8777 -0.1003 -0.4686
vn -0.5655 -0.1276 0.8148
vn -0.6469 0.6244 -0.4377
vn 0.4749 0.7993 0.3682
vn -0.0649 -0.9526 0.2971
vn -0.1231 -0.2074 -0.9705
vn 0.9839 -0.0348 -0.1753
vn -0.7447 -0.1721 0.6448
vn -0.5678 0.5404 -0.6209
vn 0.2780 0.8541 0.4396
vn -0.0449 -0.9477 0.3161
vn 0.1590 -0.2396 -0.9578
vn 0.9936 0.0699 0.0888
vn -0.8656 -0.1754 0.4690
vn -0.4140 0.5890 -0.6941
vn 0.2032 0.8220 0.5321
vn -0.1331 -0.9592 0.2493
vn 0.3466 -0.1999 -0.9165
vn 0.9555 0.0300 0.2934
vn -0.9443 -0.2285 0.2366
vn -0.2549 0.5129 -0.8197
vn -0.0077 0.8631 0.5050
vn -0.1243 -0.9533 0.2752
vn 0.5932 -0.2145 -0.7760
vn 0.8371 0.1311 0.5312
vn 0.0292 -0.1277 0.9914
vn 0.6003 0.7997 0.0143
vn -0.7808 0.6240 0.0323
vn 0.1248 -0.9526 0.2774
vn 0.6874 -0.0342 -0.7254
vn -0.6753 -0.2076 -0.7077
vn 0.2977 -0.1094 0.9484
vn 0.6998 0.6811 -0.2154
vn -0.6245 0.7527 0.2085
vn 0.0440 -0.9534 0.2984
vn 0.4291 -0.1709 -0.8870
vn -0.8777 -0.1003 -0.4686
vn 0.5655 -0.1276 0.8148
vn 0.6469 0.6244 -0.4377
vn -0.4749 0.7993 0.3682
vn 0.0649 -0.9526 0.2971
vn 0.1231 -0.2074 -0.9705
vn -0.9839 -0.0348 -0.1753
vn 0.7447 -0.1721 0.6448
vn 0.5678 0.5404 -0.6209
vn -0.2780 0.8541 0.4397
vn 0.0449 -0.9477 0.3161
vn -0.1590 -0.2396 -0.9578
vn -0.9936 0.0699 0.0888
vn 0.8656 -0.1754 0.4690
vn 0.4140 0.5890 -0.6941
vn -0.2032 0.8220 0.5321
vn 0.1331 -0.9592 0.2493
vn -0.3466 -0.1999 -0.9165
vn -0.9555 0.0300 0.2934
vn 0.9443 -0.2285 0.2366
vn 0.2549 0.5129 -0.8197
vn 0.0077 0.8631 0.5050
vn 0.1243 -0.9533 0.2752
vn -0.5932 -0.2145 -0.7760
vn -0.8371 0.1311 0.5312
vn 0.1207 -0.8899 -0.4398
vn 0.2497 -0.7852 -0.5667
vn 0.3626 -0.6540 -0.6640
vn -0.0622 0.9260 0.3725
vn -0.1618 0.8623 0.4798
vn 0.1734 -0.9376 -0.3015
vn 0.3600 -0.8882 -0.2856
vn 0.5282 -0.8084 -0.2599
vn -0.0841 0.9486 0.3050
vn -0.2295 0.9266 0.2980
vn 0.1207 -0.9795 -0.1613
vn 0.2497 -0.9683 0.0028
vn 0.3626 -0.9184 0.1583
vn -0.0622 0.9695 0.2370
vn -0.1618 0.9804 0.1127
vn -0.0000 -0.9944 -0.1055
vn -0.0000 -0.9931 0.1173
vn -0.0000 -0.9476 0.3196
vn -0.0000 0.9788 0.2050
vn -0.0000 0.9994 0.0358
vn -0.1207 -0.9795 -0.1613
vn -0.2497 -0.9683 0.0028
vn -0.3626 -0.9184 0.1583
vn 0.0622 0.9695 0.2370
vn 0.1618 0.9804 0.1127
vn -0.1734 -0.9376 -0.3015
vn -0.3600 -0.8882 -0.2856
vn -0.5282 -0.8084 -0.2599
vn 0.0841 0.9486 0.3050
vn 0.2295 0.9266 0.2980
vn -0.1207 -0.8899 -0.4398
vn -0.2497 -0.7852 -0.5667
vn -0.3626 -0.6540 -0.6640
vn 0.0622 0.9260 0.3725
vn 0.1618 0.8623 0.4798
vn -0.0000 0.9520 0.3061
vn -0.0000 -0.9520 -0.3061
vn -0.0000 -0.8695 -0.4939
vn -0.0000 -0.7386 -0.6742
vn -0.0000 -0.5837 -0.8120
vn -0.0000 0.9148 0.4039
vn -0.0000 0.8329 0.5534
vn 0.1814 -0.8462 -0.5011
vn 0.3092 -0.7215 -0.6195
vn 0.6296 0.4981 -0.5962
vn -0.1390 0.8789 0.4563
vn 0.2604 -0.9192 -0.2956
vn 0.4472 -0.8515 -0.2738
vn 0.9637 0.2542 0.0817
vn -0.1965 0.9334 0.3002
vn -0.0792 0.9368 0.3407
vn 0.4839 -0.7284 -0.4851
vn 0.3308 -0.8345 -0.4407
vn 0.1594 -0.9125 -0.3767
vn -0.2116 0.8932 0.3968
vn 0.1814 -0.9796 -0.0860
vn 0.3092 -0.9474 0.0829
vn 0.6296 0.0573 0.7748
vn -0.1390 0.9801 0.1415
vn -0.2116 0.9570 0.1982
vn -0.0792 0.9598 0.2692
vn 0.4839 -0.8746 -0.0304
vn 0.3308 -0.9350 -0.1282
vn 0.1594 -0.9610 -0.2258
vn -0.0000 -1.0000 -0.0020
vn -0.0000 -0.9748 0.2232
vn -0.0000 0.0086 1.0000
vn -0.0000 0.9972 0.0751
vn -0.0346 0.9764 0.2132
vn 0.1925 -0.9408 0.2791
vn 0.1335 -0.9871 0.0882
vn 0.0650 -0.9906 -0.1208
vn -0.0874 0.9946 0.0561
vn -0.1814 -0.9796 -0.0860
vn -0.3092 -0.9474 0.0829
vn -0.6296 0.0573 0.7748
vn 0.1390 0.9801 0.1415
vn 0.0874 0.9946 0.0561
vn 0.0346 0.9764 0.2132
vn -0.1925 -0.9408 0.2791
vn -0.1335 -0.9871 0.0882
vn -0.0650 -0.9906 -0.1208
vn -0.2604 -0.9192 -0.2956
vn -0.4472 -0.8515 -0.2738
vn -0.9637 0.2541 0.0817
vn 0.1965 0.9334 0.3002
vn -0.4839 -0.8746 -0.0304
vn -0.3308 -0.9350 -0.1282
vn -0.1594 -0.9610 -0.2258
vn 0.2116 0.9570 0.1982
vn 0.0792 0.9598 0.2692
vn -0.1814 -0.8462 -0.5011
vn -0.3092 -0.7215 -0.6195
vn -0.6296 0.4981 -0.5962
vn 0.1390 0.8789 0.4563
vn 0.1359 0.8814 0.4523
vn 0.2116 0.8932 0.3968
vn 0.0792 0.9368 0.3407
vn -0.4839 -0.7284 -0.4851
vn -0.3308 -0.8345 -0.4407
vn -0.1594 -0.9125 -0.3767
vn -0.0000 -0.9182 -0.3961
vn -0.0000 -0.8138 -0.5812
vn -0.0000 -0.6620 -0.7495
vn -0.0000 0.5899 -0.8075
vn -0.0000 0.8541 0.5202
vn -0.1335 -0.7507 -0.6470
vn -0.0650 -0.8753 -0.4792
vn 0.0874 0.8409 0.5341
vn 0.0346 0.9176 0.3959
vn -0.1925 -0.6018 -0.7751
vn -0.0000 0.8569 0.5155
vn 0.0564 -0.9277 -0.3691
vn -0.1359 0.8814 0.4523
vn 0.1335 -0.7507 -0.6470
vn 0.0650 -0.8753 -0.4792
vn -0.0874 0.8409 0.5341
vn -0.0346 0.9176 0.3959
vn 0.1925 -0.6018 -0.7751
vn 0.0789 -0.9490 -0.3052
vn -0.1909 0.9345 0.3005
vn 0.0564 -0.9689 -0.2408
vn -0.1359 0.9799 0.1462
vn -0.0000 -0.9770 -0.2133
vn -0.0000 0.9968 0.0806
vn -0.0564 -0.9689 -0.2408
vn 0.1359 0.9799 0.1462
vn -0.0789 -0.9490 -0.3052
vn 0.1909 0.9345 0.3005
vn -0.0564 -0.9277 -0.3691
vn 0.0973 -0.8224 -0.5606
vn -0.0753 0.8604 0.5040
vn 0.1649 -0.6773 -0.7169
vn 0.0362 -0.9129 -0.4065
vn -0.0815 0.8478 0.5240
vn 0.3229 0.5680 -0.7571
vn -0.1819 0.9048 0.3851
vn 0.4106 -0.7841 -0.4654
vn 0.0921 -0.9326 -0.3490
vn -0.2036 0.8956 0.3954
vn 0.8688 0.3882 -0.3073
vn 0.2394 -0.8809 -0.4083
vn -0.2036 0.9583 0.2007
vn -0.1819 0.9597 0.2144
vn 0.8688 0.1364 0.4759
vn 0.2394 -0.9538 -0.1817
vn 0.4106 -0.9084 -0.0789
vn 0.0921 -0.9612 -0.2600
vn 0.3229 0.0202 0.9462
vn 0.0973 -0.9950 -0.0238
vn -0.0753 0.9929 0.0920
vn 0.1649 -0.9683 0.1878
vn 0.0362 -0.9788 -0.2018
vn -0.0815 0.9943 0.0684
vn 0.0753 0.9929 0.0920
vn -0.1649 -0.9683 0.1878
vn -0.0362 -0.9788 -0.2018
vn 0.0815 0.9943 0.0684
vn -0.3229 0.0202 0.9462
vn -0.0973 -0.9950 -0.0238
vn -0.4106 -0.9084 -0.0789
vn -0.0921 -0.9612 -0.2600
vn 0.2036 0.9583 0.2007
vn 0.1819 0.9597 0.2144
vn -0.8688 0.1364 0.4759
vn -0.2394 -0.9538 -0.1817
vn 0.2036 0.8956 0.3954
vn 0.1819 0.9048 0.3851
vn -0.8688 0.3882 -0.3073
vn -0.2394 -0.8809 -0.4083
vn -0.4106 -0.7841 -0.4654
vn -0.0921 -0.9326 -0.3490
vn -0.0973 -0.8224 -0.5606
vn 0.0753 0.8604 0.5040
vn -0.1649 -0.6773 -0.7169
vn -0.0362 -0.9129 -0.4065
vn 0.0815 0.8478 0.5240
vn -0.3229 0.5680 -0.7571
vn -0.0292 -0.0455 0.9985
vn -0.6003 -0.7901 -0.1242
vn 0.7808 -0.6201 -0.0761
vn -0.1248 0.8903 0.4379
vn -0.6874 0.1591 -0.7086
vn 0.6753 0.3268 -0.6611
vn -0.2977 -0.0562 0.9530
vn -0.6998 -0.6336 -0.3299
vn 0.6245 -0.7774 0.0752
vn -0.0440 0.8875 0.4587
vn -0.4291 0.3217 -0.8441
vn 0.8777 0.1798 -0.4443
vn -0.5655 -0.0152 0.8246
vn -0.6469 -0.5394 -0.5390
vn 0.4749 -0.8509 0.2245
vn -0.0649 0.8869 0.4573
vn -0.1231 0.3720 -0.9200
vn 0.9839 0.0646 -0.1666
vn -0.7447 0.0580 0.6648
vn -0.5678 -0.4249 -0.7050
vn 0.2779 -0.9172 0.2854
vn -0.0449 0.8788 0.4752
vn 0.1590 0.4016 -0.9019
vn 0.9936 -0.0842 0.0753
vn -0.8656 0.0917 0.4923
vn -0.4140 -0.4601 -0.7854
vn 0.2032 -0.9016 0.3820
vn -0.1331 0.9017 0.4113
vn 0.3465 0.3553 -0.8681
vn 0.9555 -0.0803 0.2838
vn -0.9443 0.1842 0.2726
vn -0.2549 -0.3635 -0.8961
vn -0.0077 -0.9374 0.3482
vn -0.1243 0.8914 0.4359
vn 0.5932 0.3454 -0.7272
vn 0.8371 -0.2209 0.5005
vn 0.0292 -0.0456 0.9985
vn 0.6003 -0.7901 -0.1242
vn -0.7808 -0.6201 -0.0761
vn 0.1248 0.8903 0.4379
vn 0.6874 0.1591 -0.7086
vn -0.6753 0.3268 -0.6611
vn 0.2977 -0.0562 0.9530
vn 0.6998 -0.6336 -0.3299
vn -0.6245 -0.7774 0.0752
vn 0.0440 0.8875 0.4587
vn 0.4291 0.3217 -0.8441
vn -0.8777 0.1798 -0.4443
vn 0.5655 -0.0152 0.8246
vn 0.6469 -0.5394 -0.5390
vn -0.4749 -0.8509 0.2245
vn 0.0649 0.8869 0.4573
vn 0.1231 0.3720 -0.9200
vn -0.9839 0.0646 -0.1666
vn 0.7447 0.0580 0.6648
vn 0.5678 -0.4249 -0.7050
vn -0.2780 -0.9172 0.2854
vn 0.0449 0.8788 0.4752
vn -0.1590 0.4016 -0.9019
vn -0.9936 -0.0842 0.0753
vn 0.8656 0.0917 0.4923
vn 0.4140 -0.4601 -0.7854
vn -0.2032 -0.9016 0.3820
vn 0.1331 0.9017 0.4113
vn -0.3466 0.3553 -0.8681
vn -0.9555 -0.0803 0.2838
vn 0.9443 0.1842 0.2726
vn 0.2549 -0.3635 -0.8961
vn 0.0077 -0.9374 0.3482
vn 0.1243 0.8914 0.4359
vn -0.5932 0.3454 -0.7272
vn -0.8371 -0.2209 0.5005
vn -0.0000 -0.6541 -0.7564
vn -0.0000 0.9255 -0.3788
vn 0.3084 -0.6535 -0.6913
vn 0.1557 0.9164 -0.3687
vn 0.5628 -0.6523 -0.5078
vn 0.3311 0.8865 -0.3233
vn 0.7187 -0.6527 -0.2397
vn 0.5166 0.8309 -0.2066
vn 0.7519 -0.6564 0.0620
vn 0.6534 0.7570 0.0031
vn 0.6660 -0.6628 0.3424
vn 0.6717 0.6891 0.2720
vn 0.4886 -0.6697 0.5593
vn 0.5497 0.6442 0.5318
vn 0.2563 -0.6748 0.6921
vn 0.3096 0.6213 0.7199
vn -0.0000 -0.6766 0.7363
vn -0.0000 0.6145 0.7889
vn -0.2563 -0.6748 0.6921
vn -0.3096 0.6213 0.7199
vn -0.4886 -0.6697 0.5593
vn -0.5497 0.6442 0.5318
vn -0.6660 -0.6628 0.3424
vn -0.6717 0.6891 0.2720
vn -0.7519 -0.6564 0.0620
vn -0.6534 0.7570 0.0031
vn -0.7187 -0.6527 -0.2397
vn -0.5166 0.8309 -0.2066
vn -0.5628 -0.6523 -0.5078
vn -0.3311 0.8865 -0.3233
vn -0.3084 -0.6535 -0.6913
vn -0.1557 0.9164 -0.3687
vn -0.0000 0.2627 -0.9649
vn 0.3718 0.2484 -0.8945
vn 0.6952 0.2069 -0.6884
vn 0.9189 0.1436 -0.3675
vn 0.9974 0.0688 0.0217
vn 0.9125 -0.0040 0.4091
vn 0.6856 -0.0623 0.7253
vn 0.3647 -0.0989 0.9259
vn -0.0000 -0.1112 0.9938
vn -0.3647 -0.0989 0.9259
vn -0.6856 -0.0623 0.7253
vn -0.9125 -0.0040 0.4091
vn -0.9974 0.0688 0.0217
vn -0.9189 0.1436 -0.3675
vn -0.6952 0.2069 -0.6884
vn -0.3718 0.2484 -0.8945
vn -0.0000 0.6221 -0.7829
vn 0.3240 0.5986 -0.7326
vn 0.6234 0.5261 -0.5785
vn 0.8585 0.4025 -0.3179
vn 0.9710 0.2374 0.0292
vn 0.9139 0.0635 0.4009
vn 0.6955 -0.0774 0.7144
vn 0.3712 -0.1630 0.9141
vn -0.0000 -0.1911 0.9816
vn -0.3712 -0.1630 0.9141
vn -0.6955 -0.0774 0.7144
vn -0.9139 0.0635 0.4009
vn -0.9710 0.2374 0.0292
vn -0.8585 0.4025 -0.3179
vn -0.6234 0.5261 -0.5785
vn -0.3240 0.5986 -0.7326
vn 0.3560 -0.0526 -0.9330
vn 0.6738 -0.0466 -0.7374
vn 0.9060 -0.0317 -0.4220
vn 0.9997 -0.0026 -0.0240
vn 0.9227 0.0393 0.3835
vn 0.6927 0.0818 0.7166
vn 0.3665 0.1113 0.9237
vn -0.0000 0.1216 0.9926
vn -0.3665 0.1113 0.9237
vn -0.6927 0.0818 0.7166
vn -0.9227 0.0393 0.3835
vn -0.9997 -0.0026 -0.0240
vn -0.9060 -0.0317 -0.4220
vn -0.6738 -0.0466 -0.7374
vn -0.3560 -0.0526 -0.9330
vn -0.0000 -0.0542 -0.9985
vn 0.3643 -0.2775 -0.8890
vn 0.6889 -0.2120 -0.6932
vn 0.9197 -0.1082 -0.3775
vn 0.9998 0.0157 0.0122
vn 0.9084 0.1330 0.3965
vn 0.6759 0.2232 0.7024
vn 0.3568 0.2779 0.8919
vn -0.0000 0.2960 0.9552
vn -0.3568 0.2779 0.8919
vn -0.6759 0.2232 0.7024
vn -0.9084 0.1330 0.3965
vn -0.9998 0.0157 0.0122
vn -0.9197 -0.1082 -0.3775
vn -0.6889 -0.2120 -0.6932
vn -0.3643 -0.2775 -0.8890
vn -0.0000 -0.2994 -0.9541
vn -0.0000 -0.3175 -0.9483
vn 0.3475 -0.2978 -0.8891
vn 0.6660 -0.2369 -0.7073
vn 0.9059 -0.1330 -0.4020
vn 1.0000 0.0036 -0.0081
vn 0.9103 0.1444 0.3881
vn 0.6700 0.2569 0.6965
vn 0.3491 0.3251 0.8789
vn -0.0000 0.3474 0.9377
vn -0.3491 0.3251 0.8789
vn -0.6700 0.2569 0.6965
vn -0.9103 0.1444 0.3881
vn -1.0000 0.0036 -0.0081
vn -0.9059 -0.1330 -0.4020
vn -0.6660 -0.2369 -0.7073
vn -0.3475 -0.2978 -0.8891
vn -0.0000 0.1274 -0.9918
vn 0.3649 0.1191 -0.9234
vn 0.6874 0.0944 -0.7201
vn 0.9161 0.0556 -0.3970
vn 1.0000 0.0083 0.0014
vn 0.9158 -0.0383 0.3998
vn 0.6867 -0.0755 0.7230
vn 0.3643 -0.0986 0.9260
vn -0.0000 -0.1063 0.9943
vn -0.3643 -0.0986 0.9260
vn -0.6867 -0.0755 0.7230
vn -0.9158 -0.0383 0.3998
vn -1.0000 0.0083 0.0014
vn -0.9161 0.0556 -0.3970
vn -0.6874 0.0944 -0.7201
vn -0.3649 0.1191 -0.9234
vn 0.3802 -0.0033 -0.9249
vn 0.7073 -0.0020 -0.7069
vn 0.9278 0.0012 -0.3731
vn 0.9997 0.0067 0.0236
vn 0.9108 0.0138 0.4126
vn 0.6843 0.0207 0.7289
vn 0.3647 0.0255 0.9308
vn -0.0000 0.0273 0.9996
vn -0.3647 0.0255 0.9308
vn -0.6843 0.0207 0.7289
vn -0.9108 0.0138 0.4126
vn -0.9997 0.0067 0.0236
vn -0.9278 0.0012 -0.3731
vn -0.7073 -0.0020 -0.7069
vn -0.3802 -0.0033 -0.9249
vn -0.0000 -0.0036 -1.0000
vn 0.0833 -0.0777 -0.9935
vn 0.2506 -0.4114 -0.8763
vn -0.5569 -0.4635 -0.6892
vn 0.0403 -0.1057 -0.9936
vn -0.4005 -0.6924 -0.6002
vn 0.2393 -0.4200 -0.8754
vn -0.2678 -0.8708 -0.4123
vn 0.4085 -0.6666 -0.6236
vn -0.1792 -0.9717 -0.1539
vn 0.5219 -0.8071 -0.2762
vn -0.1481 -0.9797 0.1354
vn 0.5617 -0.8195 0.1133
vn -0.1792 -0.8935 0.4118
vn 0.5219 -0.7019 0.4848
vn -0.2678 -0.7263 0.6331
vn 0.4085 -0.4724 0.7810
vn -0.4005 -0.5035 0.7656
vn 0.2393 -0.1667 0.9565
vn -0.5569 -0.2591 0.7891
vn 0.0403 0.1678 0.9850
vn -0.7134 -0.0303 0.7001
vn -0.1578 0.4800 0.8629
vn -0.8460 0.1482 0.5122
vn -0.3252 0.7227 0.6099
vn -0.9346 0.2491 0.2538
vn -0.4367 0.8598 0.2647
vn -0.9657 0.2570 -0.0355
vn -0.4758 0.8713 -0.1205
vn -0.9346 0.1709 -0.3119
vn -0.4367 0.7557 -0.4881
vn -0.8460 0.0037 -0.5332
vn -0.3252 0.5301 -0.7831
vn -0.7134 -0.2191 -0.6657
vn -0.1578 0.2279 -0.9608
vn 0.3929 -0.6760 -0.6234
vn 0.4881 -0.8286 -0.2741
vn 0.5214 -0.8452 0.1169
vn 0.4881 -0.7232 0.4887
vn 0.3929 -0.4815 0.7835
vn 0.2506 -0.1583 0.9551
vn 0.0833 0.1947 0.9773
vn -0.0827 0.5219 0.8490
vn -0.2220 0.7739 0.5931
vn -0.3142 0.9158 0.2503
vn -0.3464 0.9293 -0.1285
vn -0.3142 0.8135 -0.4894
vn -0.2220 0.5840 -0.7808
vn -0.0827 0.2719 -0.9587
vn 0.6565 0.1464 -0.7399
vn 0.5584 0.4094 -0.7215
vn 0.4754 0.6462 -0.5970
vn 0.4204 0.8205 -0.3874
vn 0.4012 0.9073 -0.1254
vn 0.4204 0.8948 0.1503
vn 0.4754 0.7839 0.3993
vn 0.5584 0.5898 0.5834
vn 0.6566 0.3417 0.6725
vn 0.7542 0.0789 0.6519
vn 0.8358 -0.1564 0.5263
vn 0.8894 -0.3290 0.3173
vn 0.9080 -0.4149 0.0574
vn 0.8894 -0.4028 -0.2162
vn 0.8358 -0.2934 -0.4641
vn 0.7542 -0.1009 -0.6489
vn -0.0833 -0.0777 -0.9935
vn -0.2506 -0.4114 -0.8763
vn 0.5569 -0.4635 -0.6892
vn -0.0403 -0.1057 -0.9936
vn 0.4005 -0.6924 -0.6002
vn -0.2393 -0.4200 -0.8754
vn 0.2678 -0.8708 -0.4123
vn -0.4085 -0.6666 -0.6236
vn 0.1792 -0.9717 -0.1539
vn -0.5219 -0.8071 -0.2762
vn 0.1481 -0.9797 0.1354
vn -0.5617 -0.8195 0.1133
vn 0.1792 -0.8935 0.4118
vn -0.5219 -0.7019 0.4848
vn 0.2678 -0.7263 0.6331
vn -0.4085 -0.4724 0.7810
vn 0.4005 -0.5035 0.7656
vn -0.2393 -0.1667 0.9565
vn 0.5569 -0.2591 0.7891
vn -0.0403 0.1678 0.9850
vn 0.7134 -0.0303 0.7001
vn 0.1578 0.4800 0.8629
vn 0.8460 0.1482 0.5122
vn 0.3252 0.7227 0.6099
vn 0.9346 0.2491 0.2538
vn 0.4367 0.8598 0.2647
vn 0.9657 0.2570 -0.0355
vn 0.4758 0.8713 -0.1205
vn 0.9346 0.1709 -0.3119
vn 0.4367 0.7557 -0.4881
vn 0.8460 0.0037 -0.5332
vn 0.3252 0.5301 -0.7831
vn 0.7134 -0.2191 -0.6657
vn 0.1578 0.2279 -0.9608
vn -0.3929 -0.6760 -0.6234
vn -0.4881 -0.8286 -0.2741
vn -0.5214 -0.8452 0.1169
vn -0.4881 -0.7232 0.4887
vn -0.3929 -0.4815 0.7835
vn -0.2506 -0.1583 0.9551
vn -0.0833 0.1948 0.9773
vn 0.0827 0.5219 0.8490
vn 0.2220 0.7739 0.5931
vn 0.3142 0.9158 0.2503
vn 0.3464 0.9293 -0.1285
vn 0.3142 0.8135 -0.4894
vn 0.2220 0.5840 -0.7808
vn 0.0827 0.2719 -0.9587
vn -0.6566 0.1464 -0.7399
vn -0.5584 0.4094 -0.7215
vn -0.4754 0.6462 -0.5970
vn -0.4204 0.8205 -0.3874
vn -0.4012 0.9073 -0.1254
vn -0.4204 0.8948 0.1503
vn -0.4754 0.7839 0.3993
vn -0.5584 0.5898 0.5833
vn -0.6565 0.3417 0.6725
vn -0.7542 0.0789 0.6519
vn -0.8358 -0.1564 0.5263
vn -0.8894 -0.3290 0.3173
vn -0.9080 -0.4149 0.0574
vn -0.8894 -0.4028 -0.2162
vn -0.8358 -0.2934 -0.4641
vn -0.7542 -0.1009 -0.6489
vn 0.3912 0.9188 -0.0516
vn -0.6245 0.7623 -0.1702
vn 0.3865 0.9221 0.0168
vn -0.6386 0.7689 -0.0325
vn -0.1301 0.9681 -0.2141
vn -0.1567 0.9849 0.0733
vn -0.0199 -0.9629 0.2693
vn 0.0191 -0.9881 -0.1529
vn 0.1211 -0.9740 -0.1913
vn 0.2570 -0.9438 -0.2076
vn 0.2046 -0.9099 0.3609
vn 0.0736 -0.9433 0.3237
vn 0.6072 0.7886 -0.0973
vn 0.3620 0.9320 -0.0190
vn -0.4682 0.8508 -0.2383
vn -0.6181 0.7797 -0.0998
vn 0.2117 0.9727 0.0954
vn 0.2357 0.9574 -0.1670
vn -0.4951 0.8674 0.0501
vn -0.1249 0.9898 -0.0681
vn 0.0412 -0.9971 0.0633
vn 0.2964 -0.9297 -0.2188
vn 0.1946 -0.9779 0.0763
vn -0.0991 -0.9473 0.3047
vn -0.0522 -0.9776 -0.2038
vn 0.2414 -0.8941 0.3773
vn 0.1254 -0.9896 0.0706
vn -0.1882 0.1352 0.9728
vn -0.7811 -0.2458 0.5740
vn 0.6736 -0.0606 0.7366
vn -0.6667 -0.3196 -0.6733
vn -0.0063 0.0175 -0.9998
vn 0.7957 -0.1390 -0.5895
vn -0.3533 0.9345 -0.0432
vn 0.6034 0.7915 -0.0976
vn -0.4237 0.9014 -0.0889
vn 0.1845 0.9821 -0.0387
vn 0.3756 -0.9224 0.0897
vn -0.1325 -0.9901 0.0469
vn -0.4358 -0.0343 0.8994
vn 0.1706 0.0693 0.9829
vn -0.2649 -0.1449 -0.9533
vn 0.3476 -0.0452 -0.9366
vn -0.9193 -0.3883 -0.0640
vn 0.9896 -0.1078 0.0950
vn -0.3453 0.9385 0.0027
vn 0.1326 0.9753 -0.1768
vn 0.1525 0.9876 0.0376
vn 0.0199 -0.9629 0.2693
vn -0.0191 -0.9881 -0.1529
vn -0.1211 -0.9740 -0.1913
vn -0.2570 -0.9438 -0.2076
vn -0.2045 -0.9099 0.3609
vn -0.0736 -0.9433 0.3237
vn -0.2844 0.9584 -0.0232
vn 0.4690 0.8612 -0.1959
vn 0.5462 0.8330 -0.0882
vn -0.2128 0.9753 0.0594
vn -0.2299 0.9645 -0.1298
vn 0.4886 0.8724 0.0101
vn 0.1226 0.9903 -0.0655
vn -0.0412 -0.9971 0.0633
vn -0.2964 -0.9297 -0.2188
vn -0.1946 -0.9779 0.0763
vn 0.0991 -0.9473 0.3047
vn 0.0522 -0.9776 -0.2038
vn -0.2414 -0.8941 0.3773
vn -0.1254 -0.9896 0.0706
vn 0.1882 0.1352 0.9728
vn 0.7965 -0.2324 0.5582
vn -0.6637 -0.0444 0.7467
vn 0.6855 -0.3046 -0.6612
vn 0.0063 0.0175 -0.9998
vn -0.7870 -0.1244 -0.6043
vn 0.4130 0.9068 -0.0845
vn -0.1768 0.9835 -0.0369
vn -0.3756 -0.9224 0.0897
vn 0.1325 -0.9901 0.0469
vn 0.4358 -0.0343 0.8994
vn -0.1706 0.0693 0.9829
vn 0.2649 -0.1449 -0.9533
vn -0.3476 -0.0452 -0.9366
vn 0.9572 -0.2776 -0.0815
vn -0.9962 -0.0215 0.0850
vt 0.113373 0.850519
vt 0.117441 0.850419
vt 0.117290 0.856653
vt 0.113223 0.856726
vt 0.121509 0.850319
vt 0.121357 0.856580
vt 0.121253 0.865363
vt 0.117186 0.865398
vt 0.113119 0.865433
vt 0.925041 0.775031
vt 0.881678 0.780367
vt 0.881219 0.769235
vt 0.924713 0.767058
vt 0.881179 0.756840
vt 0.924685 0.758180
vt 0.125256 0.763683
vt 0.123917 0.756321
vt 0.126939 0.754843
vt 0.128486 0.763348
vt 0.124219 0.772093
vt 0.127287 0.773063
vt 0.117177 0.875239
vt 0.113111 0.875231
vt 0.121244 0.875247
vt 0.121335 0.884691
vt 0.117268 0.884642
vt 0.113201 0.884593
vt 0.881578 0.745115
vt 0.924970 0.749782
vt 0.882341 0.735849
vt 0.925517 0.743146
vt 0.817599 0.780195
vt 0.822648 0.790884
vt 0.821150 0.792132
vt 0.815789 0.780780
vt 0.831374 0.798579
vt 0.830416 0.800304
vt 0.829459 0.802029
vt 0.819652 0.793380
vt 0.813978 0.781366
vt 0.224645 0.747639
vt 0.220583 0.747576
vt 0.221189 0.740208
vt 0.225249 0.740303
vt 0.216521 0.747513
vt 0.217130 0.740113
vt 0.205342 0.893212
vt 0.201943 0.892944
vt 0.199542 0.885984
vt 0.202952 0.886283
vt 0.208742 0.893480
vt 0.206362 0.886581
vt 0.813186 0.875335
vt 0.852208 0.868804
vt 0.856105 0.877158
vt 0.815977 0.881318
vt 0.857896 0.891598
vt 0.857672 0.898463
vt 0.817099 0.896577
vt 0.817259 0.891661
vt 0.874890 0.784080
vt 0.877393 0.773627
vt 0.879286 0.773805
vt 0.876628 0.784906
vt 0.876689 0.761685
vt 0.878538 0.761124
vt 0.880387 0.760564
vt 0.881179 0.773985
vt 0.878366 0.785733
vt 0.224360 0.766737
vt 0.220297 0.766757
vt 0.220266 0.756900
vt 0.224329 0.756923
vt 0.216234 0.766778
vt 0.216202 0.756878
vt 0.856105 0.906019
vt 0.815977 0.901989
vt 0.852208 0.914329
vt 0.813186 0.907941
vt 0.092778 0.785716
vt 0.097993 0.787579
vt 0.096989 0.790954
vt 0.090964 0.788803
vt 0.088983 0.782894
vt 0.086580 0.785543
vt 0.225249 0.781906
vt 0.221189 0.781992
vt 0.220662 0.775609
vt 0.224723 0.775550
vt 0.217130 0.782079
vt 0.216600 0.775668
vt 0.955850 0.904906
vt 0.913176 0.910368
vt 0.913354 0.899371
vt 0.955977 0.897030
vt 0.913417 0.886997
vt 0.956023 0.888167
vt 0.101981 0.747696
vt 0.101259 0.743571
vt 0.108704 0.743571
vt 0.108058 0.747696
vt 0.113918 0.745434
vt 0.109363 0.740113
vt 0.115387 0.742265
vt 0.117713 0.748255
vt 0.119771 0.745524
vt 0.217336 0.881795
vt 0.221388 0.881768
vt 0.221484 0.887194
vt 0.217431 0.887197
vt 0.225440 0.881741
vt 0.225536 0.887191
vt 0.225776 0.893069
vt 0.221722 0.893046
vt 0.217669 0.893024
vt 0.913354 0.875172
vt 0.955977 0.879697
vt 0.913176 0.865704
vt 0.955850 0.872916
vt 0.105438 0.787579
vt 0.113480 0.785040
vt 0.114881 0.788021
vt 0.105590 0.790954
vt 0.093216 0.746110
vt 0.095416 0.749768
vt 0.089150 0.777145
vt 0.085540 0.779650
vt 0.082779 0.774829
vt 0.086897 0.773210
vt 0.920898 0.848287
vt 0.914521 0.806080
vt 0.923301 0.806465
vt 0.927187 0.848562
vt 0.937913 0.806500
vt 0.944736 0.806380
vt 0.942539 0.848502
vt 0.937652 0.848587
vt 0.819398 0.757800
vt 0.816895 0.768253
vt 0.815040 0.768099
vt 0.817699 0.756998
vt 0.813186 0.767945
vt 0.816000 0.756197
vt 0.206143 0.875062
vt 0.202732 0.874713
vt 0.203478 0.869303
vt 0.206885 0.869675
vt 0.199321 0.874364
vt 0.200070 0.868930
vt 0.201943 0.863059
vt 0.205342 0.863456
vt 0.208742 0.863854
vt 0.952095 0.806080
vt 0.947810 0.848287
vt 0.931036 0.806563
vt 0.932727 0.848633
vt 0.865571 0.795533
vt 0.870636 0.790926
vt 0.872110 0.792177
vt 0.866731 0.797069
vt 0.873584 0.793427
vt 0.867892 0.798605
vt 0.767929 0.899715
vt 0.776043 0.893109
vt 0.778494 0.900365
vt 0.772262 0.905497
vt 0.784157 0.886502
vt 0.784662 0.895055
vt 0.782868 0.902542
vt 0.779821 0.907446
vt 0.776194 0.910745
vt 0.117441 0.892171
vt 0.113373 0.892089
vt 0.121509 0.892252
vt 0.221722 0.863166
vt 0.225776 0.863059
vt 0.225469 0.870071
vt 0.221416 0.870149
vt 0.217669 0.863274
vt 0.217364 0.870226
vt 0.086589 0.751530
vt 0.082478 0.759057
vt 0.079064 0.758004
vt 0.083814 0.749307
vt 0.091470 0.743046
vt 0.828717 0.746346
vt 0.823652 0.750953
vt 0.822217 0.749728
vt 0.827595 0.744835
vt 0.820781 0.748503
vt 0.826473 0.743325
vt 0.871640 0.750996
vt 0.873177 0.749773
vt 0.862914 0.743300
vt 0.863910 0.741601
vt 0.864906 0.739901
vt 0.874713 0.748550
vt 0.842318 0.802185
vt 0.842038 0.804133
vt 0.852653 0.802185
vt 0.853014 0.804133
vt 0.853374 0.806080
vt 0.841758 0.806080
vt 0.851970 0.739695
vt 0.852289 0.737772
vt 0.841635 0.739695
vt 0.841313 0.737772
vt 0.840991 0.735849
vt 0.852607 0.735849
vt 0.120107 0.779620
vt 0.122538 0.781760
vt 0.100762 0.740113
vt 0.081440 0.767467
vt 0.079412 0.776224
vt 0.077865 0.767719
vt 0.091961 0.779794
vt 0.111957 0.781545
vt 0.117367 0.777121
vt 0.120722 0.770976
vt 0.090007 0.754192
vt 0.086651 0.760336
vt 0.121569 0.764112
vt 0.120476 0.758103
vt 0.085804 0.767201
vt 0.118223 0.754167
vt 0.121157 0.751500
vt 0.115412 0.751519
vt 0.099315 0.783617
vt 0.105392 0.783617
vt 0.112315 0.749216
vt 0.521293 0.804596
vt 0.540258 0.782571
vt 0.563699 0.802301
vt 0.551936 0.830022
vt 0.557730 0.762643
vt 0.571157 0.775291
vt 0.581918 0.794087
vt 0.587139 0.822786
vt 0.583093 0.855571
vt 0.479430 0.855070
vt 0.461628 0.877375
vt 0.438679 0.857763
vt 0.449642 0.829850
vt 0.445730 0.897682
vt 0.432304 0.885034
vt 0.421542 0.866237
vt 0.416321 0.837539
vt 0.420367 0.804754
vt 0.467980 0.802525
vt 0.500156 0.829784
vt 0.436395 0.775408
vt 0.462230 0.754280
vt 0.491505 0.779376
vt 0.541231 0.906045
vt 0.510074 0.880496
vt 0.533316 0.857280
vt 0.567066 0.884917
vt 0.509876 0.915943
vt 0.485297 0.896831
vt 0.480852 0.915943
vt 0.460523 0.908682
vt 0.493585 0.744382
vt 0.517081 0.763233
vt 0.522608 0.744382
vt 0.542938 0.751642
vt 0.095059 0.782097
vt 0.834232 0.742339
vt 0.833452 0.740580
vt 0.832671 0.738822
vt 0.751701 0.912927
vt 0.759815 0.906321
vt 0.765975 0.910558
vt 0.759539 0.915509
vt 0.772244 0.913615
vt 0.766942 0.915509
vt 0.860056 0.799540
vt 0.860875 0.801324
vt 0.861694 0.803108
vt 0.857672 0.884731
vt 0.817099 0.886742
vt 0.202340 0.880163
vt 0.205753 0.880488
vt 0.198928 0.879838
vt 0.221338 0.876300
vt 0.217286 0.876351
vt 0.225390 0.876249
vt 0.123750 0.749273
vt 0.082602 0.781794
vt 0.743124 0.883720
vt 0.746171 0.878816
vt 0.747498 0.885897
vt 0.741331 0.891207
vt 0.749798 0.875516
vt 0.753731 0.880765
vt 0.758063 0.886547
vt 0.749949 0.893153
vt 0.741835 0.899759
vt 0.753748 0.872647
vt 0.760017 0.875704
vt 0.759050 0.870753
vt 0.766453 0.870753
vt 0.774291 0.873335
vt 0.766177 0.879941
vt 0.754224 0.900273
vt 0.745451 0.907415
vt 0.762996 0.893131
vt 0.771768 0.885989
vt 0.780541 0.878846
vt 0.882341 0.788394
vt 0.925517 0.780780
vt 0.413463 0.805068
vt 0.408268 0.804033
vt 0.408289 0.793703
vt 0.413463 0.791967
vt 0.402506 0.802931
vt 0.402668 0.795535
vt 0.400228 0.788942
vt 0.405067 0.784370
vt 0.409401 0.780116
vt 0.160188 0.823890
vt 0.160188 0.807789
vt 0.167355 0.808913
vt 0.167374 0.821358
vt 0.165303 0.792762
vt 0.171326 0.797303
vt 0.178628 0.802789
vt 0.175966 0.810165
vt 0.176111 0.818106
vt 0.420541 0.806581
vt 0.417584 0.805933
vt 0.417584 0.790530
vt 0.420541 0.789465
vt 0.412808 0.776595
vt 0.415234 0.773980
vt 0.396496 0.801820
vt 0.397939 0.797043
vt 0.387668 0.800238
vt 0.395155 0.793583
vt 0.191589 0.812549
vt 0.183113 0.815383
vt 0.181695 0.810933
vt 0.184464 0.807160
vt 0.529306 0.804204
vt 0.526999 0.804821
vt 0.526999 0.787626
vt 0.529306 0.788103
vt 0.452305 0.785928
vt 0.450545 0.786108
vt 0.450079 0.769671
vt 0.451816 0.768686
vt 0.448777 0.756338
vt 0.450450 0.754700
vt 0.532462 0.771577
vt 0.534421 0.773076
vt 0.174889 0.781160
vt 0.178724 0.788319
vt 0.187382 0.774628
vt 0.188388 0.783290
vt 0.189492 0.793866
vt 0.183270 0.796934
vt 0.403856 0.766322
vt 0.405287 0.762564
vt 0.401788 0.771379
vt 0.391865 0.766981
vt 0.392189 0.761151
vt 0.392322 0.756818
vt 0.393448 0.789123
vt 0.396051 0.783866
vt 0.389366 0.789246
vt 0.390396 0.781578
vt 0.186254 0.802675
vt 0.190296 0.802370
vt 0.542699 0.759185
vt 0.544006 0.761473
vt 0.416348 0.772703
vt 0.405914 0.760728
vt 0.392313 0.754700
vt 0.556042 0.752210
vt 0.556500 0.754942
vt 0.399078 0.777462
vt 0.391247 0.774018
vt 0.194331 0.800554
vt 0.197193 0.803818
vt 0.196212 0.793536
vt 0.202340 0.796564
vt 0.198870 0.783030
vt 0.200938 0.774321
vt 0.213492 0.780111
vt 0.208565 0.787527
vt 0.570520 0.751881
vt 0.570055 0.754634
vt 0.378255 0.757790
vt 0.377557 0.755720
vt 0.365227 0.765149
vt 0.363891 0.763439
vt 0.583927 0.758066
vt 0.582609 0.760425
vt 0.382758 0.774580
vt 0.381098 0.767725
vt 0.384325 0.781795
vt 0.378770 0.785152
vt 0.374905 0.779043
vt 0.371128 0.773357
vt 0.379530 0.762025
vt 0.367806 0.768648
vt 0.385489 0.787717
vt 0.382520 0.791351
vt 0.594164 0.769993
vt 0.592194 0.771592
vt 0.355281 0.777939
vt 0.353457 0.776856
vt 0.349822 0.794092
vt 0.347731 0.793800
vt 0.599782 0.785713
vt 0.597454 0.786313
vt 0.368887 0.786744
vt 0.363515 0.783146
vt 0.374359 0.790536
vt 0.372160 0.797572
vt 0.365613 0.796500
vt 0.359337 0.795509
vt 0.223077 0.791279
vt 0.215991 0.796145
vt 0.228337 0.805999
vt 0.220037 0.807532
vt 0.209644 0.809302
vt 0.207211 0.801962
vt 0.358855 0.780158
vt 0.353943 0.794694
vt 0.378725 0.793649
vt 0.378627 0.798664
vt 0.201197 0.805813
vt 0.201115 0.810657
vt 0.228337 0.822100
vt 0.220059 0.819981
vt 0.223222 0.837127
vt 0.216084 0.831587
vt 0.207128 0.824619
vt 0.209825 0.817275
vt 0.353943 0.810097
vt 0.349822 0.811208
vt 0.359337 0.808609
vt 0.363399 0.820460
vt 0.358719 0.824032
vt 0.355130 0.826693
vt 0.377118 0.803445
vt 0.371991 0.804968
vt 0.379968 0.806902
vt 0.374437 0.811561
vt 0.202828 0.815371
vt 0.199763 0.818879
vt 0.599782 0.802909
vt 0.597454 0.802414
vt 0.347731 0.811755
vt 0.353299 0.827999
vt 0.594319 0.818958
vt 0.592340 0.817441
vt 0.365592 0.806831
vt 0.368814 0.816164
vt 0.367671 0.834305
vt 0.365077 0.838109
vt 0.371012 0.829198
vt 0.380935 0.833596
vt 0.379338 0.839476
vt 0.378042 0.843855
vt 0.381609 0.811365
vt 0.378608 0.816637
vt 0.385758 0.811238
vt 0.384269 0.818925
vt 0.198269 0.823629
vt 0.193931 0.823669
vt 0.202521 0.830505
vt 0.196263 0.833542
vt 0.208691 0.840575
vt 0.213637 0.848730
vt 0.201143 0.855261
vt 0.199022 0.845600
vt 0.584082 0.831350
vt 0.582754 0.829043
vt 0.363733 0.839974
vt 0.377334 0.846001
vt 0.570739 0.838325
vt 0.570261 0.835575
vt 0.374802 0.823072
vt 0.382634 0.826516
vt 0.190191 0.825749
vt 0.187034 0.822221
vt 0.189579 0.833903
vt 0.183416 0.830844
vt 0.188545 0.845864
vt 0.187588 0.855568
vt 0.175034 0.849778
vt 0.178846 0.841363
vt 0.556261 0.838654
vt 0.556705 0.835882
vt 0.392109 0.842883
vt 0.392090 0.844982
vt 0.405136 0.835524
vt 0.405756 0.837263
vt 0.542854 0.832469
vt 0.544151 0.830092
vt 0.391122 0.825954
vt 0.391702 0.832852
vt 0.390334 0.818708
vt 0.395895 0.815350
vt 0.398976 0.821491
vt 0.401672 0.827220
vt 0.391997 0.838602
vt 0.403721 0.831979
vt 0.389568 0.812770
vt 0.392604 0.809133
vt 0.404993 0.813789
vt 0.409285 0.817430
vt 0.400300 0.809967
vt 0.165448 0.838610
vt 0.171423 0.832749
vt 0.178579 0.825478
vt 0.412672 0.820469
vt 0.415083 0.822734
vt 0.396332 0.806838
vt 0.183326 0.820491
vt 0.532617 0.820542
vt 0.534566 0.818924
vt 0.450450 0.819761
vt 0.448777 0.818360
vt 0.450079 0.803198
vt 0.451816 0.803856
vt 0.559173 0.177250
vt 0.569941 0.170625
vt 0.569941 0.181412
vt 0.336652 0.298287
vt 0.336652 0.287162
vt 0.346312 0.288811
vt 0.399159 0.244290
vt 0.399159 0.230359
vt 0.400014 0.230262
vt 0.400014 0.244193
vt 0.364252 0.254211
vt 0.364252 0.265070
vt 0.363520 0.265155
vt 0.363520 0.254297
vt 0.370678 0.242155
vt 0.370678 0.253812
vt 0.369709 0.253696
vt 0.369709 0.242039
vt 0.510128 0.281934
vt 0.504889 0.270974
vt 0.515836 0.270974
vt 0.552540 0.181412
vt 0.548523 0.169798
vt 0.559173 0.169798
vt 0.398189 0.216853
vt 0.398189 0.203036
vt 0.399141 0.202952
vt 0.399141 0.216770
vt 0.514950 0.268645
vt 0.514950 0.258662
vt 0.515720 0.258413
vt 0.515720 0.268396
vt 0.539655 0.093768
vt 0.539655 0.104490
vt 0.538708 0.104613
vt 0.538708 0.093891
vt 0.516427 0.282992
vt 0.516427 0.271292
vt 0.526464 0.275386
vt 0.474824 0.271688
vt 0.465038 0.263244
vt 0.474824 0.258413
vt 0.397191 0.229922
vt 0.397191 0.216728
vt 0.398169 0.216670
vt 0.398169 0.229864
vt 0.511736 0.115289
vt 0.511736 0.107109
vt 0.512551 0.106747
vt 0.512551 0.114927
vt 0.371902 0.225182
vt 0.371902 0.238287
vt 0.370988 0.238367
vt 0.370988 0.225261
vt 0.465038 0.283256
vt 0.465052 0.272338
vt 0.475123 0.275461
vt 0.484883 0.271310
vt 0.474825 0.262621
vt 0.484883 0.258413
vt 0.397201 0.242315
vt 0.397201 0.229922
vt 0.398169 0.229949
vt 0.398169 0.242342
vt 0.465038 0.271688
vt 0.475109 0.274812
vt 0.398158 0.202948
vt 0.398158 0.216670
vt 0.397191 0.216653
vt 0.397191 0.202931
vt 0.356519 0.296396
vt 0.356519 0.285494
vt 0.366599 0.288933
vt 0.543600 0.181782
vt 0.537635 0.169799
vt 0.548523 0.169799
vt 0.398180 0.255042
vt 0.398180 0.244181
vt 0.399141 0.244262
vt 0.399141 0.255123
vt 0.389038 0.268831
vt 0.389038 0.258761
vt 0.389734 0.259032
vt 0.389734 0.269102
vt 0.398173 0.175006
vt 0.398173 0.189013
vt 0.397196 0.188967
vt 0.397196 0.174960
vt 0.583552 0.047929
vt 0.573623 0.047929
vt 0.575986 0.037893
vt 0.400055 0.282694
vt 0.390049 0.273546
vt 0.400055 0.270362
vt 0.397201 0.253701
vt 0.397201 0.242497
vt 0.398160 0.242342
vt 0.398160 0.253545
vt 0.516023 0.269273
vt 0.516023 0.258413
vt 0.516701 0.258505
vt 0.516701 0.269365
vt 0.399150 0.189039
vt 0.399150 0.202952
vt 0.398189 0.202927
vt 0.398189 0.189015
vt 0.484883 0.283616
vt 0.475342 0.276628
vt 0.484883 0.271310
vt 0.493929 0.284135
vt 0.484883 0.277044
vt 0.493929 0.271326
vt 0.390763 0.236114
vt 0.389786 0.236096
vt 0.389786 0.223242
vt 0.390763 0.223260
vt 0.389032 0.237357
vt 0.389783 0.237294
vt 0.389783 0.248194
vt 0.389032 0.248256
vt 0.370066 0.211508
vt 0.370988 0.211490
vt 0.370988 0.225444
vt 0.370066 0.225461
vt 0.325403 0.282963
vt 0.336155 0.276611
vt 0.336155 0.287472
vt 0.335281 0.287472
vt 0.335281 0.297834
vt 0.325403 0.296022
vt 0.400101 0.230262
vt 0.399159 0.230144
vt 0.399159 0.216670
vt 0.400101 0.216788
vt 0.372699 0.263087
vt 0.371938 0.262969
vt 0.371938 0.252216
vt 0.372699 0.252334
vt 0.371936 0.211483
vt 0.372707 0.211517
vt 0.372707 0.225401
vt 0.371936 0.225367
vt 0.504723 0.294212
vt 0.494645 0.286708
vt 0.504723 0.283188
vt 0.571192 0.115512
vt 0.566447 0.102633
vt 0.575225 0.102633
vt 0.399141 0.244181
vt 0.398287 0.244108
vt 0.398287 0.230122
vt 0.399141 0.230195
vt 0.549310 0.191314
vt 0.548523 0.191035
vt 0.548523 0.181412
vt 0.549310 0.181691
vt 0.540502 0.104042
vt 0.541323 0.104291
vt 0.541323 0.116062
vt 0.540502 0.115813
vt 0.442927 0.286436
vt 0.453016 0.293998
vt 0.442991 0.296509
vt 0.528162 0.183585
vt 0.528162 0.169799
vt 0.537635 0.173402
vt 0.538708 0.106524
vt 0.537888 0.106240
vt 0.537888 0.093768
vt 0.538708 0.094053
vt 0.452952 0.294711
vt 0.442927 0.297221
vt 0.371905 0.238459
vt 0.371905 0.251334
vt 0.370988 0.251242
vt 0.400256 0.286820
vt 0.410337 0.293789
vt 0.400256 0.296804
vt 0.527410 0.107771
vt 0.517811 0.098086
vt 0.527410 0.093765
vt 0.372707 0.237411
vt 0.371902 0.237063
vt 0.371902 0.225401
vt 0.372707 0.225748
vt 0.410352 0.294509
vt 0.400270 0.297524
vt 0.399150 0.203001
vt 0.400101 0.203007
vt 0.400101 0.216670
vt 0.399150 0.216665
vt 0.493929 0.295101
vt 0.483851 0.287664
vt 0.493929 0.284135
vt 0.458549 0.086127
vt 0.448848 0.076923
vt 0.458549 0.072739
vt 0.500509 0.083204
vt 0.501344 0.083507
vt 0.501344 0.094247
vt 0.500509 0.093944
vt 0.328786 0.227503
vt 0.329514 0.227717
vt 0.329514 0.237593
vt 0.328786 0.237379
vt 0.364999 0.164631
vt 0.365943 0.164588
vt 0.365943 0.178063
vt 0.364999 0.178107
vt 0.531252 0.879720
vt 0.534535 0.867935
vt 0.539154 0.872043
vt 0.536585 0.881344
vt 0.544174 0.876137
vt 0.542479 0.882848
vt 0.544622 0.864685
vt 0.548196 0.870997
vt 0.541450 0.858582
vt 0.155511 0.811050
vt 0.147953 0.812476
vt 0.143798 0.800207
vt 0.150113 0.795190
vt 0.136180 0.790518
vt 0.140276 0.782635
vt 0.136186 0.806334
vt 0.131217 0.800262
vt 0.138713 0.814244
vt 0.412715 0.863438
vt 0.414270 0.847047
vt 0.417444 0.849175
vt 0.416045 0.863926
vt 0.526999 0.878134
vt 0.530859 0.864277
vt 0.538990 0.853280
vt 0.528223 0.861418
vt 0.537258 0.849198
vt 0.548399 0.879341
vt 0.548605 0.884157
vt 0.557580 0.885752
vt 0.551972 0.877179
vt 0.122403 0.817336
vt 0.127251 0.808178
vt 0.131105 0.810476
vt 0.131275 0.815684
vt 0.524629 0.791364
vt 0.519230 0.775504
vt 0.521234 0.774006
vt 0.526999 0.790945
vt 0.410792 0.863196
vt 0.412423 0.846001
vt 0.526999 0.859925
vt 0.536477 0.847106
vt 0.509393 0.762949
vt 0.510728 0.760598
vt 0.126226 0.784916
vt 0.127392 0.775418
vt 0.115473 0.784211
vt 0.113481 0.774474
vt 0.124897 0.796510
vt 0.118032 0.796246
vt 0.549778 0.842133
vt 0.550257 0.846922
vt 0.551032 0.853174
vt 0.562883 0.846029
vt 0.561771 0.852415
vt 0.563808 0.841141
vt 0.553524 0.867771
vt 0.554745 0.873663
vt 0.558680 0.875143
vt 0.559589 0.867539
vt 0.120173 0.806022
vt 0.124060 0.804344
vt 0.496510 0.755732
vt 0.496968 0.752890
vt 0.549610 0.839694
vt 0.564328 0.838654
vt 0.482598 0.754788
vt 0.482111 0.751881
vt 0.552168 0.860400
vt 0.560636 0.859825
vt 0.114187 0.810479
vt 0.115769 0.805805
vt 0.111615 0.798850
vt 0.106882 0.804549
vt 0.105552 0.788558
vt 0.100659 0.780127
vt 0.097963 0.797250
vt 0.090822 0.791347
vt 0.469776 0.760441
vt 0.468417 0.757919
vt 0.578403 0.844325
vt 0.577225 0.846547
vt 0.589739 0.855672
vt 0.588032 0.857364
vt 0.459939 0.771661
vt 0.457911 0.769902
vt 0.572040 0.856553
vt 0.568739 0.863065
vt 0.565431 0.869686
vt 0.575247 0.869611
vt 0.569983 0.874500
vt 0.580311 0.864832
vt 0.574957 0.850894
vt 0.584682 0.860628
vt 0.562826 0.874962
vt 0.564801 0.879242
vt 0.454690 0.786873
vt 0.452305 0.786148
vt 0.596510 0.871104
vt 0.594486 0.872075
vt 0.597824 0.888191
vt 0.595740 0.888364
vt 0.454690 0.803684
vt 0.452305 0.804102
vt 0.585251 0.876091
vt 0.579161 0.878477
vt 0.572918 0.880760
vt 0.579896 0.888309
vt 0.573291 0.887803
vt 0.586210 0.888558
vt 0.093884 0.808999
vt 0.085572 0.806559
vt 0.093907 0.821997
vt 0.085572 0.823370
vt 0.104120 0.811983
vt 0.104299 0.820306
vt 0.590491 0.873867
vt 0.591618 0.888526
vt 0.567909 0.882478
vt 0.566749 0.887075
vt 0.112801 0.818938
vt 0.111091 0.814001
vt 0.098059 0.834266
vt 0.090971 0.839231
vt 0.105680 0.843955
vt 0.100808 0.851785
vt 0.106802 0.828215
vt 0.111796 0.834288
vt 0.591451 0.903762
vt 0.587759 0.902383
vt 0.582927 0.900344
vt 0.579628 0.913380
vt 0.576012 0.909697
vt 0.582416 0.915982
vt 0.571601 0.894506
vt 0.567015 0.891808
vt 0.563382 0.894054
vt 0.567573 0.899654
vt 0.116825 0.826444
vt 0.112765 0.824133
vt 0.460088 0.819544
vt 0.458070 0.821041
vt 0.593325 0.904344
vt 0.633630 0.968081
vt 0.625463 0.957616
vt 0.627539 0.956440
vt 0.635325 0.966416
vt 0.469925 0.832099
vt 0.468576 0.834449
vt 0.577328 0.897609
vt 0.571860 0.904968
vt 0.622370 0.943209
vt 0.626605 0.942192
vt 0.631258 0.954099
vt 0.631794 0.940883
vt 0.635750 0.951010
vt 0.624941 0.929225
vt 0.630378 0.929854
vt 0.620520 0.928800
vt 0.562251 0.902871
vt 0.560668 0.897486
vt 0.556673 0.896090
vt 0.556181 0.903111
vt 0.123903 0.828600
vt 0.119811 0.830264
vt 0.118090 0.838039
vt 0.124981 0.838304
vt 0.115630 0.849557
vt 0.113691 0.859003
vt 0.126387 0.850262
vt 0.127603 0.859947
vt 0.482809 0.839317
vt 0.482336 0.842158
vt 0.620040 0.943736
vt 0.618099 0.928621
vt 0.496720 0.840260
vt 0.497193 0.843166
vt 0.566430 0.915104
vt 0.564314 0.909252
vt 0.555845 0.909828
vt 0.555692 0.915863
vt 0.129889 0.824143
vt 0.128101 0.828804
vt 0.131372 0.835699
vt 0.136130 0.830002
vt 0.136305 0.845915
vt 0.140425 0.854294
vt 0.143897 0.837223
vt 0.150262 0.843074
vt 0.509542 0.834607
vt 0.510887 0.837128
vt 0.620040 0.914567
vt 0.622370 0.915402
vt 0.625463 0.903655
vt 0.627539 0.905000
vt 0.519379 0.823387
vt 0.521393 0.825146
vt 0.545423 0.911726
vt 0.547743 0.906587
vt 0.550345 0.900956
vt 0.541234 0.900042
vt 0.545786 0.896150
vt 0.537152 0.903447
vt 0.626605 0.917168
vt 0.631794 0.919600
vt 0.631258 0.907807
vt 0.635750 0.911639
vt 0.552587 0.896186
vt 0.550553 0.891991
vt 0.532212 0.892187
vt 0.537321 0.891175
vt 0.542857 0.889883
vt 0.147973 0.825474
vt 0.155511 0.827861
vt 0.138868 0.822566
vt 0.414270 0.895762
vt 0.412731 0.880539
vt 0.416059 0.879315
vt 0.417444 0.893014
vt 0.533935 0.906032
vt 0.528127 0.892793
vt 0.547505 0.888670
vt 0.132779 0.820607
vt 0.524629 0.808175
vt 0.526999 0.808899
vt 0.412423 0.897104
vt 0.410808 0.881134
vt 0.475123 0.283256
vt 0.475123 0.295735
vt 0.466251 0.289746
vt 0.504889 0.287954
vt 0.515421 0.281934
vt 0.515421 0.292856
vt 0.399170 0.244290
vt 0.400014 0.244590
vt 0.400014 0.256499
vt 0.399170 0.256199
vt 0.451201 0.263639
vt 0.450397 0.263557
vt 0.450397 0.252721
vt 0.451201 0.252803
vt 0.390763 0.248302
vt 0.389784 0.248348
vt 0.389784 0.236161
vt 0.390763 0.236114
vt 0.583441 0.059216
vt 0.575497 0.069173
vt 0.573623 0.059216
vt 0.390049 0.294175
vt 0.390049 0.282694
vt 0.400036 0.286995
vt 0.389023 0.223242
vt 0.389675 0.223554
vt 0.389675 0.236577
vt 0.389023 0.236265
vt 0.540588 0.093768
vt 0.541431 0.093969
vt 0.541431 0.103997
vt 0.540588 0.103796
vt 0.537888 0.105420
vt 0.536978 0.105252
vt 0.536978 0.093768
vt 0.537888 0.093937
vt 0.520979 0.258413
vt 0.525938 0.271289
vt 0.516701 0.271292
vt 0.431952 0.293263
vt 0.421736 0.296993
vt 0.421736 0.286277
vt 0.521506 0.258416
vt 0.526464 0.271292
vt 0.363520 0.264427
vt 0.362748 0.264176
vt 0.362748 0.254211
vt 0.363520 0.254462
vt 0.370988 0.238692
vt 0.370078 0.238611
vt 0.370078 0.225461
vt 0.370988 0.225542
vt 0.536978 0.093768
vt 0.536978 0.107771
vt 0.527410 0.103571
vt 0.410352 0.296772
vt 0.410352 0.286820
vt 0.420419 0.289489
vt 0.410383 0.297494
vt 0.420451 0.290211
vt 0.370678 0.263804
vt 0.369830 0.263582
vt 0.369830 0.253812
vt 0.370678 0.254034
vt 0.371954 0.211467
vt 0.370988 0.211483
vt 0.370988 0.197734
vt 0.371954 0.197719
vt 0.511985 0.093765
vt 0.517811 0.106431
vt 0.507045 0.106431
vt 0.319549 0.291354
vt 0.319549 0.301401
vt 0.309559 0.299274
vt 0.506066 0.106616
vt 0.507045 0.106655
vt 0.507045 0.115690
vt 0.506066 0.115651
vt 0.537845 0.115845
vt 0.536978 0.115686
vt 0.536978 0.105420
vt 0.537845 0.105580
vt 0.399150 0.188968
vt 0.398173 0.189014
vt 0.398173 0.175007
vt 0.399150 0.174960
vt 0.501811 0.093765
vt 0.507045 0.106420
vt 0.496136 0.106420
vt 0.356158 0.286649
vt 0.356158 0.297659
vt 0.346312 0.292953
vt 0.538708 0.104613
vt 0.539636 0.104853
vt 0.539636 0.115408
vt 0.538708 0.115168
vt 0.389038 0.248348
vt 0.389948 0.248473
vt 0.389948 0.258761
vt 0.389038 0.258636
vt 0.398158 0.202907
vt 0.397196 0.202931
vt 0.397196 0.189037
vt 0.398158 0.189013
vt 0.581903 0.037893
vt 0.573623 0.027442
vt 0.583415 0.027442
vt 0.516411 0.294310
vt 0.516411 0.282992
vt 0.526464 0.286900
vt 0.399141 0.216865
vt 0.399141 0.230122
vt 0.398177 0.230111
vt 0.398177 0.216853
vt 0.371085 0.262249
vt 0.371085 0.251334
vt 0.371905 0.251380
vt 0.371905 0.262294
vt 0.541323 0.115143
vt 0.541323 0.104042
vt 0.541997 0.104512
vt 0.541997 0.115613
vt 0.566447 0.115818
vt 0.557415 0.110274
vt 0.504723 0.283188
vt 0.494898 0.276026
vt 0.504723 0.271193
vt 0.370988 0.197719
vt 0.370988 0.211412
vt 0.370021 0.211490
vt 0.370021 0.197797
vt 0.389032 0.250319
vt 0.389032 0.261091
vt 0.388202 0.261185
vt 0.388202 0.250413
vt 0.449531 0.262245
vt 0.449531 0.252721
vt 0.450397 0.253089
vt 0.450397 0.262612
vt 0.514950 0.270974
vt 0.504889 0.262534
vt 0.514950 0.258413
vt 0.309559 0.291354
vt 0.309559 0.278948
vt 0.318893 0.284509
vt 0.389023 0.237249
vt 0.388119 0.237294
vt 0.388119 0.223287
vt 0.449157 0.252721
vt 0.449157 0.262465
vt 0.448300 0.262682
vt 0.448300 0.252938
vt 0.389948 0.260445
vt 0.389948 0.248598
vt 0.390763 0.248348
vt 0.390763 0.260195
vt 0.504889 0.258413
vt 0.504889 0.271193
vt 0.494898 0.266735
vt 0.431952 0.286277
vt 0.442033 0.293791
vt 0.431952 0.297095
vt 0.372699 0.238420
vt 0.372699 0.252216
vt 0.371905 0.252163
vt 0.371905 0.238367
vt 0.509888 0.107083
vt 0.509888 0.115453
vt 0.508980 0.115690
vt 0.508980 0.107320
vt 0.388119 0.250319
vt 0.388119 0.237387
vt 0.389032 0.237294
vt 0.389032 0.250226
vt 0.494898 0.258413
vt 0.494898 0.271326
vt 0.484883 0.266929
vt 0.569941 0.182999
vt 0.569941 0.170625
vt 0.578780 0.176681
vt 0.372696 0.197905
vt 0.372696 0.210968
vt 0.371954 0.210782
vt 0.371954 0.197719
vt 0.508007 0.106534
vt 0.508007 0.115690
vt 0.507045 0.115587
vt 0.507045 0.106431
vt 0.370988 0.225182
vt 0.370988 0.211489
vt 0.371936 0.225176
vt 0.390763 0.256984
vt 0.400055 0.265112
vt 0.390763 0.270362
vt 0.475342 0.296038
vt 0.475342 0.283616
vt 0.483398 0.290216
vt 0.508980 0.106840
vt 0.508980 0.115579
vt 0.508007 0.106951
vt 0.540588 0.093883
vt 0.540588 0.104001
vt 0.539655 0.103886
vt 0.399150 0.188941
vt 0.399150 0.174960
vt 0.400129 0.175005
vt 0.400129 0.188986
vt 0.846918 0.774803
vt 0.846760 0.777518
vt 0.846020 0.777647
vt 0.845764 0.774999
vt 0.845384 0.778042
vt 0.844782 0.775598
vt 0.734650 0.786797
vt 0.737525 0.784840
vt 0.738173 0.784860
vt 0.735548 0.787217
vt 0.738917 0.784857
vt 0.736576 0.787669
vt 0.739644 0.784831
vt 0.737576 0.788084
vt 0.740243 0.784785
vt 0.738397 0.788399
vt 0.807558 0.861184
vt 0.808609 0.857340
vt 0.809287 0.857267
vt 0.808608 0.861340
vt 0.810037 0.857260
vt 0.809779 0.861423
vt 0.810745 0.857318
vt 0.810892 0.861419
vt 0.811302 0.857433
vt 0.811778 0.861330
vt 0.887465 0.701533
vt 0.885635 0.699098
vt 0.886225 0.698846
vt 0.888273 0.700822
vt 0.886948 0.698742
vt 0.889268 0.700286
vt 0.887694 0.698801
vt 0.890298 0.700005
vt 0.849686 0.776607
vt 0.848502 0.778704
vt 0.848103 0.778090
vt 0.849041 0.775673
vt 0.847491 0.777674
vt 0.848626 0.779422
vt 0.848459 0.780135
vt 0.848024 0.780734
vt 0.847388 0.781128
vt 0.846648 0.781257
vt 0.845917 0.781102
vt 0.845305 0.780686
vt 0.844907 0.780072
vt 0.844782 0.779354
vt 0.844949 0.778641
vt 0.848069 0.775040
vt 0.917322 0.746815
vt 0.916118 0.745487
vt 0.915467 0.743759
vt 0.915467 0.741893
vt 0.916118 0.740174
vt 0.917322 0.738863
vt 0.918894 0.738160
vt 0.920595 0.738172
vt 0.922167 0.738897
vt 0.923370 0.740224
vt 0.924022 0.741953
vt 0.924022 0.743819
vt 0.923370 0.745538
vt 0.922167 0.746849
vt 0.920595 0.747552
vt 0.918894 0.747540
vt 0.743834 0.803183
vt 0.743517 0.791448
vt 0.745108 0.791284
vt 0.745466 0.803048
vt 0.742386 0.803512
vt 0.742108 0.791862
vt 0.741342 0.803986
vt 0.741095 0.792464
vt 0.894678 0.714570
vt 0.891820 0.705574
vt 0.893135 0.704953
vt 0.896075 0.714067
vt 0.893331 0.715430
vt 0.890554 0.706543
vt 0.892238 0.716517
vt 0.889529 0.707713
vt 0.810602 0.881043
vt 0.810989 0.869995
vt 0.812203 0.869701
vt 0.811842 0.880838
vt 0.809047 0.881076
vt 0.809471 0.870060
vt 0.807414 0.880932
vt 0.807880 0.869887
vt 0.805951 0.880634
vt 0.806457 0.869502
vt 0.732499 0.806768
vt 0.735277 0.795852
vt 0.736320 0.796528
vt 0.733611 0.807323
vt 0.731144 0.806052
vt 0.734003 0.794995
vt 0.729751 0.805285
vt 0.732692 0.794088
vt 0.728532 0.804584
vt 0.731544 0.793270
vt 0.747034 0.803128
vt 0.746638 0.791395
vt 0.747875 0.791764
vt 0.748298 0.803411
vt 0.743545 0.784862
vt 0.744715 0.784785
vt 0.742505 0.785040
vt 0.741755 0.785294
vt 0.745837 0.784823
vt 0.746741 0.784968
vt 0.745560 0.832893
vt 0.745804 0.815502
vt 0.747409 0.815552
vt 0.747207 0.832792
vt 0.748702 0.815749
vt 0.748527 0.832560
vt 0.727819 0.833871
vt 0.725685 0.816616
vt 0.726974 0.817200
vt 0.729238 0.833831
vt 0.728449 0.817827
vt 0.730865 0.833720
vt 0.729886 0.818402
vt 0.732452 0.833555
vt 0.731065 0.818837
vt 0.733758 0.833361
vt 0.805721 0.906113
vt 0.805466 0.892436
vt 0.806969 0.892648
vt 0.807275 0.905899
vt 0.808644 0.892762
vt 0.808999 0.905864
vt 0.810236 0.892761
vt 0.810631 0.906015
vt 0.811502 0.892645
vt 0.811920 0.906328
vt 0.892099 0.738083
vt 0.894784 0.725927
vt 0.895945 0.724923
vt 0.893386 0.737581
vt 0.897373 0.724171
vt 0.894965 0.737431
vt 0.898852 0.723785
vt 0.896597 0.737658
vt 0.900157 0.723824
vt 0.898032 0.738226
vt 0.742304 0.832667
vt 0.742644 0.815852
vt 0.744131 0.815607
vt 0.743839 0.832849
vt 0.743039 0.864739
vt 0.743218 0.848187
vt 0.744984 0.848148
vt 0.744852 0.864733
vt 0.741420 0.864694
vt 0.741643 0.848238
vt 0.890489 0.765570
vt 0.891706 0.751757
vt 0.893172 0.752041
vt 0.892035 0.765977
vt 0.888729 0.765557
vt 0.890040 0.751877
vt 0.887025 0.765939
vt 0.888427 0.752382
vt 0.885635 0.766659
vt 0.887114 0.753197
vt 0.811543 0.938245
vt 0.811336 0.922808
vt 0.812661 0.922893
vt 0.812899 0.938430
vt 0.809827 0.938137
vt 0.809661 0.922736
vt 0.808010 0.938122
vt 0.807891 0.922689
vt 0.806371 0.938204
vt 0.806297 0.922672
vt 0.738832 0.867448
vt 0.737423 0.851148
vt 0.738756 0.851308
vt 0.740243 0.867472
vt 0.737119 0.867354
vt 0.735801 0.850893
vt 0.735364 0.867203
vt 0.734140 0.850583
vt 0.733834 0.867018
vt 0.732690 0.850266
vt 0.746585 0.864678
vt 0.746674 0.848128
vt 0.748030 0.848129
vt 0.747972 0.864582
vt 0.741570 0.816198
vt 0.745508 0.883691
vt 0.747283 0.883602
vt 0.748702 0.883408
vt 0.728278 0.885203
vt 0.729887 0.885255
vt 0.731735 0.885247
vt 0.733541 0.885181
vt 0.735029 0.885068
vt 0.805466 0.956516
vt 0.807152 0.956337
vt 0.809015 0.956318
vt 0.810774 0.956462
vt 0.812159 0.956748
vt 0.890848 0.780995
vt 0.892315 0.780370
vt 0.894111 0.780110
vt 0.895964 0.780257
vt 0.740773 0.883290
vt 0.740243 0.864606
vt 0.741985 0.883523
vt 0.743647 0.883664
vt 0.744217 0.921271
vt 0.743450 0.921190
vt 0.743745 0.908736
vt 0.744064 0.908753
vt 0.764851 0.921948
vt 0.763539 0.922026
vt 0.763859 0.910384
vt 0.764708 0.910334
vt 0.765251 0.928673
vt 0.766061 0.921880
vt 0.766462 0.928605
vt 0.741798 0.921243
vt 0.741166 0.921369
vt 0.742802 0.908675
vt 0.743062 0.908694
vt 0.762324 0.922103
vt 0.761393 0.922166
vt 0.762471 0.910475
vt 0.763073 0.910434
vt 0.740016 0.939279
vt 0.740016 0.932709
vt 0.740993 0.932515
vt 0.740993 0.939085
vt 0.765795 0.897452
vt 0.766142 0.897515
vt 0.746980 0.932929
vt 0.745730 0.932730
vt 0.746094 0.921719
vt 0.746903 0.921848
vt 0.742233 0.932418
vt 0.742233 0.938988
vt 0.746034 0.908758
vt 0.746368 0.908767
vt 0.838282 0.931823
vt 0.836972 0.931771
vt 0.836801 0.920148
vt 0.837648 0.920182
vt 0.743545 0.932433
vt 0.743545 0.939004
vt 0.765226 0.897370
vt 0.765473 0.897401
vt 0.744731 0.932559
vt 0.744731 0.939129
vt 0.765491 0.910290
vt 0.766462 0.897580
vt 0.834465 0.938423
vt 0.834730 0.931691
vt 0.835725 0.931725
vt 0.835460 0.938457
vt 0.742600 0.921180
vt 0.743394 0.908715
vt 0.836707 0.938503
vt 0.835994 0.920118
vt 0.834728 0.907491
vt 0.835057 0.907432
vt 0.748291 0.932879
vt 0.747751 0.921815
vt 0.838017 0.938555
vt 0.745447 0.921449
vt 0.745768 0.908711
vt 0.839454 0.931873
vt 0.838407 0.920215
vt 0.839189 0.938605
vt 0.748508 0.921626
vt 0.746719 0.908738
vt 0.747034 0.908675
vt 0.835350 0.920097
vt 0.744731 0.938186
vt 0.744731 0.932312
vt 0.745730 0.938604
vt 0.746980 0.938803
vt 0.834465 0.907529
vt 0.749462 0.932587
vt 0.748291 0.938752
vt 0.835402 0.907362
vt 0.835710 0.907292
vt 0.749462 0.938460
vt 0.899501 0.771850
vt 0.899816 0.771714
vt 0.900157 0.771714
vt 0.900472 0.771848
vt 0.900713 0.772097
vt 0.900843 0.772423
vt 0.900843 0.772776
vt 0.900713 0.773102
vt 0.900472 0.773352
vt 0.900157 0.773487
vt 0.899816 0.773488
vt 0.899501 0.773354
vt 0.899260 0.773105
vt 0.899130 0.772779
vt 0.899130 0.772426
vt 0.899260 0.772100
vt 0.761794 0.928891
vt 0.762725 0.928828
vt 0.763939 0.928751
vt 0.881132 0.775193
vt 0.881132 0.776508
vt 0.880630 0.777722
vt 0.879703 0.778651
vt 0.878492 0.779154
vt 0.877182 0.779154
vt 0.875971 0.778651
vt 0.875044 0.777722
vt 0.874542 0.776507
vt 0.874542 0.775193
vt 0.875044 0.773979
vt 0.875971 0.773049
vt 0.877182 0.772546
vt 0.878492 0.772546
vt 0.879703 0.773049
vt 0.880630 0.773979
vt 0.750971 0.920743
vt 0.751356 0.909702
vt 0.751696 0.909753
vt 0.751789 0.920833
vt 0.788609 0.904608
vt 0.788430 0.892945
vt 0.789274 0.892965
vt 0.789914 0.904638
vt 0.788307 0.911220
vt 0.787044 0.911097
vt 0.787347 0.904485
vt 0.786947 0.892738
vt 0.786016 0.880141
vt 0.786286 0.880124
vt 0.787613 0.892866
vt 0.791062 0.904570
vt 0.790017 0.892920
vt 0.790545 0.892820
vt 0.791878 0.904414
vt 0.786016 0.910900
vt 0.786319 0.904287
vt 0.786619 0.880075
vt 0.786962 0.880000
vt 0.756453 0.914190
vt 0.756773 0.924819
vt 0.755966 0.924994
vt 0.755205 0.914461
vt 0.754211 0.937604
vt 0.753064 0.937852
vt 0.753064 0.931636
vt 0.754211 0.931388
vt 0.756691 0.937537
vt 0.756356 0.937568
vt 0.844379 0.930611
vt 0.844670 0.919571
vt 0.845517 0.919538
vt 0.845688 0.930560
vt 0.751759 0.937911
vt 0.751759 0.931696
vt 0.758936 0.925384
vt 0.757588 0.937729
vt 0.757357 0.937625
vt 0.758381 0.925030
vt 0.750494 0.931558
vt 0.750494 0.937774
vt 0.749462 0.937460
vt 0.749462 0.931244
vt 0.752046 0.909723
vt 0.752634 0.920794
vt 0.847246 0.937161
vt 0.846069 0.937085
vt 0.846865 0.930636
vt 0.846935 0.907396
vt 0.847246 0.907485
vt 0.846279 0.919587
vt 0.757763 0.914209
vt 0.757621 0.924831
vt 0.844760 0.937136
vt 0.756089 0.937645
vt 0.755323 0.925331
vt 0.843136 0.930781
vt 0.843866 0.919681
vt 0.843517 0.937307
vt 0.757042 0.937557
vt 0.750303 0.920540
vt 0.842531 0.937571
vt 0.842149 0.931046
vt 0.752353 0.909615
vt 0.753376 0.920634
vt 0.754980 0.908946
vt 0.756227 0.908675
vt 0.751078 0.909576
vt 0.758936 0.914516
vt 0.757537 0.908694
vt 0.846261 0.907291
vt 0.846589 0.907327
vt 0.754211 0.914981
vt 0.758711 0.909001
vt 0.752571 0.909446
vt 0.750905 0.909395
vt 0.750863 0.909187
vt 0.750958 0.908983
vt 0.751176 0.908814
vt 0.751483 0.908706
vt 0.751833 0.908675
vt 0.752173 0.908727
vt 0.752450 0.908852
vt 0.752624 0.909033
vt 0.752666 0.909241
vt 0.791575 0.911026
vt 0.790759 0.911182
vt 0.789611 0.911250
vt 0.883222 0.779192
vt 0.882263 0.778737
vt 0.881529 0.777846
vt 0.881132 0.776653
vt 0.881132 0.775342
vt 0.881529 0.774110
vt 0.882263 0.773147
vt 0.883222 0.772597
vt 0.884260 0.772546
vt 0.885219 0.773001
vt 0.885953 0.773893
vt 0.886350 0.775085
vt 0.886350 0.776397
vt 0.885953 0.777628
vt 0.885219 0.778592
vt 0.884260 0.779141
vt 0.787265 0.879911
vt 0.596183 0.876598
vt 0.594834 0.880824
vt 0.591683 0.880718
vt 0.592190 0.876389
vt 0.588667 0.880409
vt 0.588314 0.876068
vt 0.591171 0.883640
vt 0.589363 0.882981
vt 0.593304 0.883246
vt 0.595279 0.869296
vt 0.596250 0.872124
vt 0.592415 0.871872
vt 0.592415 0.868611
vt 0.588699 0.871616
vt 0.589707 0.868921
vt 0.599154 0.876010
vt 0.603089 0.875521
vt 0.603688 0.880014
vt 0.600584 0.880336
vt 0.604224 0.883243
vt 0.602151 0.882943
vt 0.606669 0.879504
vt 0.606039 0.882412
vt 0.606917 0.874949
vt 0.600025 0.869271
vt 0.602806 0.868454
vt 0.602853 0.871307
vt 0.599076 0.871822
vt 0.606526 0.870804
vt 0.605522 0.868520
vt 0.588932 0.883397
vt 0.587437 0.880316
vt 0.586737 0.875902
vt 0.607652 0.879302
vt 0.608230 0.874641
vt 0.606306 0.882840
vt 0.587199 0.871404
vt 0.589098 0.868296
vt 0.607775 0.870465
vt 0.605951 0.867906
vt 0.597556 0.876630
vt 0.595854 0.880883
vt 0.638984 0.794177
vt 0.639765 0.794268
vt 0.639765 0.797918
vt 0.639177 0.797233
vt 0.599348 0.880436
vt 0.601881 0.883445
vt 0.597556 0.876099
vt 0.595739 0.868743
vt 0.597556 0.872101
vt 0.597556 0.871861
vt 0.599399 0.868801
vt 0.593417 0.883699
vt 0.591000 0.884565
vt 0.604315 0.884291
vt 0.592422 0.867389
vt 0.602694 0.867389
vt 0.548014 0.873718
vt 0.545054 0.873887
vt 0.544699 0.870810
vt 0.547038 0.870705
vt 0.542210 0.874011
vt 0.542489 0.870935
vt 0.543022 0.869173
vt 0.544346 0.868809
vt 0.545929 0.869026
vt 0.547355 0.879156
vt 0.545231 0.879711
vt 0.545220 0.877228
vt 0.548063 0.877024
vt 0.543246 0.879363
vt 0.542494 0.877305
vt 0.550201 0.873348
vt 0.550862 0.870685
vt 0.553166 0.870521
vt 0.553130 0.873152
vt 0.678424 0.768387
vt 0.677162 0.769921
vt 0.675639 0.769905
vt 0.676181 0.767836
vt 0.674375 0.769019
vt 0.674061 0.766974
vt 0.676791 0.765261
vt 0.674061 0.764236
vt 0.551371 0.878471
vt 0.550481 0.876479
vt 0.553296 0.876333
vt 0.553477 0.878733
vt 0.556000 0.872793
vt 0.556046 0.875947
vt 0.555478 0.878079
vt 0.642301 0.795858
vt 0.641958 0.794316
vt 0.642881 0.794032
vt 0.642881 0.796139
vt 0.541053 0.874162
vt 0.541589 0.871035
vt 0.556164 0.869940
vt 0.557009 0.872473
vt 0.555408 0.870250
vt 0.554837 0.868505
vt 0.554671 0.868936
vt 0.541394 0.877489
vt 0.542803 0.879864
vt 0.557009 0.875683
vt 0.555852 0.878301
vt 0.547797 0.870722
vt 0.549034 0.873759
vt 0.642889 0.796385
vt 0.642537 0.797872
vt 0.641958 0.798165
vt 0.641958 0.796139
vt 0.549960 0.870533
vt 0.551531 0.868821
vt 0.551767 0.869214
vt 0.549034 0.873235
vt 0.549034 0.877103
vt 0.547702 0.879617
vt 0.549374 0.876413
vt 0.550957 0.878769
vt 0.544247 0.868140
vt 0.546022 0.868755
vt 0.542713 0.868922
vt 0.553235 0.868140
vt 0.553256 0.868861
vt 0.545259 0.880599
vt 0.553486 0.879422
s 1
usemtl Aseets_Carn_Plant_MAT_TEX
f 28/1/28 86/2/85 149/3/141 94/4/93
f 86/2/85 27/5/27 99/6/98 149/3/141
f 149/3/141 99/6/98 22/7/22 82/8/81
f 94/4/93 149/3/141 82/8/81 23/9/23
f 62/10/61 56/11/55 11/12/11 5/13/5
f 11/12/11 61/14/60 65/15/64 5/13/5
f 150/16/142 58/17/57 31/18/31 93/19/92
f 106/20/105 150/16/142 93/19/92 32/21/32
f 23/9/23 82/8/81 151/22/143 97/23/96
f 82/8/81 22/7/22 101/24/100 151/22/143
f 151/22/143 101/24/100 20/25/20 81/26/80
f 97/23/96 151/22/143 81/26/80 21/27/21
f 65/15/64 61/14/60 12/28/12 6/29/6
f 12/28/12 64/30/63 68/31/67 6/29/6
f 16/32/16 73/33/72 152/34/144 69/35/68
f 73/33/72 15/36/15 105/37/104 152/34/144
f 152/34/144 105/37/104 23/38/23 97/39/96
f 69/35/68 152/34/144 97/39/96 21/40/21
f 26/41/26 92/42/91 153/43/145 88/44/87
f 92/42/91 32/45/32 93/46/92 153/43/145
f 153/47/145 93/48/92 31/49/31 89/50/88
f 88/51/87 153/47/145 89/50/88 30/52/30
f 68/53/67 64/54/63 13/55/13 7/56/7
f 43/57/43 67/58/66 71/59/70 44/60/44
f 13/61/13 64/62/63 154/63/146 75/64/74
f 64/62/63 12/65/12 104/66/103 154/63/146
f 154/63/146 104/66/103 26/67/26 88/68/87
f 75/64/74 154/63/146 88/68/87 30/69/30
f 19/70/19 95/71/94 155/72/147 85/73/84
f 95/71/94 29/74/29 90/75/89 155/72/147
f 155/72/147 90/75/89 32/45/32 92/42/91
f 85/73/84 155/72/147 92/42/91 26/41/26
f 71/59/70 67/58/66 14/76/14 8/77/8
f 14/76/14 70/78/69 74/79/73 8/77/8
f 156/80/148 60/81/59 24/82/24 126/83/125
f 142/84/140 156/80/148 126/83/125 46/85/46
f 18/86/18 98/87/97 157/88/149 80/89/79
f 98/87/97 24/90/24 87/91/86 157/88/149
f 157/88/149 87/91/86 29/74/29 95/71/94
f 80/89/79 157/88/149 95/71/94 19/70/19
f 74/92/73 70/93/69 15/94/15 9/95/9
f 15/94/15 73/96/72 77/97/76 9/95/9
f 116/98/115 172/99/163 59/100/58 38/101/38
f 158/102/150 59/100/58 27/103/27 128/104/127
f 141/105/139 158/102/150 128/104/127 48/106/48
f 45/107/45 140/108/138 159/109/151 79/110/78
f 140/108/138 46/111/46 126/112/125 159/109/151
f 159/109/151 126/112/125 24/113/24 98/114/97
f 79/110/78 159/109/151 98/114/97 18/115/18
f 77/97/76 73/96/72 16/116/16 10/117/10
f 16/116/16 76/118/75 78/119/77 10/117/10
f 160/120/152 63/121/62 29/122/29 87/123/86
f 60/81/59 160/120/152 87/123/86 24/82/24
f 108/124/107 172/99/163 116/98/115 39/125/39
f 111/126/110 186/127/176 103/128/102 33/129/33
f 78/130/77 76/131/75 2/132/2 3/133/3
f 41/134/41 55/135/54 57/136/56 42/137/42
f 2/138/2 76/139/75 161/140/153 66/141/65
f 76/139/75 16/32/16 69/35/68 161/140/153
f 161/140/153 69/35/68 21/40/21 100/142/99
f 66/141/65 161/140/153 100/142/99 17/143/17
f 47/144/47 139/145/137 162/146/154 91/147/90
f 139/145/137 48/148/48 128/149/127 162/146/154
f 162/146/154 128/149/127 27/150/27 86/151/85
f 91/147/90 162/146/154 86/151/85 28/152/28
f 57/136/56 55/135/54 1/153/1 4/154/4
f 3/133/3 2/132/2 121/155/120 122/156/121
f 43/157/43 123/158/122 163/159/155 138/160/136
f 123/158/122 13/61/13 75/64/74 163/159/155
f 163/159/155 75/64/74 30/69/30 127/161/126
f 138/160/136 163/159/155 127/161/126 47/162/47
f 54/163/53 148/164/53 164/165/53 137/166/53
f 148/164/53 6/167/6 68/168/67 164/165/53
f 164/165/53 68/168/67 7/169/7 124/170/123
f 137/166/53 164/165/53 124/170/123 44/171/44
f 21/27/21 81/26/80 165/172/156 100/173/99
f 81/26/80 20/25/20 102/174/101 165/172/156
f 165/175/156 102/176/101 25/177/25 84/178/83
f 100/179/99 165/175/156 84/178/83 17/180/17
f 166/181/157 107/182/106 20/183/20 101/184/100
f 108/124/107 166/181/157 101/184/100 22/185/22
f 41/186/41 121/187/120 167/188/158 136/189/135
f 121/187/120 2/138/2 66/141/65 167/188/158
f 167/188/158 66/141/65 17/143/17 125/190/124
f 136/189/135 167/188/158 125/190/124 45/191/45
f 12/65/12 61/192/60 168/193/159 104/66/103
f 61/192/60 11/194/11 110/195/109 168/193/159
f 168/193/159 110/195/109 19/196/19 85/197/84
f 104/66/103 168/193/159 85/197/84 26/67/26
f 15/36/15 70/198/69 169/199/160 105/37/104
f 70/198/69 14/200/14 72/201/71 169/199/160
f 169/199/160 72/201/71 28/202/28 94/203/93
f 105/37/104 169/199/160 94/203/93 23/38/23
f 11/194/11 56/204/55 170/205/161 110/195/109
f 56/204/55 1/206/1 109/207/108 170/205/161
f 170/205/161 109/207/108 18/208/18 80/209/79
f 110/195/109 170/205/161 80/209/79 19/196/19
f 171/210/162 106/20/105 32/21/32 90/211/89
f 63/121/62 171/210/162 90/211/89 29/122/29
f 172/99/163 108/124/107 22/185/22 99/212/98
f 59/100/58 172/99/163 99/212/98 27/103/27
f 173/213/164 103/128/102 25/214/25 102/215/101
f 107/182/106 173/213/164 102/215/101 20/183/20
f 49/216/49 142/84/140 186/127/176 111/126/110
f 63/121/62 35/217/35 113/218/112 171/210/162
f 171/210/162 113/218/112 36/219/36 106/20/105
f 108/124/107 39/125/39 117/220/116 166/181/157
f 166/181/157 117/220/116 40/221/40 107/182/106
f 106/20/105 36/219/36 114/222/113 150/16/142
f 150/16/142 114/222/113 37/223/37 58/17/57
f 107/182/106 40/221/40 118/224/117 173/213/164
f 173/213/164 118/224/117 33/129/33 103/128/102
f 115/225/114 185/226/175 58/17/57 37/223/37
f 50/227/50 141/105/139 185/226/175 115/225/114
f 60/81/59 34/228/34 112/229/111 160/120/152
f 160/120/152 112/229/111 35/217/35 63/121/62
f 158/102/150 141/105/139 50/227/50 130/230/129
f 51/231/51 135/232/134 174/233/165 131/234/130
f 135/232/134 50/235/50 115/236/114 174/233/165
f 174/233/165 115/236/114 37/237/37 114/238/113
f 131/234/130 174/233/165 114/238/113 36/239/36
f 52/240/52 134/241/133 175/242/166 132/243/131
f 134/241/133 49/244/49 111/245/110 175/242/166
f 175/242/166 111/245/110 33/246/33 118/247/117
f 132/243/131 175/242/166 118/247/117 40/248/40
f 52/240/52 132/243/131 176/249/167 133/250/132
f 132/243/131 40/248/40 117/251/116 176/249/167
f 176/249/167 117/251/116 39/252/39 119/253/118
f 133/250/132 176/249/167 119/253/118 51/231/51
f 35/254/35 120/255/119 177/256/168 113/257/112
f 120/255/119 52/240/52 133/250/132 177/256/168
f 177/256/168 133/250/132 51/231/51 131/234/130
f 113/257/112 177/256/168 131/234/130 36/239/36
f 35/254/35 112/258/111 178/259/169 120/255/119
f 112/258/111 34/260/34 129/261/128 178/259/169
f 178/259/169 129/261/128 49/244/49 134/241/133
f 120/255/119 178/259/169 134/241/133 52/240/52
f 39/252/39 116/262/115 179/263/170 119/253/118
f 116/262/115 38/264/38 130/265/129 179/263/170
f 179/263/170 130/265/129 50/235/50 135/232/134
f 119/253/118 179/263/170 135/232/134 51/231/51
f 158/102/150 130/230/129 38/101/38 59/100/58
f 156/80/148 142/84/140 49/216/49 129/266/128
f 156/80/148 129/266/128 34/228/34 60/81/59
f 1/206/1 55/267/54 180/268/171 109/207/108
f 55/267/54 41/186/41 136/189/135 180/268/171
f 180/268/171 136/189/135 45/191/45 79/269/78
f 109/207/108 180/268/171 79/269/78 18/208/18
f 9/270/9 147/271/53 181/272/53 74/273/73
f 147/271/53 54/163/53 137/166/53 181/272/53
f 181/272/53 137/166/53 44/171/44 71/274/70
f 74/273/73 181/272/53 71/274/70 8/275/8
f 14/200/14 67/276/66 182/277/172 72/201/71
f 67/276/66 43/157/43 138/160/136 182/277/172
f 182/277/172 138/160/136 47/162/47 91/278/90
f 72/201/71 182/277/172 91/278/90 28/202/28
f 122/156/121 121/155/120 41/134/41 42/137/42
f 13/55/13 123/279/122 124/280/123 7/56/7
f 30/52/30 89/50/88 183/281/173 127/282/126
f 89/50/88 31/49/31 96/283/95 183/281/173
f 183/281/173 96/283/95 48/148/48 139/145/137
f 127/282/126 183/281/173 139/145/137 47/144/47
f 17/180/17 84/178/83 184/284/174 125/285/124
f 84/178/83 25/177/25 83/286/82 184/284/174
f 184/284/174 83/286/82 46/111/46 140/108/138
f 125/285/124 184/284/174 140/108/138 45/107/45
f 185/226/175 141/105/139 48/106/48 96/287/95
f 58/17/57 185/226/175 96/287/95 31/18/31
f 186/127/176 142/84/140 46/85/46 83/288/82
f 103/128/102 186/127/176 83/288/82 25/214/25
f 124/280/123 123/279/122 43/57/43 44/60/44
f 3/289/3 122/290/121 187/291/53 78/292/77
f 122/290/121 42/293/42 143/294/53 187/291/53
f 187/291/53 143/294/53 53/295/53 144/296/53
f 78/292/77 187/291/53 144/296/53 10/297/10
f 42/293/42 57/298/56 188/299/53 143/294/53
f 57/298/56 4/300/4 62/301/61 188/299/53
f 188/299/53 62/301/61 5/302/5 145/303/53
f 143/294/53 188/299/53 145/303/53 53/295/53
f 10/297/10 144/296/53 189/304/53 77/305/76
f 144/296/53 53/295/53 146/306/53 189/304/53
f 189/304/53 146/306/53 54/163/53 147/271/53
f 77/305/76 189/304/53 147/271/53 9/270/9
f 53/295/53 145/303/53 190/307/53 146/306/53
f 145/303/53 5/302/5 65/308/64 190/307/53
f 190/307/53 65/308/64 6/167/6 148/164/53
f 146/306/53 190/307/53 148/164/53 54/163/53
f 1/309/1 56/11/55 62/10/61 4/310/4
f 229/311/215 293/312/279 321/313/307 305/314/291
f 293/312/279 228/315/214 306/316/292 321/313/307
f 321/313/307 306/316/292 191/317/177 233/318/219
f 305/314/291 321/313/307 233/318/219 192/319/178
f 231/320/217 308/321/294 322/322/308 296/323/282
f 308/321/294 194/324/180 236/325/222 322/322/308
f 322/322/308 236/325/222 195/326/181 307/327/293
f 296/323/282 322/322/308 307/327/293 232/328/218
f 230/329/216 294/330/280 323/331/309 309/332/295
f 294/330/280 229/311/215 305/314/291 323/331/309
f 323/331/309 305/314/291 192/319/178 234/333/220
f 309/332/295 323/331/309 234/333/220 193/334/179
f 228/315/214 292/335/278 324/336/310 306/316/292
f 227/337/213 303/338/289 324/336/310 292/335/278
f 191/317/177 306/316/292 324/336/310 303/338/289
f 226/339/212 302/340/288 325/341/311 304/342/290
f 232/328/218 307/327/293 325/341/311 302/340/288
f 195/326/181 304/342/290 325/341/311 307/327/293
f 231/343/217 295/344/281 326/345/312 308/346/294
f 295/347/281 230/348/216 309/349/295 326/350/312
f 326/350/312 309/349/295 193/351/179 235/352/221
f 308/346/294 326/345/312 235/353/221 194/354/180
f 194/324/180 241/355/227 327/356/313 236/325/222
f 241/355/227 199/357/185 240/358/226 327/356/313
f 327/356/313 240/358/226 200/359/186 245/360/231
f 236/325/222 327/356/313 245/360/231 195/326/181
f 193/334/179 234/333/220 328/361/314 242/362/228
f 234/333/220 192/319/178 243/363/229 328/361/314
f 328/361/314 243/363/229 197/364/183 238/365/224
f 242/362/228 328/361/314 238/365/224 198/366/184
f 191/317/177 303/338/289 329/367/315 244/368/230
f 227/337/213 310/369/296 329/367/315 303/338/289
f 196/370/182 244/368/230 329/367/315 310/369/296
f 226/339/212 304/342/290 330/371/316 311/372/297
f 195/326/181 245/360/231 330/371/316 304/342/290
f 200/359/186 311/372/297 330/371/316 245/360/231
f 194/354/180 235/353/221 331/373/317 241/374/227
f 235/375/221 193/334/179 242/362/228 331/376/317
f 331/376/317 242/362/228 198/366/184 239/377/225
f 241/374/227 331/373/317 239/378/225 199/379/185
f 192/319/178 233/318/219 332/380/318 243/363/229
f 233/318/219 191/317/177 244/368/230 332/380/318
f 332/380/318 244/368/230 196/370/182 237/381/223
f 243/363/229 332/380/318 237/381/223 197/364/183
f 226/339/212 311/372/297 333/382/319 313/383/299
f 200/359/186 250/384/236 333/382/319 311/372/297
f 205/385/191 313/383/299 333/382/319 250/384/236
f 200/359/186 240/358/226 334/386/320 250/384/236
f 240/358/226 199/357/185 251/387/237 334/386/320
f 334/386/320 251/387/237 204/388/190 249/389/235
f 250/384/236 334/386/320 249/389/235 205/385/191
f 199/379/185 239/378/225 335/390/321 251/391/237
f 239/377/225 198/366/184 252/392/238 335/393/321
f 335/393/321 252/392/238 203/394/189 248/395/234
f 251/391/237 335/390/321 248/396/234 204/397/190
f 197/364/183 237/381/223 336/398/322 253/399/239
f 237/381/223 196/370/182 254/400/240 336/398/322
f 336/398/322 254/400/240 201/401/187 246/402/232
f 253/399/239 336/398/322 246/402/232 202/403/188
f 198/366/184 238/365/224 337/404/323 252/392/238
f 238/365/224 197/364/183 253/399/239 337/404/323
f 337/404/323 253/399/239 202/403/188 247/405/233
f 252/392/238 337/404/323 247/405/233 203/394/189
f 196/370/182 310/369/296 338/406/324 254/400/240
f 227/337/213 312/407/298 338/406/324 310/369/296
f 201/401/187 254/400/240 338/406/324 312/407/298
f 204/397/190 248/396/234 339/408/325 259/409/245
f 248/395/234 203/394/189 260/410/246 339/411/325
f 339/411/325 260/410/246 208/412/194 257/413/243
f 259/409/245 339/408/325 257/414/243 209/415/195
f 202/403/188 246/402/232 340/416/326 261/417/247
f 246/402/232 201/401/187 262/418/248 340/416/326
f 340/416/326 262/418/248 206/419/192 255/420/241
f 261/417/247 340/416/326 255/420/241 207/421/193
f 204/388/190 259/422/245 341/423/327 249/389/235
f 259/422/245 209/424/195 258/425/244 341/423/327
f 341/423/327 258/425/244 210/426/196 263/427/249
f 249/389/235 341/423/327 263/427/249 205/385/191
f 203/394/189 247/405/233 342/428/328 260/410/246
f 247/405/233 202/403/188 261/417/247 342/428/328
f 342/428/328 261/417/247 207/421/193 256/429/242
f 260/410/246 342/428/328 256/429/242 208/412/194
f 201/401/187 312/407/298 343/430/329 262/418/248
f 227/337/213 314/431/300 343/430/329 312/407/298
f 206/419/192 262/418/248 343/430/329 314/431/300
f 226/339/212 313/383/299 344/432/330 315/433/301
f 205/385/191 263/427/249 344/432/330 313/383/299
f 210/426/196 315/433/301 344/432/330 263/427/249
f 209/424/195 269/434/255 345/435/331 258/425/244
f 269/434/255 214/436/200 267/437/253 345/435/331
f 345/435/331 267/437/253 215/438/201 268/439/254
f 258/425/244 345/435/331 268/439/254 210/426/196
f 208/412/194 256/429/242 346/440/332 270/441/256
f 256/429/242 207/421/193 271/442/257 346/440/332
f 346/440/332 271/442/257 212/443/198 265/444/251
f 270/441/256 346/440/332 265/444/251 213/445/199
f 206/419/192 314/431/300 347/446/333 272/447/258
f 227/337/213 316/448/302 347/446/333 314/431/300
f 211/449/197 272/447/258 347/446/333 316/448/302
f 226/339/212 315/433/301 348/450/334 317/451/303
f 210/426/196 268/439/254 348/450/334 315/433/301
f 215/438/201 317/451/303 348/450/334 268/439/254
f 209/415/195 257/414/243 349/452/335 269/453/255
f 257/413/243 208/412/194 270/441/256 349/454/335
f 349/454/335 270/441/256 213/445/199 266/455/252
f 269/453/255 349/452/335 266/456/252 214/457/200
f 207/421/193 255/420/241 350/458/336 271/442/257
f 255/420/241 206/419/192 272/447/258 350/458/336
f 350/458/336 272/447/258 211/449/197 264/459/250
f 271/442/257 350/458/336 264/459/250 212/443/198
f 213/445/199 265/444/251 351/460/337 277/461/263
f 265/444/251 212/443/198 278/462/264 351/460/337
f 351/460/337 278/462/264 217/463/203 274/464/260
f 277/461/263 351/460/337 274/464/260 218/465/204
f 211/449/197 316/448/302 352/466/338 279/467/265
f 227/337/213 318/468/304 352/466/338 316/448/302
f 216/469/202 279/467/265 352/466/338 318/468/304
f 226/339/212 317/451/303 353/470/339 319/471/305
f 215/438/201 280/472/266 353/470/339 317/451/303
f 220/473/206 319/471/305 353/470/339 280/472/266
f 215/438/201 267/437/253 354/474/340 280/472/266
f 267/437/253 214/436/200 281/475/267 354/474/340
f 354/474/340 281/475/267 219/476/205 276/477/262
f 280/472/266 354/474/340 276/477/262 220/473/206
f 214/457/200 266/456/252 355/478/341 281/479/267
f 266/455/252 213/445/199 277/461/263 355/480/341
f 355/480/341 277/461/263 218/465/204 275/481/261
f 281/479/267 355/478/341 275/482/261 219/483/205
f 212/443/198 264/459/250 356/484/342 278/462/264
f 264/459/250 211/449/197 279/467/265 356/484/342
f 356/484/342 279/467/265 216/469/202 273/485/259
f 278/462/264 356/484/342 273/485/259 217/463/203
f 226/339/212 319/471/305 357/486/343 286/487/272
f 220/473/206 287/488/273 357/486/343 319/471/305
f 225/489/211 286/487/272 357/486/343 287/488/273
f 220/473/206 276/477/262 358/490/344 287/488/273
f 276/477/262 219/476/205 288/491/274 358/490/344
f 358/490/344 288/491/274 224/492/210 285/493/271
f 287/488/273 358/490/344 285/493/271 225/489/211
f 219/483/205 275/482/261 359/494/345 288/495/274
f 275/481/261 218/465/204 289/496/275 359/497/345
f 359/497/345 289/496/275 223/498/209 284/499/270
f 288/495/274 359/494/345 284/500/270 224/501/210
f 217/463/203 273/485/259 360/502/346 290/503/276
f 273/485/259 216/469/202 291/504/277 360/502/346
f 360/502/346 291/504/277 221/505/207 282/506/268
f 290/503/276 360/502/346 282/506/268 222/507/208
f 218/465/204 274/464/260 361/508/347 289/496/275
f 274/464/260 217/463/203 290/503/276 361/508/347
f 361/508/347 290/503/276 222/507/208 283/509/269
f 289/496/275 361/508/347 283/509/269 223/498/209
f 216/469/202 318/468/304 362/510/348 291/504/277
f 227/337/213 320/511/306 362/510/348 318/468/304
f 221/505/207 291/504/277 362/510/348 320/511/306
f 222/507/208 282/506/268 363/512/349 297/513/283
f 282/506/268 221/505/207 298/514/284 363/512/349
f 363/512/349 298/514/284 228/315/214 293/312/279
f 297/513/283 363/512/349 293/312/279 229/311/215
f 224/492/210 300/515/286 364/516/350 285/493/271
f 300/515/286 231/320/217 296/323/282 364/516/350
f 364/516/350 296/323/282 232/328/218 299/517/285
f 285/493/271 364/516/350 299/517/285 225/489/211
f 223/498/209 283/509/269 365/518/351 301/519/287
f 283/509/269 222/507/208 297/513/283 365/518/351
f 365/518/351 297/513/283 229/311/215 294/330/280
f 301/519/287 365/518/351 294/330/280 230/329/216
f 221/505/207 320/511/306 366/520/352 298/514/284
f 227/337/213 292/335/278 366/520/352 320/511/306
f 228/315/214 298/514/284 366/520/352 292/335/278
f 226/339/212 286/487/272 367/521/353 302/340/288
f 225/489/211 299/517/285 367/521/353 286/487/272
f 232/328/218 302/340/288 367/521/353 299/517/285
f 224/501/210 284/500/270 368/522/354 300/523/286
f 284/524/270 223/525/209 301/526/287 368/527/354
f 368/527/354 301/526/287 230/348/216 295/347/281
f 300/523/286 368/522/354 295/344/281 231/343/217
f 369/528/355 371/529/357 370/530/356
f 372/531/358 373/532/359 374/533/360
f 369/534/355 370/535/356 373/536/359 372/537/358
f 370/538/356 371/539/357 374/540/360 373/541/359
f 371/542/357 369/543/355 372/544/358 374/545/360
f 375/546/361 377/547/363 376/548/362
f 378/549/364 379/550/365 380/551/366
f 375/552/361 376/553/362 379/554/365 378/555/364
f 376/556/362 377/557/363 380/558/366 379/559/365
f 377/560/363 375/561/361 378/562/364 380/563/366
f 381/564/367 383/565/369 382/566/368
f 384/567/370 385/568/371 386/569/372
f 381/570/367 382/571/368 385/572/371 384/573/370
f 382/574/368 383/575/369 386/576/372 385/577/371
f 383/578/369 381/579/367 384/580/370 386/581/372
f 387/582/373 389/583/375 388/584/374
f 390/585/376 391/586/377 392/587/378
f 387/588/373 388/589/374 391/590/377 390/591/376
f 388/584/374 389/583/375 392/592/378 391/593/377
f 389/594/375 387/595/373 390/596/376 392/597/378
f 393/598/379 395/599/381 394/600/380
f 396/601/382 397/602/383 398/603/384
f 393/604/379 394/605/380 397/606/383 396/607/382
f 394/608/380 395/609/381 398/610/384 397/611/383
f 395/612/381 393/613/379 396/614/382 398/615/384
f 399/616/385 401/617/387 400/618/386
f 402/619/388 403/620/389 404/621/390
f 399/622/385 400/623/386 403/624/389 402/625/388
f 400/626/386 401/627/387 404/628/390 403/629/389
f 401/630/387 399/631/385 402/632/388 404/633/390
f 405/634/391 406/635/392 407/636/393
f 408/637/394 410/638/396 409/639/395
f 405/640/391 408/641/394 409/642/395 406/643/392
f 406/644/392 409/645/395 410/646/396 407/647/393
f 407/648/393 410/649/396 408/650/394 405/651/391
f 411/652/397 412/653/398 413/654/399
f 414/655/400 416/656/402 415/657/401
f 411/658/397 414/659/400 415/660/401 412/661/398
f 412/662/398 415/663/401 416/664/402 413/665/399
f 413/666/399 416/667/402 414/668/400 411/669/397
f 417/670/403 418/671/404 419/672/405
f 420/673/406 422/674/408 421/675/407
f 417/676/403 420/677/406 421/678/407 418/679/404
f 418/680/404 421/681/407 422/682/408 419/683/405
f 419/684/405 422/685/408 420/686/406 417/687/403
f 423/688/409 424/689/410 425/690/411
f 426/691/412 428/692/414 427/693/413
f 423/694/409 426/695/412 427/696/413 424/697/410
f 424/689/410 427/698/413 428/699/414 425/690/411
f 425/580/411 428/700/414 426/701/412 423/702/409
f 429/703/415 430/704/416 431/705/417
f 432/706/418 434/707/420 433/708/419
f 429/709/415 432/710/418 433/711/419 430/712/416
f 430/704/416 433/713/419 434/714/420 431/705/417
f 431/715/417 434/716/420 432/717/418 429/718/415
f 435/719/421 436/720/422 437/721/423
f 438/722/424 440/723/426 439/724/425
f 435/725/421 438/726/424 439/727/425 436/728/422
f 436/729/422 439/730/425 440/731/426 437/732/423
f 437/733/423 440/734/426 438/735/424 435/736/421
f 479/737/465 555/738/541 571/739/557 543/740/529
f 543/740/529 571/739/557 556/741/542 478/742/464
f 571/739/557 483/743/469 441/744/427 556/741/542
f 555/738/541 442/745/428 483/743/469 571/739/557
f 481/746/467 546/747/532 572/748/558 558/749/544
f 558/749/544 572/748/558 486/750/472 444/751/430
f 572/748/558 557/752/543 445/753/431 486/750/472
f 546/747/532 482/754/468 557/752/543 572/748/558
f 480/755/466 559/756/545 573/757/559 544/758/530
f 544/759/530 573/760/559 555/738/541 479/737/465
f 573/760/559 484/761/470 442/745/428 555/738/541
f 559/762/545 443/763/429 484/761/470 573/760/559
f 478/742/464 556/741/542 574/764/560 542/765/528
f 477/766/463 542/765/528 574/764/560 553/767/539
f 441/744/427 553/767/539 574/764/560 556/741/542
f 476/768/462 554/769/540 575/770/561 552/771/538
f 482/754/468 552/771/538 575/770/561 557/752/543
f 445/753/431 557/752/543 575/770/561 554/769/540
f 481/772/467 558/773/544 576/774/562 545/775/531
f 545/776/531 576/777/562 559/756/545 480/755/466
f 576/778/562 485/779/471 443/763/429 559/762/545
f 558/773/544 444/780/430 485/781/471 576/774/562
f 444/751/430 486/750/472 577/782/563 491/783/477
f 491/783/477 577/782/563 490/784/476 449/785/435
f 577/782/563 495/786/481 450/787/436 490/784/476
f 486/750/472 445/753/431 495/786/481 577/782/563
f 443/763/429 492/788/478 578/789/564 484/761/470
f 484/761/470 578/789/564 493/790/479 442/745/428
f 578/789/564 488/791/474 447/792/433 493/790/479
f 492/788/478 448/793/434 488/791/474 578/789/564
f 441/744/427 494/794/480 579/795/565 553/767/539
f 477/766/463 553/767/539 579/795/565 560/796/546
f 446/797/432 560/796/546 579/795/565 494/794/480
f 476/768/462 561/798/547 580/799/566 554/769/540
f 445/753/431 554/769/540 580/799/566 495/786/481
f 450/787/436 495/786/481 580/799/566 561/798/547
f 444/780/430 491/800/477 581/801/567 485/781/471
f 485/779/471 581/802/567 492/788/478 443/763/429
f 581/802/567 489/803/475 448/793/434 492/788/478
f 491/800/477 449/804/435 489/805/475 581/801/567
f 442/745/428 493/790/479 582/806/568 483/743/469
f 483/743/469 582/806/568 494/794/480 441/744/427
f 582/806/568 487/807/473 446/797/432 494/794/480
f 493/790/479 447/792/433 487/807/473 582/806/568
f 476/768/462 563/808/549 583/809/569 561/798/547
f 450/787/436 561/798/547 583/809/569 500/810/486
f 455/811/441 500/810/486 583/809/569 563/808/549
f 450/787/436 500/810/486 584/812/570 490/784/476
f 490/784/476 584/812/570 501/813/487 449/785/435
f 584/812/570 499/814/485 454/815/440 501/813/487
f 500/810/486 455/811/441 499/814/485 584/812/570
f 449/804/435 501/816/487 585/817/571 489/805/475
f 489/803/475 585/818/571 502/819/488 448/793/434
f 585/818/571 498/820/484 453/821/439 502/819/488
f 501/816/487 454/822/440 498/823/484 585/817/571
f 447/792/433 503/824/489 586/825/572 487/807/473
f 487/807/473 586/825/572 504/826/490 446/797/432
f 586/825/572 496/827/482 451/828/437 504/826/490
f 503/824/489 452/829/438 496/827/482 586/825/572
f 448/793/434 502/819/488 587/830/573 488/791/474
f 488/791/474 587/830/573 503/824/489 447/792/433
f 587/830/573 497/831/483 452/829/438 503/824/489
f 502/819/488 453/821/439 497/831/483 587/830/573
f 446/797/432 504/826/490 588/832/574 560/796/546
f 477/766/463 560/796/546 588/832/574 562/833/548
f 451/828/437 562/833/548 588/832/574 504/826/490
f 454/822/440 509/834/495 589/835/575 498/823/484
f 498/820/484 589/836/575 510/837/496 453/821/439
f 589/836/575 507/838/493 458/839/444 510/837/496
f 509/834/495 459/840/445 507/841/493 589/835/575
f 452/829/438 511/842/497 590/843/576 496/827/482
f 496/827/482 590/843/576 512/844/498 451/828/437
f 590/843/576 505/845/491 456/846/442 512/844/498
f 511/842/497 457/847/443 505/845/491 590/843/576
f 454/815/440 499/814/485 591/848/577 509/849/495
f 509/849/495 591/848/577 508/850/494 459/851/445
f 591/848/577 513/852/499 460/853/446 508/850/494
f 499/814/485 455/811/441 513/852/499 591/848/577
f 453/821/439 510/837/496 592/854/578 497/831/483
f 497/831/483 592/854/578 511/842/497 452/829/438
f 592/854/578 506/855/492 457/847/443 511/842/497
f 510/837/496 458/839/444 506/855/492 592/854/578
f 451/828/437 512/844/498 593/856/579 562/833/548
f 477/766/463 562/833/548 593/856/579 564/857/550
f 456/846/442 564/857/550 593/856/579 512/844/498
f 476/768/462 565/858/551 594/859/580 563/808/549
f 455/811/441 563/808/549 594/859/580 513/852/499
f 460/853/446 513/852/499 594/859/580 565/858/551
f 459/851/445 508/850/494 595/860/581 519/861/505
f 519/861/505 595/860/581 517/862/503 464/863/450
f 595/860/581 518/864/504 465/865/451 517/862/503
f 508/850/494 460/853/446 518/864/504 595/860/581
f 458/839/444 520/866/506 596/867/582 506/855/492
f 506/855/492 596/867/582 521/868/507 457/847/443
f 596/867/582 515/869/501 462/870/448 521/868/507
f 520/866/506 463/871/449 515/869/501 596/867/582
f 456/846/442 522/872/508 597/873/583 564/857/550
f 477/766/463 564/857/550 597/873/583 566/874/552
f 461/875/447 566/874/552 597/873/583 522/872/508
f 476/768/462 567/876/553 598/877/584 565/858/551
f 460/853/446 565/858/551 598/877/584 518/864/504
f 465/865/451 518/864/504 598/877/584 567/876/553
f 459/840/445 519/878/505 599/879/585 507/841/493
f 507/838/493 599/880/585 520/866/506 458/839/444
f 599/881/585 516/882/502 463/883/449 520/884/506
f 519/878/505 464/885/450 516/886/502 599/879/585
f 457/847/443 521/868/507 600/887/586 505/845/491
f 505/845/491 600/887/586 522/872/508 456/846/442
f 600/887/586 514/888/500 461/875/447 522/872/508
f 521/868/507 462/870/448 514/888/500 600/887/586
f 463/883/449 527/889/513 601/890/587 515/891/501
f 515/891/501 601/890/587 528/892/514 462/893/448
f 601/890/587 524/894/510 467/895/453 528/892/514
f 527/889/513 468/896/454 524/894/510 601/890/587
f 461/875/447 529/897/515 602/898/588 566/874/552
f 477/766/463 566/874/552 602/898/588 568/899/554
f 466/900/452 568/899/554 602/898/588 529/897/515
f 476/768/462 569/901/555 603/902/589 567/876/553
f 465/865/451 567/876/553 603/902/589 530/903/516
f 470/904/456 530/903/516 603/902/589 569/901/555
f 465/865/451 530/903/516 604/905/590 517/862/503
f 517/862/503 604/905/590 531/906/517 464/863/450
f 604/905/590 526/907/512 469/908/455 531/906/517
f 530/903/516 470/904/456 526/907/512 604/905/590
f 464/885/450 531/909/517 605/910/591 516/886/502
f 516/882/502 605/911/591 527/889/513 463/883/449
f 605/911/591 525/912/511 468/896/454 527/889/513
f 531/909/517 469/913/455 525/914/511 605/910/591
f 462/870/448 528/915/514 606/916/592 514/888/500
f 514/888/500 606/916/592 529/897/515 461/875/447
f 606/916/592 523/917/509 466/900/452 529/897/515
f 528/915/514 467/918/453 523/917/509 606/916/592
f 476/768/462 536/919/522 607/920/593 569/901/555
f 470/904/456 569/901/555 607/920/593 537/921/523
f 475/922/461 537/921/523 607/920/593 536/919/522
f 470/904/456 537/921/523 608/923/594 526/907/512
f 526/907/512 608/923/594 538/924/524 469/908/455
f 608/923/594 535/925/521 474/926/460 538/924/524
f 537/921/523 475/922/461 535/925/521 608/923/594
f 469/913/455 538/927/524 609/928/595 525/914/511
f 525/912/511 609/929/595 539/930/525 468/896/454
f 609/929/595 534/931/520 473/932/459 539/930/525
f 538/927/524 474/933/460 534/934/520 609/928/595
f 467/918/453 540/935/526 610/936/596 523/917/509
f 523/917/509 610/936/596 541/937/527 466/900/452
f 610/936/596 532/938/518 471/939/457 541/937/527
f 540/935/526 472/940/458 532/938/518 610/936/596
f 468/896/454 539/930/525 611/941/597 524/894/510
f 524/894/510 611/941/597 540/942/526 467/895/453
f 611/941/597 533/943/519 472/944/458 540/942/526
f 539/930/525 473/932/459 533/943/519 611/941/597
f 466/900/452 541/937/527 612/945/598 568/899/554
f 477/766/463 568/899/554 612/945/598 570/946/556
f 471/939/457 570/946/556 612/945/598 541/937/527
f 472/940/458 547/947/533 613/948/599 532/938/518
f 532/938/518 613/948/599 548/949/534 471/939/457
f 613/948/599 543/740/529 478/742/464 548/949/534
f 547/947/533 479/737/465 543/740/529 613/948/599
f 474/926/460 535/925/521 614/950/600 550/951/536
f 550/951/536 614/950/600 546/747/532 481/746/467
f 614/950/600 549/952/535 482/754/468 546/747/532
f 535/925/521 475/922/461 549/952/535 614/950/600
f 473/953/459 551/954/537 615/955/601 533/956/519
f 533/957/519 615/958/601 547/947/533 472/940/458
f 615/958/601 544/759/530 479/737/465 547/947/533
f 551/954/537 480/755/466 544/758/530 615/955/601
f 471/939/457 548/949/534 616/959/602 570/946/556
f 477/766/463 570/946/556 616/959/602 542/765/528
f 478/742/464 542/765/528 616/959/602 548/949/534
f 476/768/462 552/771/538 617/960/603 536/919/522
f 475/922/461 536/919/522 617/960/603 549/952/535
f 482/754/468 549/952/535 617/960/603 552/771/538
f 474/933/460 550/961/536 618/962/604 534/934/520
f 534/963/520 618/964/604 551/954/537 473/953/459
f 618/964/604 545/776/531 480/755/466 551/954/537
f 550/961/536 481/772/467 545/775/531 618/962/604
f 619/965/605 620/966/606 621/967/607
f 622/968/608 624/969/610 623/970/609
f 619/971/605 622/972/608 623/973/609 620/974/606
f 620/975/606 623/976/609 624/977/610 621/978/607
f 621/979/607 624/980/610 622/981/608 619/982/605
f 625/983/611 626/984/612 627/985/613
f 628/986/614 630/987/616 629/988/615
f 625/989/611 628/990/614 629/991/615 626/992/612
f 626/993/612 629/994/615 630/995/616 627/996/613
f 627/997/613 630/998/616 628/999/614 625/1000/611
f 631/1001/617 632/1002/618 633/1003/619
f 634/1004/620 636/1005/622 635/1006/621
f 631/1001/617 634/1007/620 635/1008/621 632/1002/618
f 632/1009/618 635/1010/621 636/1011/622 633/1012/619
f 633/1013/619 636/1014/622 634/1015/620 631/1016/617
f 637/1017/623 638/1018/624 639/1019/625
f 640/1020/626 642/1021/628 641/1022/627
f 637/1023/623 640/1020/626 641/1022/627 638/1024/624
f 638/1025/624 641/1026/627 642/1027/628 639/1028/625
f 639/1029/625 642/1030/628 640/1031/626 637/1032/623
f 643/1033/629 644/1034/630 645/1035/631
f 646/1036/632 648/1037/634 647/1038/633
f 643/1039/629 646/1040/632 647/1041/633 644/1042/630
f 644/1043/630 647/1044/633 648/1045/634 645/1046/631
f 645/1047/631 648/1048/634 646/1049/632 643/1050/629
f 649/1051/635 650/1052/636 651/1053/637
f 652/1054/638 654/1055/640 653/1056/639
f 649/1057/635 652/1058/638 653/1059/639 650/1060/636
f 650/1061/636 653/1062/639 654/1063/640 651/1064/637
f 651/1065/637 654/1066/640 652/1067/638 649/1068/635
f 655/1069/641 657/1070/643 656/1071/642
f 658/1072/644 659/1073/645 660/1074/646
f 655/1075/641 656/1076/642 659/1077/645 658/1078/644
f 656/1079/642 657/1080/643 660/1081/646 659/1082/645
f 657/1083/643 655/1084/641 658/1085/644 660/1086/646
f 661/674/647 663/1087/649 662/1088/648
f 664/1089/650 665/1090/651 666/1091/652
f 661/1092/647 662/1093/648 665/1094/651 664/1095/650
f 662/1096/648 663/1097/649 666/1098/652 665/1099/651
f 663/1100/649 661/1101/647 664/1102/650 666/1103/652
f 667/1104/653 669/1105/655 668/1106/654
f 670/1107/656 671/1108/657 672/1109/658
f 667/989/653 668/1110/654 671/1111/657 670/1112/656
f 668/1113/654 669/1114/655 672/1115/658 671/1116/657
f 669/1117/655 667/1118/653 670/1119/656 672/1120/658
f 673/1121/659 675/1122/661 674/1123/660
f 676/1124/662 677/1125/663 678/1126/664
f 673/1127/659 674/1128/660 677/1129/663 676/1130/662
f 674/1131/660 675/1132/661 678/1133/664 677/1134/663
f 675/1135/661 673/1136/659 676/1137/662 678/1138/664
f 679/1139/665 681/1140/667 680/1141/666
f 682/1142/668 683/1143/669 684/1144/670
f 679/1145/665 680/1146/666 683/1147/669 682/1148/668
f 680/1149/666 681/1150/667 684/1151/670 683/1152/669
f 681/1153/667 679/1154/665 682/666/668 684/1155/670
f 685/1156/671 687/1157/673 686/1158/672
f 688/1159/674 689/1160/675 690/1161/676
f 685/1162/671 686/1163/672 689/1150/675 688/1164/674
f 686/1165/672 687/1166/673 690/1167/676 689/560/675
f 687/1168/673 685/1169/671 688/1170/674 690/1171/676
f 739/1172/725 692/1173/678 694/1174/680 740/1175/726
f 740/1175/726 694/1174/680 696/1176/682 741/1177/727
f 741/1178/727 696/1179/682 698/1180/684 742/1181/728
f 742/1181/728 698/1180/684 700/1182/686 743/1183/729
f 743/1183/729 700/1182/686 702/1184/688 744/1185/730
f 744/1185/730 702/1184/688 704/1186/690 745/1187/731
f 745/1188/731 704/1189/690 706/1190/692 746/1191/732
f 746/1191/732 706/1190/692 708/1192/694 747/1193/733
f 747/1193/733 708/1192/694 710/1194/696 748/1195/734
f 748/1195/734 710/1194/696 712/1196/698 749/1197/735
f 749/1198/735 712/1199/698 714/1200/700 750/1201/736
f 750/1201/736 714/1200/700 716/1202/702 751/1203/737
f 751/1203/737 716/1202/702 718/1204/704 752/1205/738
f 752/1206/738 718/1207/704 720/1208/706 753/1209/739
f 694/1174/680 692/1173/678 722/1210/708 720/1208/706 718/1207/704 716/1211/702 714/1212/700 712/1213/698 710/1214/696 708/1215/694 706/1216/692 704/1217/690 702/1218/688 700/1219/686 698/1220/684 696/1176/682
f 753/1209/739 720/1208/706 722/1210/708 754/1221/740
f 754/1221/740 722/1210/708 692/1173/678 739/1172/725
f 691/1222/677 693/1223/679 695/1224/681 697/1225/683 699/1226/685 701/1227/687 703/1228/689 705/1229/691 707/1230/693 709/1231/695 711/1232/697 713/1233/699 715/1234/701 717/1235/703 719/1236/705 721/1237/707
f 818/1238/804 738/1239/724 723/1240/709 803/1241/789
f 817/1242/803 737/1243/723 738/1239/724 818/1238/804
f 816/1244/802 736/1245/722 737/1243/723 817/1242/803
f 815/1246/801 735/1247/721 736/1248/722 816/1249/802
f 814/1250/800 734/1251/720 735/1247/721 815/1246/801
f 813/1252/799 733/1253/719 734/1251/720 814/1250/800
f 812/1254/798 732/1255/718 733/1256/719 813/1257/799
f 811/1258/797 731/1259/717 732/1255/718 812/1254/798
f 810/1260/796 730/1261/716 731/1259/717 811/1258/797
f 809/1262/795 729/1263/715 730/1261/716 810/1260/796
f 808/1264/794 728/1265/714 729/1266/715 809/1267/795
f 807/1268/793 727/1269/713 728/1265/714 808/1264/794
f 806/1270/792 726/1271/712 727/1269/713 807/1268/793
f 805/1272/791 725/1273/711 726/1271/712 806/1270/792
f 804/1274/790 724/1275/710 725/1276/711 805/1277/791
f 803/1241/789 723/1240/709 724/1275/710 804/1274/790
f 738/1239/724 754/1278/740 739/1279/725 723/1240/709
f 737/1243/723 753/1280/739 754/1278/740 738/1239/724
f 736/1245/722 752/1281/738 753/1280/739 737/1243/723
f 735/1247/721 751/1203/737 752/1205/738 736/1248/722
f 734/1251/720 750/1201/736 751/1203/737 735/1247/721
f 733/1253/719 749/1198/735 750/1201/736 734/1251/720
f 732/1255/718 748/1195/734 749/1197/735 733/1256/719
f 731/1259/717 747/1193/733 748/1195/734 732/1255/718
f 730/1261/716 746/1191/732 747/1193/733 731/1259/717
f 729/1263/715 745/1188/731 746/1191/732 730/1261/716
f 728/1265/714 744/1185/730 745/1187/731 729/1266/715
f 727/1269/713 743/1183/729 744/1185/730 728/1265/714
f 726/1271/712 742/1181/728 743/1183/729 727/1269/713
f 725/1273/711 741/1178/727 742/1181/728 726/1271/712
f 724/1275/710 740/1282/726 741/1283/727 725/1276/711
f 723/1240/709 739/1279/725 740/1282/726 724/1275/710
f 787/1284/773 770/1285/756 755/1286/741 788/1287/774
f 788/1287/774 755/1286/741 756/1288/742 789/1289/775
f 789/1290/775 756/1291/742 757/1292/743 790/1293/776
f 790/1293/776 757/1292/743 758/1294/744 791/1295/777
f 791/1295/777 758/1294/744 759/1296/745 792/1297/778
f 792/1297/778 759/1296/745 760/1298/746 793/1299/779
f 793/1300/779 760/1301/746 761/1302/747 794/1303/780
f 794/1303/780 761/1302/747 762/1304/748 795/1305/781
f 795/1305/781 762/1304/748 763/1306/749 796/1307/782
f 796/1307/782 763/1306/749 764/1308/750 797/1309/783
f 797/1310/783 764/1311/750 765/1312/751 798/1313/784
f 798/1313/784 765/1312/751 766/1314/752 799/1315/785
f 799/1315/785 766/1314/752 767/1316/753 800/1317/786
f 800/1317/786 767/1316/753 768/1318/754 801/1319/787
f 801/1320/787 768/1321/754 769/1322/755 802/1323/788
f 802/1323/788 769/1322/755 770/1285/756 787/1284/773
f 833/1324/819 785/1325/771 786/1326/772 834/1327/820
f 832/1328/818 784/1329/770 785/1325/771 833/1324/819
f 831/1330/817 783/1331/769 784/1332/770 832/1333/818
f 830/1334/816 782/1335/768 783/1331/769 831/1330/817
f 829/1336/815 781/1337/767 782/1335/768 830/1334/816
f 828/1338/814 780/1339/766 781/1337/767 829/1336/815
f 827/1340/813 779/1341/765 780/1342/766 828/1343/814
f 826/1344/812 778/1345/764 779/1341/765 827/1340/813
f 825/1346/811 777/1347/763 778/1345/764 826/1344/812
f 824/1348/810 776/1349/762 777/1347/763 825/1346/811
f 823/1350/809 775/1351/761 776/1352/762 824/1353/810
f 822/1354/808 774/1355/760 775/1351/761 823/1350/809
f 821/1356/807 773/1357/759 774/1355/760 822/1354/808
f 820/1358/806 772/1359/758 773/1357/759 821/1356/807
f 819/1360/805 771/1361/757 772/1362/758 820/1363/806
f 834/1327/820 786/1326/772 771/1361/757 819/1360/805
f 785/1325/771 802/1323/788 787/1284/773 786/1326/772
f 784/1329/770 801/1320/787 802/1323/788 785/1325/771
f 783/1331/769 800/1317/786 801/1319/787 784/1332/770
f 782/1335/768 799/1315/785 800/1317/786 783/1331/769
f 781/1337/767 798/1313/784 799/1315/785 782/1335/768
f 780/1339/766 797/1310/783 798/1313/784 781/1337/767
f 779/1341/765 796/1307/782 797/1309/783 780/1342/766
f 778/1345/764 795/1305/781 796/1307/782 779/1341/765
f 777/1347/763 794/1303/780 795/1305/781 778/1345/764
f 776/1349/762 793/1300/779 794/1303/780 777/1347/763
f 775/1351/761 792/1297/778 793/1299/779 776/1352/762
f 774/1355/760 791/1295/777 792/1297/778 775/1351/761
f 773/1357/759 790/1293/776 791/1295/777 774/1355/760
f 772/1359/758 789/1290/775 790/1293/776 773/1357/759
f 771/1361/757 788/1287/774 789/1289/775 772/1362/758
f 786/1326/772 787/1284/773 788/1287/774 771/1361/757
f 770/1285/756 803/1241/789 804/1274/790 755/1286/741
f 755/1286/741 804/1274/790 805/1277/791 756/1288/742
f 756/1291/742 805/1272/791 806/1270/792 757/1292/743
f 757/1292/743 806/1270/792 807/1268/793 758/1294/744
f 758/1294/744 807/1268/793 808/1264/794 759/1296/745
f 759/1296/745 808/1264/794 809/1267/795 760/1298/746
f 760/1301/746 809/1262/795 810/1260/796 761/1302/747
f 761/1302/747 810/1260/796 811/1258/797 762/1304/748
f 762/1304/748 811/1258/797 812/1254/798 763/1306/749
f 763/1306/749 812/1254/798 813/1257/799 764/1308/750
f 764/1311/750 813/1252/799 814/1250/800 765/1312/751
f 765/1312/751 814/1250/800 815/1246/801 766/1314/752
f 766/1314/752 815/1246/801 816/1249/802 767/1316/753
f 767/1364/753 816/1244/802 817/1242/803 768/1321/754
f 768/1321/754 817/1242/803 818/1238/804 769/1322/755
f 769/1322/755 818/1238/804 803/1241/789 770/1285/756
f 691/1365/677 834/1327/820 819/1360/805 693/1366/679
f 693/1366/679 819/1360/805 820/1363/806 695/1367/681
f 695/1368/681 820/1358/806 821/1356/807 697/1369/683
f 697/1369/683 821/1356/807 822/1354/808 699/1370/685
f 699/1370/685 822/1354/808 823/1350/809 701/1371/687
f 701/1371/687 823/1350/809 824/1353/810 703/1372/689
f 703/1373/689 824/1348/810 825/1346/811 705/1374/691
f 705/1374/691 825/1346/811 826/1344/812 707/1375/693
f 707/1375/693 826/1344/812 827/1340/813 709/1376/695
f 709/1376/695 827/1340/813 828/1343/814 711/1377/697
f 711/1378/697 828/1338/814 829/1336/815 713/1379/699
f 713/1379/699 829/1336/815 830/1334/816 715/1380/701
f 715/1380/701 830/1334/816 831/1330/817 717/1381/703
f 717/1382/703 831/1383/817 832/1328/818 719/1384/705
f 719/1384/705 832/1328/818 833/1324/819 721/1385/707
f 721/1385/707 833/1324/819 834/1327/820 691/1365/677
f 872/1386/858 871/1387/857 895/1388/881 894/1389/880
f 838/1390/824 868/1391/854 882/1392/868 835/1393/821
f 837/1394/823 838/1390/824 840/1395/826 839/1396/825
f 869/1397/855 836/1398/822 898/1399/884 897/1400/883
f 866/1401/852 864/1402/850 880/1403/866 881/1404/867
f 839/1405/825 840/1406/826 842/1407/828 841/1408/827
f 835/1393/821 882/1392/868 884/1409/870 883/1410/869
f 860/1411/846 858/1412/844 877/1413/863 878/1414/864
f 841/1408/827 842/1407/828 844/1415/830 843/1416/829
f 878/1414/864 877/1413/863 889/1417/875 888/1418/874
f 854/1419/840 852/1420/838 874/1421/860 875/1422/861
f 843/1416/829 844/1415/830 846/1423/832 845/1424/831
f 881/1404/867 880/1403/866 886/1425/872 885/1426/871
f 848/1427/834 846/1423/832 871/1387/857 872/1386/858
f 845/1424/831 846/1423/832 848/1427/834 847/1428/833
f 836/1429/822 835/1393/821 883/1410/869 898/1430/884
f 842/1407/828 840/1406/826 836/1398/822 869/1397/855
f 847/1431/833 848/1432/834 850/1433/836 849/1434/835
f 871/1387/857 870/1435/856 896/1436/882 895/1388/881
f 868/1391/854 866/1401/852 881/1404/867 882/1392/868
f 849/1434/835 850/1433/836 852/1420/838 851/1437/837
f 874/1421/860 873/1438/859 893/1439/879 892/1440/878
f 862/1441/848 860/1411/846 878/1414/864 879/1442/865
f 851/1437/837 852/1420/838 854/1419/840 853/1443/839
f 877/1413/863 876/1444/862 890/1445/876 889/1417/875
f 856/1446/842 854/1419/840 875/1422/861 876/1447/862
f 853/1443/839 854/1419/840 856/1446/842 855/1448/841
f 880/1449/866 879/1442/865 887/1450/873 886/1451/872
f 850/1433/836 848/1432/834 872/1452/858 873/1438/859
f 855/1453/841 856/1454/842 858/1412/844 857/1455/843
f 870/1435/856 869/1397/855 897/1400/883 896/1436/882
f 844/1415/830 842/1407/828 869/1397/855 870/1435/856
f 857/1455/843 858/1412/844 860/1411/846 859/1456/845
f 873/1438/859 872/1452/858 894/1457/880 893/1439/879
f 864/1458/850 862/1441/848 879/1442/865 880/1449/866
f 859/1456/845 860/1411/846 862/1441/848 861/1459/847
f 876/1447/862 875/1422/861 891/1460/877 890/1461/876
f 858/1412/844 856/1454/842 876/1444/862 877/1413/863
f 861/1459/847 862/1441/848 864/1458/850 863/1462/849
f 898/1463/884 883/1464/869 884/1465/870 885/1466/871 886/1467/872 887/1468/873 888/1469/874 889/1470/875 890/1471/876 891/1472/877 892/1473/878 893/1474/879 894/1475/880 895/1476/881 896/1477/882 897/1478/883
f 852/1420/838 850/1433/836 873/1438/859 874/1421/860
f 863/1479/849 864/1402/850 866/1401/852 865/1480/851
f 846/1423/832 844/1415/830 870/1435/856 871/1387/857
f 879/1442/865 878/1414/864 888/1418/874 887/1450/873
f 865/1480/851 866/1401/852 868/1391/854 867/1481/853
f 875/1422/861 874/1421/860 892/1440/878 891/1460/877
f 840/1395/826 838/1390/824 835/1393/821 836/1429/822
f 867/1481/853 868/1391/854 838/1390/824 837/1394/823
f 837/1482/823 839/1483/825 841/1484/827 843/1485/829 845/1486/831 847/1487/833 849/1488/835 851/1489/837 853/1490/839 855/1491/841 857/1492/843 859/1493/845 861/1494/847 863/1495/849 865/1496/851 867/1497/853
f 882/1392/868 881/1404/867 885/1426/871 884/1409/870
f 936/1498/922 958/1499/944 959/1500/945 935/1501/921
f 902/1502/888 899/1503/885 946/1504/932 932/1505/918
f 901/1506/887 903/1507/889 904/1508/890 902/1502/888
f 933/1509/919 961/1510/947 962/1511/948 900/1512/886
f 930/1513/916 945/1514/931 944/1515/930 928/1516/914
f 903/1507/889 905/1517/891 906/1518/892 904/1508/890
f 899/1503/885 947/1519/933 948/1520/934 946/1504/932
f 924/1521/910 942/1522/928 941/1523/927 922/1524/908
f 905/1525/891 907/1526/893 908/1527/894 906/1528/892
f 942/1522/928 952/1529/938 953/1530/939 941/1523/927
f 918/1531/904 939/1532/925 938/1533/924 916/1534/902
f 907/1526/893 909/1535/895 910/1536/896 908/1527/894
f 945/1537/931 949/1538/935 950/1539/936 944/1540/930
f 912/1541/898 936/1498/922 935/1501/921 910/1536/896
f 909/1535/895 911/1542/897 912/1541/898 910/1536/896
f 900/1512/886 962/1511/948 947/1519/933 899/1503/885
f 906/1518/892 933/1509/919 900/1512/886 904/1508/890
f 911/1542/897 913/1543/899 914/1544/900 912/1541/898
f 935/1501/921 959/1500/945 960/1545/946 934/1546/920
f 932/1505/918 946/1504/932 945/1514/931 930/1513/916
f 913/1547/899 915/1548/901 916/1534/902 914/1549/900
f 938/1533/924 956/1550/942 957/1551/943 937/1552/923
f 926/1553/912 943/1554/929 942/1522/928 924/1521/910
f 915/1548/901 917/1555/903 918/1531/904 916/1534/902
f 941/1523/927 953/1530/939 954/1556/940 940/1557/926
f 920/1558/906 940/1559/926 939/1532/925 918/1531/904
f 917/1555/903 919/1560/905 920/1558/906 918/1531/904
f 944/1540/930 950/1539/936 951/1561/937 943/1554/929
f 914/1544/900 937/1562/923 936/1498/922 912/1541/898
f 919/1560/905 921/1563/907 922/1564/908 920/1558/906
f 934/1546/920 960/1545/946 961/1565/947 933/1566/919
f 908/1527/894 934/1546/920 933/1566/919 906/1528/892
f 921/1567/907 923/1568/909 924/1521/910 922/1524/908
f 937/1562/923 957/1569/943 958/1499/944 936/1498/922
f 928/1570/914 944/1540/930 943/1554/929 926/1553/912
f 923/1568/909 925/1571/911 926/1553/912 924/1521/910
f 940/1559/926 954/1572/940 955/1573/941 939/1532/925
f 922/1524/908 941/1523/927 940/1557/926 920/1574/906
f 925/1571/911 927/1575/913 928/1570/914 926/1553/912
f 962/1576/948 961/1565/947 960/1545/946 959/1500/945 958/1499/944 957/1569/943 956/1577/942 955/1578/941 954/1579/940 953/1580/939 952/1581/938 951/1582/937 950/1583/936 949/1584/935 948/1585/934 947/1586/933
f 916/1534/902 938/1533/924 937/1552/923 914/1549/900
f 927/1587/913 929/1588/915 930/1513/916 928/1516/914
f 910/1536/896 935/1501/921 934/1546/920 908/1527/894
f 943/1554/929 951/1561/937 952/1529/938 942/1522/928
f 929/1588/915 931/1589/917 932/1505/918 930/1513/916
f 939/1532/925 955/1573/941 956/1550/942 938/1533/924
f 904/1508/890 900/1512/886 899/1503/885 902/1502/888
f 931/1589/917 901/1506/887 902/1502/888 932/1505/918
f 901/1590/887 931/1591/917 929/1592/915 927/1593/913 925/1594/911 923/1595/909 921/1596/907 919/1597/905 917/1598/903 915/1599/901 913/1600/899 911/1601/897 909/1602/895 907/1603/893 905/1604/891 903/1605/889
f 946/1504/932 948/1520/934 949/1606/935 945/1514/931
f 967/1607/953 977/1608/963 998/1609/984 982/1610/968
f 982/1610/968 998/1609/984 981/1611/967 968/1612/954
f 998/1609/984 978/1613/964 966/1614/952 981/1611/967
f 977/1608/963 964/1615/950 978/1613/964 998/1609/984
f 963/1616/949 980/1617/966 999/1618/985 976/1619/962
f 976/1619/962 999/1618/985 979/1620/965 965/1621/951
f 999/1618/985 982/1610/968 968/1612/954 979/1620/965
f 980/1617/966 967/1607/953 982/1610/968 999/1618/985
f 971/1622/957 989/1623/975 1000/1624/986 984/1625/970
f 984/1625/970 1000/1624/986 985/1626/971 972/1627/958
f 1000/1624/986 988/1628/974 973/1629/959 985/1626/971
f 989/1623/975 974/1630/960 988/1628/974 1000/1624/986
f 970/1631/956 983/1632/969 1001/1633/987 987/1634/973
f 987/1634/973 1001/1633/987 989/1623/975 971/1622/957
f 1001/1633/987 986/1635/972 974/1630/960 989/1623/975
f 983/1632/969 969/1636/955 986/1635/972 1001/1633/987
f 966/1614/952 991/1637/977 1002/1638/988 981/1611/967
f 981/1611/967 1002/1638/988 990/1639/976 968/1612/954
f 1002/1640/988 988/1628/974 974/1630/960 990/1641/976
f 991/1642/977 973/1629/959 988/1628/974 1002/1640/988
f 968/1612/954 990/1639/976 1003/1643/989 979/1620/965
f 979/1620/965 1003/1643/989 992/1644/978 965/1621/951
f 1003/1645/989 986/1635/972 969/1636/955 992/1646/978
f 990/1641/976 974/1630/960 986/1635/972 1003/1645/989
f 967/1607/953 994/1647/980 1004/1648/990 977/1608/963
f 977/1649/963 1004/1650/990 993/1651/979 964/1652/950
f 1004/1653/990 984/1625/970 972/1627/958 993/1654/979
f 994/1655/980 971/1622/957 984/1625/970 1004/1653/990
f 963/1616/949 995/1656/981 1005/1657/991 980/1617/966
f 980/1617/966 1005/1657/991 994/1647/980 967/1607/953
f 1005/1658/991 987/1634/973 971/1622/957 994/1655/980
f 995/1659/981 970/1631/956 987/1634/973 1005/1658/991
f 964/1615/950 993/1660/979 1006/1661/992 978/1613/964
f 978/1613/964 1006/1661/992 991/1637/977 966/1614/952
f 1006/1662/992 985/1626/971 973/1629/959 991/1642/977
f 993/1654/979 972/1627/958 985/1626/971 1006/1662/992
f 965/1621/951 992/1644/978 1007/1663/993 976/1619/962
f 976/1619/962 1007/1663/993 995/1656/981 963/1616/949
f 1007/1664/993 983/1632/969 970/1631/956 995/1659/981
f 992/1646/978 969/1636/955 983/1632/969 1007/1664/993
f 1009/1665/995 1023/1666/1009 1037/1667/1023 1018/1668/1004
f 1023/1666/1009 1010/1669/996 1022/1670/1008 1037/1667/1023
f 1037/1667/1023 1022/1670/1008 975/1671/961 1019/1672/1005
f 1018/1668/1004 1037/1667/1023 1019/1672/1005 997/1673/983
f 1008/1674/994 1017/1675/1003 1038/1676/1024 1021/1677/1007
f 1017/1675/1003 996/1678/982 1020/1679/1006 1038/1676/1024
f 1038/1676/1024 1020/1679/1006 1010/1669/996 1023/1666/1009
f 1021/1677/1007 1038/1676/1024 1023/1666/1009 1009/1665/995
f 1013/1680/999 1025/1681/1011 1039/1682/1025 1030/1683/1016
f 1025/1684/1011 1014/1685/1000 1026/1686/1012 1039/1687/1025
f 1039/1687/1025 1026/1686/1012 1015/1688/1001 1029/1689/1015
f 1030/1690/1016 1039/1687/1025 1029/1689/1015 1016/1691/1002
f 1012/1692/998 1028/1693/1014 1040/1694/1026 1024/1695/1010
f 1028/1693/1014 1013/1680/999 1030/1683/1016 1040/1694/1026
f 1040/1694/1026 1030/1683/1016 1016/1696/1002 1027/1697/1013
f 1024/1695/1010 1040/1694/1026 1027/1697/1013 1011/1698/997
f 975/1699/961 1022/1700/1008 1041/1701/1027 1032/1702/1018
f 1022/1670/1008 1010/1669/996 1031/1703/1017 1041/1704/1027
f 1041/1705/1027 1031/1706/1017 1016/1696/1002 1029/1707/1015
f 1032/1708/1018 1041/1705/1027 1029/1707/1015 1015/1709/1001
f 1010/1669/996 1020/1679/1006 1042/1710/1028 1031/1703/1017
f 1020/1679/1006 996/1678/982 1033/1711/1019 1042/1710/1028
f 1042/1712/1028 1033/1713/1019 1011/1698/997 1027/1697/1013
f 1031/1706/1017 1042/1712/1028 1027/1697/1013 1016/1696/1002
f 1009/1665/995 1018/1668/1004 1043/1714/1029 1035/1715/1021
f 1018/1716/1004 997/1717/983 1034/1718/1020 1043/1719/1029
f 1043/1720/1029 1034/1721/1020 1014/1722/1000 1025/1681/1011
f 1035/1723/1021 1043/1720/1029 1025/1681/1011 1013/1680/999
f 1008/1674/994 1021/1677/1007 1044/1724/1030 1036/1725/1022
f 1021/1677/1007 1009/1665/995 1035/1715/1021 1044/1724/1030
f 1044/1726/1030 1035/1723/1021 1013/1680/999 1028/1693/1014
f 1036/1727/1022 1044/1726/1030 1028/1693/1014 1012/1692/998
f 997/1673/983 1019/1672/1005 1045/1728/1031 1034/1729/1020
f 1019/1672/1005 975/1671/961 1032/1730/1018 1045/1728/1031
f 1045/1731/1031 1032/1708/1018 1015/1709/1001 1026/1732/1012
f 1034/1721/1020 1045/1731/1031 1026/1732/1012 1014/1722/1000
f 996/1678/982 1017/1675/1003 1046/1733/1032 1033/1711/1019
f 1017/1675/1003 1008/1674/994 1036/1725/1022 1046/1733/1032
f 1046/1734/1032 1036/1727/1022 1012/1692/998 1024/1695/1010
f 1033/1713/1019 1046/1734/1032 1024/1695/1010 1011/1698/997
