# Blender 4.5.0
# www.blender.org
mtllib Cubicle.mtl
g Cubicle_1x1_Plane.007
v -0.466000 0.000000 0.500000
v 0.466000 0.000000 -0.190044
v -0.475958 0.000000 -0.475958
v 0.475958 0.000000 -0.475958
v -0.466000 0.756688 0.500000
v -0.475958 0.756688 -0.475958
v 0.475958 0.756688 -0.475958
v 0.466000 0.756688 -0.190044
v -0.500000 0.000000 0.500000
v 0.500000 0.000000 -0.190044
v -0.500000 0.000000 -0.500000
v 0.500000 0.000000 -0.500000
v -0.500000 0.756688 0.500000
v -0.500000 0.756688 -0.500000
v 0.500000 0.756688 -0.500000
v 0.500000 0.756688 -0.190044
v -0.429880 0.369053 -0.054070
v 0.429880 0.369053 -0.054070
v -0.429880 0.369053 -0.475400
v 0.429880 0.369053 -0.475400
v -0.429880 0.342313 -0.475400
v -0.429880 0.342313 -0.054070
v 0.429880 0.342313 -0.054070
v 0.429880 0.342313 -0.475400
v 0.429880 -0.000815 -0.054070
v 0.429880 -0.000815 -0.085326
v 0.429880 -0.000815 -0.444145
v 0.429880 -0.000815 -0.475400
v -0.429880 0.369053 -0.444145
v -0.429880 0.369053 -0.085326
v 0.429880 0.369053 -0.085326
v 0.429880 0.369053 -0.444145
v -0.429880 0.342313 -0.085326
v -0.429880 0.342313 -0.444145
v 0.429880 0.342313 -0.444145
v 0.429880 0.342313 -0.085326
v -0.429880 -0.000815 -0.475400
v -0.429880 -0.000815 -0.444145
v -0.429880 -0.000815 -0.085326
v -0.429880 -0.000815 -0.054070
v 0.404767 0.342313 -0.475400
v -0.404767 0.342313 -0.475400
v -0.404767 0.342313 -0.054070
v 0.404767 0.342313 -0.054070
v -0.404767 0.369053 -0.475400
v 0.404767 0.369053 -0.475400
v 0.404767 0.369053 -0.054070
v -0.404767 0.369053 -0.054070
v -0.404767 0.342313 -0.444145
v 0.404767 0.342313 -0.444145
v 0.404767 0.342313 -0.085326
v -0.404767 0.342313 -0.085326
v 0.404767 0.369053 -0.444145
v -0.404767 0.369053 -0.444145
v -0.404767 0.369053 -0.085326
v 0.404767 0.369053 -0.085326
v 0.404767 -0.000815 -0.054070
v 0.404767 -0.000815 -0.085326
v -0.404767 -0.000815 -0.085326
v -0.404767 -0.000815 -0.054070
v 0.404767 -0.000815 -0.444145
v 0.404767 -0.000815 -0.475400
v -0.404767 -0.000815 -0.475400
v -0.404767 -0.000815 -0.444145
v -0.122844 0.460222 -0.244842
v -0.116055 0.646955 -0.244791
v -0.100275 0.464005 -0.412619
v -0.088893 0.636473 -0.412619
v 0.000000 0.458445 -0.432257
v -0.000000 0.642033 -0.432257
v 0.000000 0.453466 -0.244842
v 0.000000 0.647013 -0.244842
v -0.152947 0.434873 -0.241620
v -0.133175 0.665605 -0.241620
v 0.000000 0.665605 -0.241620
v 0.000000 0.434873 -0.241620
v 0.000000 0.641541 -0.257234
v 0.000000 0.458938 -0.257234
v -0.113975 0.467289 -0.257192
v -0.107347 0.638586 -0.257225
v -0.143061 0.550239 -0.241620
v 0.000000 0.550239 -0.470384
v -0.124401 0.550239 -0.244842
v -0.118175 0.550239 -0.257064
v -0.098984 0.550239 -0.432257
v 0.122844 0.460222 -0.244842
v 0.116055 0.646955 -0.244791
v 0.100275 0.464005 -0.412619
v 0.088893 0.636473 -0.412619
v 0.152947 0.434873 -0.241620
v 0.133175 0.665605 -0.241620
v 0.113975 0.467289 -0.257192
v 0.107347 0.638586 -0.257225
v 0.143061 0.550239 -0.241620
v 0.124401 0.550239 -0.244842
v 0.118175 0.550239 -0.257064
v 0.098984 0.550239 -0.432257
v -0.138118 0.607922 -0.241620
v -0.066588 0.665605 -0.241620
v -0.076474 0.434873 -0.241620
v 0.000000 0.497947 -0.465618
v -0.120254 0.598626 -0.244842
v -0.058054 0.647013 -0.244842
v -0.066347 0.453466 -0.244842
v -0.141301 0.445564 -0.242023
v -0.123362 0.654915 -0.242023
v 0.000000 0.654915 -0.242023
v 0.000000 0.445564 -0.242023
v -0.114370 0.595890 -0.257117
v -0.055347 0.641541 -0.257234
v -0.062762 0.459208 -0.257229
v -0.110932 0.641811 -0.251688
v 0.000000 0.643759 -0.251688
v -0.000000 0.456719 -0.251688
v -0.118314 0.464107 -0.251688
v -0.101671 0.498264 -0.428991
v -0.059668 0.459560 -0.428991
v -0.052431 0.640919 -0.428991
v -0.112219 0.655023 -0.348044
v -0.128985 0.445456 -0.348044
v 0.000000 0.440263 -0.351236
v 0.000000 0.660215 -0.351236
v -0.094535 0.481068 -0.247550
v -0.094567 0.627654 -0.247810
v 0.000000 0.631180 -0.247347
v -0.000000 0.469299 -0.247347
v -0.148004 0.492556 -0.241620
v -0.000000 0.602532 -0.465618
v -0.128547 0.501852 -0.244842
v -0.121785 0.504858 -0.257112
v -0.094435 0.602214 -0.428991
v -0.126170 0.550239 -0.351236
v -0.103685 0.550239 -0.246382
v -0.121135 0.550239 -0.251688
v -0.132332 0.550239 -0.242023
v -0.054639 0.550239 -0.465618
v 0.138118 0.607922 -0.241620
v 0.066588 0.665605 -0.241620
v 0.076474 0.434873 -0.241620
v 0.120254 0.598626 -0.244842
v 0.058054 0.647013 -0.244842
v 0.066347 0.453466 -0.244842
v 0.141301 0.445564 -0.242023
v 0.123362 0.654915 -0.242023
v 0.114370 0.595890 -0.257117
v 0.055347 0.641541 -0.257234
v 0.062762 0.459208 -0.257229
v 0.110932 0.641811 -0.251688
v 0.118314 0.464107 -0.251688
v 0.101671 0.498264 -0.428991
v 0.059668 0.459560 -0.428991
v 0.052431 0.640919 -0.428991
v 0.112219 0.655023 -0.348044
v 0.128985 0.445456 -0.348044
v 0.094535 0.481068 -0.247550
v 0.094567 0.627654 -0.247810
v 0.148004 0.492556 -0.241620
v 0.128547 0.501852 -0.244842
v 0.121785 0.504858 -0.257112
v 0.094435 0.602214 -0.428991
v 0.126170 0.550239 -0.351236
v 0.103685 0.550239 -0.246382
v 0.121135 0.550239 -0.251688
v 0.132332 0.550239 -0.242023
v 0.054639 0.550239 -0.465618
v -0.068259 0.440545 -0.350618
v -0.056561 0.643759 -0.251688
v -0.058985 0.659934 -0.350618
v -0.052499 0.602296 -0.461029
v -0.127847 0.602577 -0.242023
v -0.061681 0.654915 -0.242023
v -0.070651 0.445564 -0.242023
v -0.064575 0.456719 -0.251688
v -0.125142 0.503479 -0.251688
v -0.100656 0.591053 -0.246828
v -0.049791 0.631031 -0.247482
v -0.054905 0.470586 -0.247460
v -0.130561 0.494777 -0.350618
v -0.121287 0.605702 -0.350618
v -0.105771 0.510564 -0.246806
v -0.117128 0.596999 -0.251688
v -0.136817 0.497902 -0.242023
v -0.056709 0.498183 -0.461029
v 0.068259 0.440545 -0.350618
v 0.056561 0.643759 -0.251688
v 0.058985 0.659934 -0.350618
v 0.052499 0.602296 -0.461029
v 0.127847 0.602577 -0.242023
v 0.061681 0.654915 -0.242023
v 0.070651 0.445564 -0.242023
v 0.064575 0.456719 -0.251688
v 0.125142 0.503479 -0.251688
v 0.100656 0.591053 -0.246828
v 0.049791 0.631031 -0.247482
v 0.054905 0.470586 -0.247460
v 0.130561 0.494777 -0.350618
v 0.121287 0.605702 -0.350618
v 0.105771 0.510564 -0.246806
v 0.117128 0.596999 -0.251688
v 0.136817 0.497902 -0.242023
v 0.056709 0.498183 -0.461029
v -0.162691 0.356033 -0.205654
v -0.153417 0.432688 -0.244883
v -0.098668 0.356033 -0.476470
v -0.108797 0.452634 -0.433625
v 0.000000 0.356033 -0.481206
v 0.000000 0.452634 -0.437181
v 0.000000 0.356033 -0.202925
v 0.000000 0.432688 -0.243235
v -0.161719 0.416809 -0.208458
v -0.103733 0.404334 -0.455047
v 0.000000 0.416809 -0.208458
v 0.000000 0.404334 -0.459193
v -0.179911 0.356033 -0.102324
v 0.000000 0.356033 -0.097587
v 0.000000 0.387577 -0.117742
v -0.175274 0.387577 -0.121938
v 0.162691 0.356033 -0.205654
v 0.153417 0.432688 -0.244883
v 0.098668 0.356033 -0.476470
v 0.108797 0.452634 -0.433625
v 0.161719 0.416809 -0.208458
v 0.103733 0.404334 -0.455047
v 0.179911 0.356033 -0.102324
v 0.175274 0.387577 -0.121938
v -0.095556 0.397003 -0.161966
v -0.095556 0.411883 -0.157225
v -0.095556 0.401744 -0.176845
v -0.095556 0.416624 -0.172105
v -0.079939 0.397003 -0.161966
v -0.079939 0.411883 -0.157225
v -0.079939 0.401744 -0.176845
v -0.079939 0.416624 -0.172105
v -0.075254 0.397003 -0.161966
v -0.075254 0.411883 -0.157225
v -0.075254 0.401744 -0.176845
v -0.075254 0.416624 -0.172105
v -0.059637 0.397003 -0.161966
v -0.059637 0.411883 -0.157225
v -0.059637 0.401744 -0.176845
v -0.059637 0.416624 -0.172105
v -0.054952 0.397003 -0.161966
v -0.054952 0.411883 -0.157225
v -0.054952 0.401744 -0.176845
v -0.054952 0.416624 -0.172105
v -0.039336 0.397003 -0.161966
v -0.039336 0.411883 -0.157225
v -0.039336 0.401744 -0.176845
v -0.039336 0.416624 -0.172105
v -0.034651 0.397003 -0.161966
v -0.034651 0.411883 -0.157225
v -0.034651 0.401744 -0.176845
v -0.034651 0.416624 -0.172105
v -0.019034 0.397003 -0.161966
v -0.019034 0.411883 -0.157225
v -0.019034 0.401744 -0.176845
v -0.019034 0.416624 -0.172105
v -0.014349 0.397003 -0.161966
v -0.014349 0.411883 -0.157225
v -0.014349 0.401744 -0.176845
v -0.014349 0.416624 -0.172105
v 0.001268 0.397003 -0.161966
v 0.001268 0.411883 -0.157225
v 0.001268 0.401744 -0.176845
v 0.001268 0.416624 -0.172105
v 0.005953 0.397003 -0.161966
v 0.005953 0.411883 -0.157225
v 0.005953 0.401744 -0.176845
v 0.005953 0.416624 -0.172105
v 0.021570 0.397003 -0.161966
v 0.021570 0.411883 -0.157225
v 0.021570 0.401744 -0.176845
v 0.021570 0.416624 -0.172105
v 0.026255 0.397003 -0.161966
v 0.026255 0.411883 -0.157225
v 0.026255 0.401744 -0.176845
v 0.026255 0.416624 -0.172105
v 0.041872 0.397003 -0.161966
v 0.041872 0.411883 -0.157225
v 0.041872 0.401744 -0.176845
v 0.041872 0.416624 -0.172105
v 0.046557 0.397003 -0.161966
v 0.046557 0.411883 -0.157225
v 0.046557 0.401744 -0.176845
v 0.046557 0.416624 -0.172105
v 0.062173 0.397003 -0.161966
v 0.062173 0.411883 -0.157225
v 0.062173 0.401744 -0.176845
v 0.062173 0.416624 -0.172105
v 0.066858 0.397003 -0.161966
v 0.066858 0.411883 -0.157225
v 0.066858 0.401744 -0.176845
v 0.066858 0.416624 -0.172105
v 0.082475 0.397003 -0.161966
v 0.082475 0.411883 -0.157225
v 0.082475 0.401744 -0.176845
v 0.082475 0.416624 -0.172105
v -0.085899 0.390075 -0.140218
v -0.085899 0.404955 -0.135477
v -0.085899 0.394815 -0.155098
v -0.085899 0.409695 -0.150357
v -0.070283 0.390075 -0.140218
v -0.070283 0.404955 -0.135477
v -0.070283 0.394815 -0.155098
v -0.070283 0.409695 -0.150357
v 0.057632 0.390075 -0.140218
v 0.057632 0.404955 -0.135477
v 0.057632 0.394815 -0.155098
v 0.057632 0.409695 -0.150357
v 0.073249 0.390075 -0.140218
v 0.073249 0.404955 -0.135477
v 0.073249 0.394815 -0.155098
v 0.073249 0.409695 -0.150357
v -0.063184 0.390075 -0.140218
v -0.063184 0.404955 -0.135477
v -0.063184 0.394815 -0.155098
v -0.063184 0.409695 -0.150357
v 0.045705 0.390075 -0.140218
v 0.045705 0.404955 -0.135477
v 0.045705 0.394815 -0.155098
v 0.045705 0.409695 -0.150357
v -0.106933 0.404294 -0.184851
v -0.106933 0.419174 -0.180110
v -0.106933 0.409034 -0.199731
v -0.106933 0.423914 -0.194990
v -0.091316 0.404294 -0.184851
v -0.091316 0.419174 -0.180110
v -0.091316 0.409034 -0.199731
v -0.091316 0.423914 -0.194990
v -0.086631 0.404294 -0.184851
v -0.086631 0.419174 -0.180110
v -0.086631 0.409034 -0.199731
v -0.086631 0.423914 -0.194990
v -0.071014 0.404294 -0.184851
v -0.071014 0.419174 -0.180110
v -0.071014 0.409034 -0.199731
v -0.071014 0.423914 -0.194990
v -0.066329 0.404294 -0.184851
v -0.066329 0.419174 -0.180110
v -0.066329 0.409034 -0.199731
v -0.066329 0.423914 -0.194990
v -0.050713 0.404294 -0.184851
v -0.050713 0.419174 -0.180110
v -0.050713 0.409034 -0.199731
v -0.050713 0.423914 -0.194990
v -0.046028 0.404294 -0.184851
v -0.046028 0.419174 -0.180110
v -0.046028 0.409034 -0.199731
v -0.046028 0.423914 -0.194990
v -0.030411 0.404294 -0.184851
v -0.030411 0.419174 -0.180110
v -0.030411 0.409034 -0.199731
v -0.030411 0.423914 -0.194990
v -0.025726 0.404294 -0.184851
v -0.025726 0.419174 -0.180110
v -0.025726 0.409034 -0.199731
v -0.025726 0.423914 -0.194990
v -0.010109 0.404294 -0.184851
v -0.010109 0.419174 -0.180110
v -0.010109 0.409034 -0.199731
v -0.010109 0.423914 -0.194990
v -0.005424 0.404294 -0.184851
v -0.005424 0.419174 -0.180110
v -0.005424 0.409034 -0.199731
v -0.005424 0.423914 -0.194990
v 0.010193 0.404294 -0.184851
v 0.010193 0.419174 -0.180110
v 0.010193 0.409034 -0.199731
v 0.010193 0.423914 -0.194990
v 0.014878 0.404294 -0.184851
v 0.014878 0.419174 -0.180110
v 0.014878 0.409034 -0.199731
v 0.014878 0.423914 -0.194990
v 0.030494 0.404294 -0.184851
v 0.030494 0.419174 -0.180110
v 0.030494 0.409034 -0.199731
v 0.030494 0.423914 -0.194990
v 0.035179 0.404294 -0.184851
v 0.035179 0.419174 -0.180110
v 0.035179 0.409034 -0.199731
v 0.035179 0.423914 -0.194990
v 0.050796 0.404294 -0.184851
v 0.050796 0.419174 -0.180110
v 0.050796 0.409034 -0.199731
v 0.050796 0.423914 -0.194990
v 0.055481 0.404294 -0.184851
v 0.055481 0.419174 -0.180110
v 0.055481 0.409034 -0.199731
v 0.055481 0.423914 -0.194990
v 0.071098 0.404294 -0.184851
v 0.071098 0.419174 -0.180110
v 0.071098 0.409034 -0.199731
v 0.071098 0.423914 -0.194990
v 0.075783 0.404294 -0.184851
v 0.075783 0.419174 -0.180110
v 0.075783 0.409034 -0.199731
v 0.075783 0.423914 -0.194990
v 0.091400 0.404294 -0.184851
v 0.091400 0.419174 -0.180110
v 0.091400 0.409034 -0.199731
v 0.091400 0.423914 -0.194990
v -0.135185 0.267067 0.208022
v -0.135425 0.538967 0.208385
v -0.114047 0.258499 0.127349
v -0.116362 0.544127 0.179431
v -0.001347 0.267067 0.296138
v -0.001587 0.538967 0.296502
v 0.064404 0.258499 0.244837
v 0.017476 0.544127 0.267548
v -0.162662 0.353008 0.201188
v 0.015789 0.353008 0.318677
v -0.010378 0.298796 0.018455
v -0.012451 0.266910 0.021603
v 0.121387 0.266910 0.109720
v 0.123460 0.298796 0.106571
v -0.134366 0.373703 0.158210
v -0.104258 0.309291 0.112480
v -0.168572 0.284892 0.113032
v -0.190851 0.329113 0.146870
v 0.074193 0.309291 0.229969
v 0.044085 0.373703 0.275699
v 0.076826 0.329113 0.323103
v 0.099104 0.284892 0.289265
v 0.000000 0.030743 0.147225
v 0.000000 0.256474 0.147225
v 0.015271 0.030743 0.153550
v 0.015271 0.256474 0.153550
v 0.021597 0.030743 0.168821
v 0.021597 0.256474 0.168821
v 0.015271 0.030743 0.184092
v 0.015271 0.256474 0.184092
v 0.000000 0.030743 0.190418
v 0.000000 0.256474 0.190418
v -0.015271 0.030743 0.184092
v -0.015271 0.256474 0.184093
v -0.021597 0.030743 0.168821
v -0.021597 0.256474 0.168821
v -0.015271 0.030743 0.153550
v -0.015271 0.256474 0.153550
v 0.000000 -0.000365 0.040434
v 0.000000 0.026999 0.061199
v 0.054327 -0.000365 0.110699
v 0.056319 0.022231 0.108706
v 0.124591 -0.000365 0.165025
v 0.103826 0.026999 0.165025
v 0.054327 -0.000365 0.219352
v 0.056319 0.022231 0.221344
v 0.000000 -0.000365 0.289616
v -0.000000 0.026999 0.268851
v -0.054327 -0.000365 0.219352
v -0.056319 0.022231 0.221344
v -0.124591 -0.000365 0.165025
v -0.103826 0.026999 0.165025
v -0.054327 -0.000365 0.110699
v -0.056319 0.022231 0.108706
v -0.000000 0.043302 0.165025
v -0.131176 0.259372 0.154405
v -0.140773 0.261467 0.176261
v -0.141024 0.264276 0.194597
v -0.161848 0.402519 0.200992
v -0.157380 0.456740 0.201485
v -0.147426 0.506405 0.204320
v -0.141258 0.548777 0.195992
v -0.140471 0.554242 0.184121
v -0.129917 0.551706 0.178767
v 0.024695 0.254467 0.217123
v -0.023860 0.253123 0.184632
v -0.072896 0.254467 0.152872
v -0.087456 0.557089 0.194782
v -0.046901 0.563466 0.219629
v -0.008050 0.557089 0.247062
v 0.013292 0.264276 0.296196
v 0.030036 0.261467 0.288718
v 0.046320 0.259372 0.271265
v 0.023443 0.551706 0.279737
v 0.022696 0.554242 0.291547
v 0.012102 0.548777 0.296962
v 0.015871 0.315367 0.317513
v 0.013776 0.289742 0.313415
v 0.007205 0.274348 0.305440
v -0.109328 0.264966 0.228003
v -0.070312 0.263899 0.255187
v -0.029922 0.264966 0.280283
v -0.030049 0.551846 0.280476
v -0.070388 0.558234 0.255302
v -0.109455 0.551846 0.228196
v -0.147111 0.274348 0.203842
v -0.157033 0.289742 0.200958
v -0.161625 0.315367 0.200653
v 0.006890 0.506405 0.305919
v 0.013429 0.456740 0.313942
v 0.015648 0.402519 0.317852
v -0.027289 0.354732 0.296079
v -0.076966 0.355307 0.265294
v -0.124879 0.354732 0.231828
v -0.016977 0.292223 0.007224
v -0.020806 0.282665 0.002366
v -0.018153 0.273284 0.009012
v 0.099514 0.264883 0.083686
v 0.062460 0.263849 0.053522
v 0.020108 0.264883 0.031407
v 0.136384 0.292223 0.108194
v 0.142361 0.282665 0.109792
v 0.135207 0.273284 0.109982
v 0.022214 0.301523 0.028208
v 0.064562 0.302885 0.050330
v 0.101620 0.301523 0.080487
v 0.085731 0.259225 0.211404
v 0.105515 0.261238 0.174075
v 0.118095 0.264069 0.137013
v -0.091765 0.259225 0.094544
v -0.065294 0.261238 0.061617
v -0.036221 0.264069 0.035414
v -0.188528 0.342129 0.144859
v -0.180601 0.358395 0.143444
v -0.163413 0.370236 0.146173
v -0.130806 0.345587 0.152802
v -0.125171 0.327670 0.144244
v -0.116764 0.316307 0.131474
v -0.131596 0.302475 0.097847
v -0.149918 0.294463 0.096840
v -0.161949 0.288232 0.104489
v -0.175968 0.289042 0.124266
v -0.183392 0.298376 0.135541
v -0.188389 0.313342 0.143131
v 0.104333 0.288232 0.279805
v 0.106605 0.294463 0.265730
v 0.098439 0.302475 0.249298
v 0.061687 0.316307 0.248963
v 0.053280 0.327670 0.261733
v 0.047645 0.345587 0.270291
v 0.066622 0.370236 0.297624
v 0.075922 0.358395 0.312334
v 0.077754 0.342129 0.320175
v 0.079287 0.313342 0.319364
v 0.084284 0.298376 0.311775
v 0.091708 0.289042 0.300499
v -0.093126 0.364285 0.183600
v -0.044250 0.359599 0.215601
v 0.004464 0.364285 0.247851
v 0.030132 0.311710 0.208865
v -0.020488 0.312241 0.179511
v -0.067459 0.311710 0.144613
v -0.141136 0.264940 0.112337
v -0.156727 0.272395 0.107182
v -0.165106 0.279425 0.109285
v -0.084909 0.305457 0.084131
v -0.060683 0.302941 0.054614
v -0.033224 0.300823 0.030861
v -0.184244 0.349895 0.177814
v -0.192726 0.344200 0.161861
v -0.193321 0.335683 0.152139
v -0.135548 0.418027 0.161046
v -0.133110 0.467756 0.164621
v -0.125662 0.513808 0.171264
v 0.028654 0.513808 0.272863
v 0.037699 0.467756 0.277079
v 0.041947 0.418027 0.277906
v 0.092586 0.305457 0.200991
v 0.110126 0.302941 0.167071
v 0.121092 0.300823 0.132460
v 0.101176 0.279425 0.284600
v 0.099796 0.272395 0.276072
v 0.088899 0.264940 0.263788
v 0.045790 0.349895 0.329264
v 0.063797 0.344200 0.330751
v 0.072962 0.335683 0.327454
v 0.004205 0.030743 0.147652
v 0.008255 0.030743 0.148892
v 0.011995 0.030743 0.150879
v 0.011995 0.256474 0.150879
v 0.008255 0.256474 0.148892
v 0.004205 0.256474 0.147652
v 0.000000 0.087176 0.147225
v 0.000000 0.143609 0.147225
v 0.000000 0.200041 0.147225
v 0.015271 0.200041 0.153550
v 0.015271 0.143609 0.153550
v 0.015271 0.087176 0.153550
v 0.017942 0.030743 0.156826
v 0.019930 0.030743 0.160566
v 0.021169 0.030743 0.164616
v 0.021169 0.256474 0.164616
v 0.019930 0.256474 0.160566
v 0.017942 0.256474 0.156826
v 0.021597 0.200041 0.168822
v 0.021597 0.143609 0.168822
v 0.021597 0.087176 0.168822
v 0.021169 0.030743 0.173027
v 0.019930 0.030743 0.177077
v 0.017942 0.030743 0.180817
v 0.017942 0.256474 0.180817
v 0.019930 0.256474 0.177077
v 0.021169 0.256474 0.173027
v 0.015271 0.200041 0.184093
v 0.015271 0.143609 0.184093
v 0.015271 0.087176 0.184093
v 0.011995 0.030743 0.186764
v 0.008255 0.030743 0.188751
v 0.004205 0.030743 0.189991
v 0.004205 0.256474 0.189991
v 0.008255 0.256474 0.188751
v 0.011995 0.256474 0.186764
v 0.000000 0.200041 0.190418
v 0.000000 0.143609 0.190418
v 0.000000 0.087176 0.190418
v -0.004205 0.030743 0.189991
v -0.008255 0.030743 0.188751
v -0.011995 0.030743 0.186764
v -0.011995 0.256474 0.186764
v -0.008255 0.256474 0.188751
v -0.004205 0.256474 0.189991
v -0.015271 0.200041 0.184093
v -0.015271 0.143609 0.184092
v -0.015271 0.087176 0.184092
v -0.017942 0.030743 0.180817
v -0.019930 0.030743 0.177077
v -0.021169 0.030743 0.173026
v -0.021169 0.256474 0.173026
v -0.019930 0.256474 0.177077
v -0.017942 0.256474 0.180817
v -0.021597 0.200041 0.168822
v -0.021597 0.143609 0.168822
v -0.021597 0.087176 0.168822
v -0.021169 0.030743 0.164616
v -0.019930 0.030743 0.160566
v -0.017942 0.030743 0.156826
v -0.017942 0.256474 0.156826
v -0.019930 0.256474 0.160566
v -0.021169 0.256474 0.164616
v -0.015271 0.200041 0.153550
v -0.015271 0.143609 0.153550
v -0.015271 0.087176 0.153550
v -0.011995 0.030743 0.150879
v -0.008255 0.030743 0.148892
v -0.004205 0.030743 0.147652
v -0.004205 0.256474 0.147652
v -0.008255 0.256474 0.148892
v -0.011995 0.256474 0.150879
v 0.010162 -0.000365 0.047498
v 0.021691 -0.000365 0.065128
v 0.035957 -0.000365 0.087976
v 0.045139 0.023858 0.096408
v 0.030421 0.025555 0.080451
v 0.015231 0.026637 0.066921
v -0.000000 0.006671 0.040759
v -0.000000 0.013628 0.043030
v 0.000000 0.020430 0.049194
v 0.055565 0.018543 0.109460
v 0.054741 0.013069 0.110284
v 0.054378 0.006601 0.110647
v 0.077049 -0.000365 0.129068
v 0.099897 -0.000365 0.143334
v 0.117527 -0.000365 0.154863
v 0.098105 0.026637 0.149795
v 0.084574 0.025555 0.134605
v 0.068617 0.023858 0.119886
v 0.115831 0.020430 0.165025
v 0.121995 0.013628 0.165025
v 0.124266 0.006671 0.165025
v 0.117527 -0.000365 0.175187
v 0.099897 -0.000365 0.186717
v 0.077049 -0.000365 0.200982
v 0.068617 0.023858 0.210164
v 0.084574 0.025555 0.195446
v 0.098105 0.026637 0.180256
v 0.055565 0.018543 0.220591
v 0.054741 0.013069 0.219767
v 0.054378 0.006601 0.219403
v 0.035957 -0.000365 0.242074
v 0.021691 -0.000365 0.264923
v 0.010162 -0.000365 0.282552
v 0.015231 0.026637 0.263130
v 0.030421 0.025555 0.249599
v 0.045139 0.023858 0.233642
v -0.000000 0.020430 0.280856
v -0.000000 0.013628 0.287020
v -0.000000 0.006671 0.289292
v -0.010162 -0.000365 0.282552
v -0.021691 -0.000365 0.264922
v -0.035957 -0.000365 0.242074
v -0.045139 0.023858 0.233642
v -0.030421 0.025555 0.249599
v -0.015231 0.026637 0.263130
v -0.055565 0.018543 0.220591
v -0.054741 0.013069 0.219767
v -0.054378 0.006601 0.219403
v -0.077049 -0.000365 0.200982
v -0.099897 -0.000365 0.186717
v -0.117527 -0.000365 0.175187
v -0.098105 0.026637 0.180256
v -0.084574 0.025555 0.195446
v -0.068617 0.023858 0.210164
v -0.115831 0.020430 0.165025
v -0.121995 0.013628 0.165025
v -0.124266 0.006671 0.165025
v -0.117527 -0.000365 0.154863
v -0.099897 -0.000365 0.143334
v -0.077049 -0.000365 0.129068
v -0.068617 0.023858 0.119886
v -0.084574 0.025555 0.134605
v -0.098105 0.026637 0.149795
v -0.055565 0.018543 0.109460
v -0.054741 0.013069 0.110284
v -0.054378 0.006601 0.110647
v -0.035957 -0.000365 0.087976
v -0.021691 -0.000365 0.065128
v -0.010162 -0.000365 0.047498
v -0.015231 0.026637 0.066920
v -0.030421 0.025555 0.080452
v -0.045139 0.023858 0.096408
v 0.030823 0.041960 0.165025
v 0.059700 0.038363 0.165025
v 0.084683 0.033160 0.165025
v -0.084683 0.033160 0.165025
v -0.059700 0.038363 0.165025
v -0.030823 0.041960 0.165025
v -0.000000 0.041960 0.195848
v 0.000000 0.038363 0.224725
v -0.000000 0.033160 0.249708
v 0.000000 0.033160 0.080342
v -0.000000 0.038363 0.105325
v -0.000000 0.041960 0.134202
v -0.027345 0.405436 0.295592
v -0.028279 0.460988 0.293002
v -0.030493 0.512291 0.287407
v -0.076803 0.406479 0.265046
v -0.075968 0.462968 0.263777
v -0.074010 0.515981 0.260804
v -0.124409 0.405436 0.231687
v -0.121661 0.460988 0.231521
v -0.115646 0.512291 0.231343
v -0.090537 0.254945 0.180239
v -0.041873 0.253469 0.211991
v 0.006527 0.254945 0.244145
v -0.101874 0.256533 0.201467
v -0.055193 0.254887 0.232223
v -0.008492 0.256533 0.262948
v -0.106662 0.259626 0.217697
v -0.064374 0.258062 0.246168
v -0.021508 0.259626 0.273761
v -0.010049 0.577537 0.255782
v -0.051857 0.586392 0.227157
v -0.094676 0.577537 0.200065
v -0.013824 0.583441 0.266466
v -0.058249 0.593268 0.236865
v -0.102998 0.583441 0.207755
v -0.022302 0.575133 0.274393
v -0.064831 0.584125 0.246861
v -0.106929 0.575133 0.218676
v -0.030346 0.274139 0.287185
v -0.028124 0.290265 0.292768
v -0.027247 0.316386 0.295444
v -0.073925 0.273724 0.260674
v -0.075879 0.290325 0.263642
v -0.076747 0.316712 0.264960
v -0.115500 0.274139 0.231121
v -0.121506 0.290265 0.231286
v -0.124311 0.316386 0.231538
v 0.027143 0.273191 0.015037
v 0.028303 0.283351 0.008326
v 0.028109 0.293484 0.013570
v 0.073186 0.272832 0.037231
v 0.076966 0.283587 0.031490
v 0.074097 0.294257 0.035848
v 0.111771 0.273191 0.070754
v 0.117477 0.283351 0.067037
v 0.112736 0.293484 0.069287
v 0.046733 0.254881 0.183076
v -0.001363 0.253432 0.150462
v -0.050331 0.254881 0.119171
v 0.068573 0.256432 0.145896
v 0.022707 0.254829 0.113903
v -0.024809 0.256432 0.084415
v 0.085962 0.259530 0.110527
v 0.044917 0.258006 0.080168
v 0.000808 0.259530 0.054463
v -0.159404 0.341327 0.140085
v -0.153378 0.322193 0.130932
v -0.144430 0.310106 0.117340
v -0.176188 0.332496 0.136740
v -0.170122 0.314391 0.127528
v -0.161531 0.302511 0.114479
v -0.184442 0.321755 0.138654
v -0.178927 0.305937 0.130277
v -0.171255 0.295422 0.118624
v 0.085605 0.310106 0.268791
v 0.076656 0.322193 0.282383
v 0.070630 0.341327 0.291535
v 0.094992 0.302511 0.283370
v 0.086401 0.314391 0.296418
v 0.080336 0.332496 0.305630
v 0.095027 0.295422 0.293940
v 0.087355 0.305937 0.305593
v 0.081840 0.321755 0.313969
v -0.089144 0.343894 0.177550
v -0.040099 0.342104 0.209296
v 0.008447 0.343894 0.241802
v -0.083817 0.329763 0.169459
v -0.034921 0.329983 0.201433
v 0.013774 0.329763 0.233711
v -0.076905 0.319346 0.158961
v -0.028788 0.320098 0.192117
v 0.020685 0.319346 0.223213
v -0.108603 0.280693 0.047524
v -0.119592 0.266209 0.080917
v -0.137528 0.274323 0.079393
v -0.151342 0.281572 0.089867
v -0.134290 0.287866 0.074476
v -0.113753 0.297097 0.072048
v -0.089011 0.293476 0.043898
v -0.055959 0.292132 0.019374
v -0.064711 0.281633 0.016377
v -0.057701 0.271719 0.022019
v -0.092114 0.269164 0.048612
v -0.183319 0.285152 0.152591
v -0.163532 0.272828 0.181527
v -0.176703 0.288252 0.176237
v -0.182693 0.313610 0.176603
v -0.190822 0.311536 0.159458
v -0.191355 0.310842 0.149220
v -0.185941 0.292457 0.141196
v -0.176808 0.282542 0.127126
v -0.171905 0.275112 0.130726
v -0.157644 0.266557 0.138556
v -0.166512 0.270010 0.160759
v -0.093025 0.418143 0.184018
v -0.091245 0.472951 0.185323
v -0.087955 0.521068 0.189284
v -0.043862 0.417030 0.215012
v -0.043535 0.474798 0.214516
v -0.044289 0.525047 0.215660
v 0.004040 0.418143 0.247923
v 0.002137 0.472951 0.246804
v -0.002801 0.521068 0.245347
v -0.044551 0.310044 0.110392
v 0.003574 0.311364 0.142964
v 0.052513 0.310044 0.174298
v -0.019804 0.308623 0.076813
v 0.027665 0.310462 0.106373
v 0.073578 0.308623 0.138294
v 0.004359 0.306195 0.049070
v 0.048585 0.308036 0.074597
v 0.089513 0.306195 0.105134
v -0.182265 0.440889 0.159408
v -0.183077 0.397368 0.177343
v -0.177158 0.451627 0.177782
v -0.163859 0.505611 0.183260
v -0.165378 0.506792 0.169278
v -0.151788 0.509900 0.164925
v -0.163059 0.458960 0.156368
v -0.165599 0.410487 0.150797
v -0.183673 0.393218 0.149483
v -0.191716 0.364955 0.151191
v -0.191237 0.386141 0.160971
v 0.135577 0.280693 0.208288
v 0.115086 0.297097 0.222711
v 0.120972 0.287866 0.242536
v 0.113573 0.281572 0.264282
v 0.117734 0.274323 0.247453
v 0.109246 0.266209 0.231580
v 0.128062 0.269164 0.193572
v 0.138889 0.271719 0.151450
v 0.146842 0.281633 0.155660
v 0.140630 0.292132 0.148805
v 0.131165 0.293476 0.188858
v 0.061915 0.440889 0.320172
v 0.073199 0.364955 0.325606
v 0.071589 0.393218 0.317543
v 0.063239 0.410487 0.301460
v 0.057117 0.458960 0.301328
v 0.044802 0.509900 0.294356
v 0.046175 0.506792 0.308561
v 0.032731 0.505611 0.312691
v 0.043019 0.451627 0.322742
v 0.045761 0.397368 0.328006
v 0.064026 0.386141 0.329030
v 0.068594 0.285152 0.318446
v 0.071339 0.266557 0.289314
v 0.084168 0.275112 0.299320
v 0.089413 0.282542 0.302401
v 0.080097 0.292457 0.316351
v 0.074866 0.310842 0.324495
v 0.065251 0.311536 0.328051
v 0.046289 0.313610 0.327361
v 0.044258 0.288252 0.321713
v 0.034193 0.272828 0.311705
v 0.054449 0.270010 0.306235
v 0.004205 0.087176 0.147652
v 0.004205 0.143609 0.147652
v 0.004205 0.200041 0.147652
v 0.008255 0.087176 0.148892
v 0.008255 0.143609 0.148892
v 0.008255 0.200041 0.148892
v 0.011995 0.087176 0.150879
v 0.011995 0.143609 0.150879
v 0.011995 0.200041 0.150879
v 0.017942 0.087176 0.156826
v 0.017942 0.143609 0.156826
v 0.017942 0.200041 0.156826
v 0.019930 0.087176 0.160566
v 0.019930 0.143609 0.160566
v 0.019930 0.200041 0.160566
v 0.021169 0.087176 0.164616
v 0.021169 0.143609 0.164616
v 0.021169 0.200041 0.164616
v 0.021169 0.087176 0.173027
v 0.021169 0.143609 0.173027
v 0.021169 0.200041 0.173027
v 0.019930 0.087176 0.177077
v 0.019930 0.143609 0.177077
v 0.019930 0.200041 0.177077
v 0.017942 0.087176 0.180817
v 0.017942 0.143609 0.180817
v 0.017942 0.200041 0.180817
v 0.011995 0.087176 0.186764
v 0.011995 0.143609 0.186764
v 0.011995 0.200041 0.186764
v 0.008255 0.087176 0.188751
v 0.008255 0.143609 0.188751
v 0.008255 0.200041 0.188751
v 0.004205 0.087176 0.189991
v 0.004205 0.143609 0.189991
v 0.004205 0.200041 0.189991
v -0.004205 0.087176 0.189991
v -0.004205 0.143609 0.189991
v -0.004205 0.200041 0.189991
v -0.008255 0.087176 0.188751
v -0.008255 0.143609 0.188751
v -0.008255 0.200041 0.188751
v -0.011995 0.087176 0.186764
v -0.011995 0.143609 0.186764
v -0.011995 0.200041 0.186764
v -0.017942 0.087176 0.180817
v -0.017942 0.143609 0.180817
v -0.017942 0.200041 0.180817
v -0.019930 0.087176 0.177077
v -0.019930 0.143609 0.177077
v -0.019930 0.200041 0.177077
v -0.021169 0.087176 0.173026
v -0.021169 0.143609 0.173027
v -0.021169 0.200041 0.173026
v -0.021169 0.087176 0.164616
v -0.021169 0.143609 0.164616
v -0.021169 0.200041 0.164616
v -0.019930 0.087176 0.160566
v -0.019930 0.143609 0.160566
v -0.019930 0.200041 0.160566
v -0.017942 0.087176 0.156826
v -0.017942 0.143609 0.156826
v -0.017942 0.200041 0.156826
v -0.011995 0.087176 0.150879
v -0.011995 0.143609 0.150879
v -0.011995 0.200041 0.150879
v -0.008255 0.087176 0.148892
v -0.008255 0.143609 0.148892
v -0.008255 0.200041 0.148892
v -0.004205 0.087176 0.147652
v -0.004205 0.143609 0.147652
v -0.004205 0.200041 0.147652
v 0.010240 0.006665 0.047800
v 0.010787 0.013581 0.049908
v 0.012280 0.020272 0.055648
v 0.021819 0.006646 0.065349
v 0.022714 0.013428 0.066895
v 0.025210 0.019774 0.071240
v 0.036081 0.006617 0.088059
v 0.036945 0.013196 0.088642
v 0.039407 0.019008 0.090569
v 0.076966 0.006617 0.128945
v 0.076383 0.013196 0.128080
v 0.074456 0.019008 0.125618
v 0.099677 0.006646 0.143206
v 0.098130 0.013428 0.142312
v 0.093785 0.019774 0.139815
v 0.117225 0.006665 0.154785
v 0.115117 0.013581 0.154238
v 0.109377 0.020272 0.152745
v 0.117225 0.006665 0.175265
v 0.115117 0.013581 0.175812
v 0.109377 0.020272 0.177305
v 0.099677 0.006646 0.186844
v 0.098130 0.013428 0.187739
v 0.093785 0.019774 0.190235
v 0.076966 0.006617 0.201106
v 0.076383 0.013196 0.201970
v 0.074456 0.019008 0.204432
v 0.036081 0.006617 0.241991
v 0.036945 0.013196 0.241408
v 0.039407 0.019008 0.239481
v 0.021819 0.006646 0.264702
v 0.022714 0.013428 0.263156
v 0.025210 0.019774 0.258810
v 0.010240 0.006665 0.282251
v 0.010787 0.013581 0.280143
v 0.012280 0.020272 0.274402
v -0.010240 0.006665 0.282251
v -0.010787 0.013581 0.280143
v -0.012280 0.020272 0.274402
v -0.021819 0.006646 0.264702
v -0.022714 0.013428 0.263156
v -0.025210 0.019774 0.258810
v -0.036081 0.006617 0.241991
v -0.036945 0.013196 0.241408
v -0.039407 0.019008 0.239481
v -0.076966 0.006617 0.201106
v -0.076383 0.013196 0.201970
v -0.074456 0.019008 0.204432
v -0.099677 0.006646 0.186844
v -0.098130 0.013428 0.187739
v -0.093785 0.019774 0.190235
v -0.117225 0.006665 0.175265
v -0.115117 0.013581 0.175812
v -0.109377 0.020272 0.177305
v -0.029104 0.040722 0.194129
v -0.056389 0.037382 0.189968
v -0.080019 0.032501 0.184854
v -0.024943 0.037382 0.221414
v -0.048458 0.034681 0.213483
v -0.069001 0.030625 0.203895
v -0.019829 0.032501 0.245044
v -0.038869 0.030625 0.234026
v -0.056003 0.027698 0.221028
v -0.117225 0.006665 0.154785
v -0.115117 0.013581 0.154238
v -0.109377 0.020272 0.152745
v -0.099677 0.006646 0.143206
v -0.098130 0.013428 0.142312
v -0.093785 0.019774 0.139815
v -0.076966 0.006617 0.128945
v -0.076383 0.013196 0.128080
v -0.074456 0.019008 0.125618
v -0.036081 0.006617 0.088059
v -0.036945 0.013196 0.088642
v -0.039407 0.019008 0.090569
v -0.021819 0.006646 0.065349
v -0.022714 0.013428 0.066895
v -0.025210 0.019774 0.071240
v -0.010240 0.006665 0.047800
v -0.010787 0.013581 0.049908
v -0.012280 0.020272 0.055648
v 0.000000 -0.000365 0.165025
v -0.000000 -0.000365 0.078481
v 0.016659 -0.000365 0.106176
v 0.044889 -0.000365 0.120136
v 0.058849 -0.000365 0.148366
v 0.086544 -0.000365 0.165025
v 0.058849 -0.000365 0.181684
v 0.044889 -0.000365 0.209914
v 0.016659 -0.000365 0.223874
v 0.000000 -0.000365 0.251569
v -0.016659 -0.000365 0.223874
v -0.044889 -0.000365 0.209914
v -0.058849 -0.000365 0.181684
v -0.086544 -0.000365 0.165025
v -0.058849 -0.000365 0.148366
v -0.044889 -0.000365 0.120136
v -0.016659 -0.000365 0.106176
v -0.019829 0.032501 0.085006
v -0.038869 0.030625 0.096024
v -0.056003 0.027698 0.109022
v -0.024943 0.037382 0.108636
v -0.048458 0.034681 0.116567
v -0.069001 0.030625 0.126156
v -0.029104 0.040722 0.135921
v -0.056389 0.037382 0.140082
v -0.080019 0.032501 0.145196
v 0.080019 0.032501 0.184854
v 0.056389 0.037382 0.189968
v 0.029104 0.040722 0.194129
v 0.069001 0.030625 0.203895
v 0.048458 0.034681 0.213483
v 0.024943 0.037382 0.221414
v 0.056003 0.027698 0.221028
v 0.038869 0.030625 0.234026
v 0.019829 0.032501 0.245044
v 0.056003 0.027698 0.109022
v 0.038869 0.030625 0.096024
v 0.019829 0.032501 0.085006
v 0.069001 0.030625 0.126156
v 0.048458 0.034681 0.116567
v 0.024943 0.037382 0.108636
v 0.080019 0.032501 0.145196
v 0.056389 0.037382 0.140082
v 0.029104 0.040722 0.135921
v -0.471568 0.407933 0.370723
v -0.471568 0.681882 0.370723
v -0.471568 0.407933 -0.031058
v -0.471568 0.681882 -0.031058
v -0.450488 0.433029 0.345627
v -0.450488 0.656786 0.345627
v -0.450488 0.433029 -0.005963
v -0.450488 0.656786 -0.005963
v -0.450488 0.681882 -0.031058
v -0.450488 0.407933 -0.031058
v -0.450488 0.407933 0.370723
v -0.450488 0.681882 0.370723
v -0.458067 0.656786 -0.005963
v -0.458067 0.433029 -0.005963
v -0.458067 0.433029 0.345627
v -0.458067 0.656786 0.345627
vn -0.9994 -0.0000 -0.0348
vn -0.0000 -0.0000 1.0000
vn 0.9999 -0.0000 -0.0102
vn 1.0000 -0.0000 -0.0000
vn -0.0000 -0.0000 -1.0000
vn -1.0000 -0.0000 -0.0000
vn -0.0000 -1.0000 -0.0000
vn -0.0000 1.0000 -0.0000
vn -0.5894 -0.6206 -0.5172
vn -0.1901 -0.8045 -0.5627
vn -0.0518 -0.9851 -0.1637
vn -0.6844 -0.6702 -0.2870
vn -0.0000 -0.8472 -0.5313
vn -0.0000 -0.9901 -0.1404
vn -0.0000 -0.7117 0.7025
vn -0.0153 -0.7169 0.6970
vn -0.6514 -0.5748 0.4952
vn -0.0000 -0.6705 0.7419
vn 0.0047 -0.6462 0.7632
vn 0.0149 -0.8948 0.4462
vn -0.0000 -0.9163 0.4005
vn 0.2802 -0.3019 0.9112
vn 0.5203 -0.5789 0.6278
vn 0.2657 -0.3495 0.8984
vn -0.0081 -0.2254 0.9742
vn -0.0000 -0.2161 0.9764
vn -0.0000 0.8472 -0.5313
vn -0.1999 0.8094 -0.5522
vn -0.0581 0.9850 -0.1625
vn -0.0000 0.9901 -0.1404
vn -0.5809 0.6552 -0.4830
vn -0.6426 0.7207 -0.2603
vn -0.5956 0.6172 0.5141
vn -0.0175 0.7169 0.6970
vn -0.0000 0.7117 0.7025
vn -0.8012 0.0532 -0.5960
vn -0.7600 0.2552 -0.5977
vn -0.3142 0.3476 -0.8834
vn -0.3502 0.0170 -0.9365
vn -0.0000 0.3790 -0.9254
vn -0.0000 0.0017 -1.0000
vn 0.6681 -0.0572 0.7419
vn 0.6385 -0.0614 0.7672
vn 0.1870 -0.0162 0.9822
vn 0.1883 -0.0161 0.9820
vn 0.0591 -0.0644 0.9962
vn -0.7464 0.0840 0.6602
vn -0.7443 0.0630 0.6648
vn 0.0002 -0.1877 0.9822
vn -0.0000 -0.1890 0.9820
vn -0.0000 0.6705 0.7419
vn 0.0355 0.6284 0.7770
vn 0.0040 0.1537 0.9881
vn -0.0000 0.1890 0.9820
vn 0.2649 0.2764 0.9238
vn 0.0425 0.0386 0.9984
vn 0.0613 0.8853 0.4610
vn 0.5435 0.5681 0.6180
vn -0.0000 0.9120 0.4102
vn -0.0000 0.2186 0.9758
vn -0.0119 0.2760 0.9611
vn 0.2542 0.3311 0.9087
vn 0.6067 0.0108 0.7949
vn 0.8527 0.0324 0.5215
vn 0.8861 -0.0750 0.4573
vn 0.2899 -0.0217 0.9568
vn 0.2202 -0.0232 0.9752
vn -0.3089 0.0400 0.9503
vn -0.2202 0.2951 0.9297
vn 0.2317 -0.0154 0.9727
vn -0.3067 0.0228 0.9515
vn -0.0102 0.3657 0.9307
vn -0.0000 0.3691 0.9294
vn -0.0272 -0.3481 0.9370
vn -0.1719 -0.2380 0.9559
vn -0.0000 -0.3625 0.9320
vn -0.7612 -0.1722 -0.6252
vn -0.9635 0.0074 -0.2676
vn -0.9673 0.0779 -0.2412
vn -0.7517 0.0394 0.6584
vn -0.9572 0.1392 -0.2539
vn -0.2961 -0.0242 0.9548
vn 0.8643 -0.0933 0.4942
vn 0.1441 -0.0056 0.9895
vn -0.3074 -0.3259 -0.8941
vn -0.0000 -0.3770 -0.9262
vn 0.5894 -0.6206 -0.5172
vn 0.6844 -0.6702 -0.2870
vn 0.0518 -0.9851 -0.1637
vn 0.1901 -0.8045 -0.5627
vn 0.6514 -0.5748 0.4952
vn 0.0153 -0.7169 0.6970
vn -0.0149 -0.8948 0.4462
vn -0.0047 -0.6462 0.7632
vn 0.0081 -0.2254 0.9742
vn -0.2657 -0.3495 0.8984
vn -0.5203 -0.5789 0.6278
vn -0.2802 -0.3019 0.9112
vn 0.0581 0.9850 -0.1625
vn 0.1999 0.8094 -0.5522
vn 0.0175 0.7169 0.6970
vn 0.5956 0.6172 0.5141
vn 0.6426 0.7207 -0.2603
vn 0.5809 0.6552 -0.4830
vn 0.8012 0.0532 -0.5960
vn 0.3502 0.0170 -0.9365
vn 0.3142 0.3476 -0.8834
vn 0.7600 0.2552 -0.5977
vn -0.6681 -0.0572 0.7419
vn -0.1883 -0.0161 0.9820
vn -0.1870 -0.0162 0.9822
vn -0.6385 -0.0614 0.7672
vn 0.7443 0.0630 0.6648
vn 0.7464 0.0840 0.6602
vn -0.0591 -0.0645 0.9962
vn -0.0002 -0.1877 0.9822
vn -0.0040 0.1537 0.9881
vn -0.0355 0.6284 0.7770
vn -0.0425 0.0386 0.9984
vn -0.2649 0.2764 0.9238
vn 0.2961 -0.0242 0.9548
vn 0.3067 0.0228 0.9515
vn 0.3089 0.0400 0.9503
vn 0.2202 0.2951 0.9297
vn 0.0102 0.3657 0.9307
vn 0.0272 -0.3481 0.9370
vn 0.1719 -0.2380 0.9559
vn -0.5435 0.5681 0.6180
vn -0.0613 0.8853 0.4610
vn -0.2542 0.3311 0.9087
vn 0.0119 0.2760 0.9611
vn -0.8861 -0.0750 0.4573
vn -0.8527 0.0324 0.5215
vn -0.6067 0.0108 0.7949
vn -0.2202 -0.0232 0.9752
vn -0.2899 -0.0217 0.9568
vn -0.2317 -0.0154 0.9727
vn 0.9673 0.0779 -0.2412
vn 0.9635 0.0074 -0.2676
vn 0.7612 -0.1722 -0.6252
vn 0.7517 0.0394 0.6584
vn 0.9572 0.1392 -0.2539
vn -0.8643 -0.0933 0.4942
vn -0.1441 -0.0056 0.9895
vn 0.3074 -0.3259 -0.8941
vn -0.9792 0.0088 -0.2025
vn -0.9733 -0.0045 -0.2295
vn -0.9733 0.0002 -0.2295
vn -0.0000 0.9327 0.3605
vn -0.0000 0.9657 0.2597
vn -0.0009 0.9603 0.2791
vn -0.0031 0.9348 0.3551
vn -0.0000 0.9946 0.1038
vn 0.0008 0.9946 0.1038
vn -0.0363 0.4082 -0.9122
vn -0.0331 0.4084 -0.9122
vn -0.0000 0.4086 -0.9127
vn -0.0000 0.4085 -0.9128
vn -0.0400 0.4080 -0.9121
vn -0.0000 0.4083 -0.9128
vn -0.0039 0.9497 0.3130
vn -0.9813 0.0126 -0.1921
vn -0.9733 0.0027 -0.2296
vn -0.0213 0.5343 0.8450
vn -0.9874 0.0219 -0.1567
vn 0.9792 0.0088 -0.2025
vn 0.9733 0.0002 -0.2295
vn 0.9733 -0.0045 -0.2295
vn 0.0031 0.9348 0.3551
vn 0.0009 0.9603 0.2791
vn -0.0008 0.9946 0.1038
vn 0.0363 0.4082 -0.9122
vn 0.0331 0.4084 -0.9122
vn 0.0400 0.4080 -0.9121
vn 0.0039 0.9497 0.3130
vn 0.9813 0.0126 -0.1921
vn 0.9733 0.0027 -0.2296
vn 0.0213 0.5343 0.8450
vn 0.9874 0.0219 -0.1567
vn -0.0000 0.3035 -0.9528
vn -0.0000 -0.3035 0.9528
vn -0.0000 -0.9528 -0.3035
vn -0.0000 0.9528 0.3035
vn -0.4905 0.0218 0.8712
vn -0.4818 0.0557 0.8745
vn -0.5492 0.0493 0.8342
vn -0.5498 0.0179 0.8351
vn -0.4719 0.1158 0.8740
vn -0.5463 0.1135 0.8298
vn -0.6129 0.0557 0.7882
vn -0.6064 0.0218 0.7949
vn -0.6164 0.1158 0.7789
vn -0.3930 -0.0075 0.9195
vn -0.3812 0.0357 0.9238
vn -0.4937 -0.0041 0.8696
vn -0.3563 0.0811 0.9308
vn -0.3326 0.1500 0.9311
vn -0.3308 0.2446 0.9114
vn -0.4276 0.2661 0.8639
vn -0.5297 0.2687 0.8045
vn -0.6246 0.2661 0.7343
vn -0.7065 0.2446 0.6641
vn -0.7238 0.1500 0.6735
vn -0.7142 0.0811 0.6952
vn -0.6979 0.0357 0.7153
vn -0.6037 -0.0041 0.7972
vn -0.6893 -0.0075 0.7244
vn -0.5499 -0.0028 0.8352
vn -0.0758 -0.9971 0.0066
vn -0.0209 -0.9993 0.0318
vn -0.0702 -0.9918 0.1067
vn -0.1363 -0.9871 0.0839
vn 0.0239 -0.9971 0.0723
vn -0.0232 -0.9871 0.1584
vn -0.1857 -0.9412 0.2821
vn -0.2454 -0.9363 0.2513
vn -0.1338 -0.9363 0.3247
vn -0.1291 -0.9884 -0.0795
vn -0.0479 -0.9984 -0.0285
vn -0.1799 -0.9834 -0.0234
vn -0.0010 -1.0000 0.0015
vn 0.0451 -0.9984 0.0327
vn 0.1240 -0.9884 0.0871
vn 0.0926 -0.9834 0.1560
vn 0.0354 -0.9581 0.2843
vn -0.0968 -0.8747 0.4750
vn -0.2634 -0.7327 0.6275
vn -0.3179 -0.7372 0.5962
vn -0.3705 -0.7389 0.5628
vn -0.4221 -0.7372 0.5277
vn -0.3981 -0.8747 0.2766
vn -0.4723 -0.7327 0.4900
vn -0.2751 -0.9581 0.0799
vn 0.6151 0.6346 -0.4680
vn 0.4091 0.6682 -0.6214
vn -0.0318 0.9983 0.0483
vn 0.2762 0.9268 0.2544
vn 0.1868 0.6346 -0.7499
vn -0.3428 0.9268 -0.1532
vn -0.4326 0.6173 0.6571
vn -0.2367 0.5857 0.7752
vn -0.6185 0.5857 0.5238
vn 0.7242 0.2328 -0.6491
vn 0.6366 0.2546 -0.7279
vn 0.8122 0.4859 -0.3230
vn 0.5315 0.2565 -0.8073
vn 0.4171 0.2546 -0.8725
vn 0.3101 0.2328 -0.9218
vn -0.0243 0.4859 -0.8737
vn -0.6383 0.6860 -0.3493
vn -0.7987 0.4535 0.3955
vn -0.0476 0.4535 0.8900
vn 0.5731 0.6860 0.4483
vn -0.4408 -0.3975 0.8048
vn -0.4755 -0.1575 0.8655
vn -0.5445 -0.1395 0.8271
vn -0.5061 -0.3912 0.7687
vn -0.4889 -0.0475 0.8710
vn -0.5495 -0.0385 0.8346
vn -0.6071 -0.1575 0.7788
vn -0.5651 -0.3975 0.7230
vn -0.6069 -0.0475 0.7933
vn -0.3026 -0.4999 0.8115
vn -0.3457 -0.2313 0.9094
vn -0.3793 -0.0786 0.9219
vn -0.6970 -0.0786 0.7128
vn -0.6987 -0.2313 0.6770
vn -0.6258 -0.4999 0.5987
vn 0.1962 -0.7401 -0.6432
vn 0.2718 -0.0601 -0.9605
vn 0.5490 -0.0570 -0.8339
vn 0.3673 -0.7442 -0.5579
vn 0.2074 0.6812 -0.7021
vn 0.3975 0.6911 -0.6037
vn 0.7749 -0.0601 -0.6293
vn 0.5133 -0.7401 -0.4344
vn 0.5630 0.6812 -0.4680
vn -0.0041 -0.9367 -0.3502
vn -0.0425 -0.7543 -0.6552
vn 0.0838 -0.9463 -0.3123
vn -0.1196 -0.0596 -0.9910
vn -0.0599 0.6915 -0.7199
vn -0.0227 0.9254 -0.3783
vn 0.0776 0.9398 -0.3328
vn 0.1769 0.9468 -0.2687
vn 0.2750 0.9398 -0.2028
vn 0.3565 0.9254 -0.1287
vn 0.6850 0.6915 -0.2295
vn 0.9576 -0.0596 -0.2818
vn 0.6186 -0.7543 -0.2199
vn 0.2538 -0.9463 -0.2004
vn 0.3233 -0.9367 -0.1347
vn 0.1697 -0.9512 -0.2578
vn 0.0651 -0.9978 0.0103
vn 0.0120 -0.9998 -0.0183
vn 0.0319 -0.9983 -0.0485
vn 0.0943 -0.9954 -0.0171
vn -0.0351 -0.9978 -0.0557
vn -0.0216 -0.9954 -0.0934
vn 0.0728 -0.9912 -0.1105
vn 0.1386 -0.9878 -0.0710
vn 0.0105 -0.9878 -0.1554
vn 0.1634 -0.9851 0.0530
vn -0.1133 -0.9851 -0.1292
vn -0.1061 -0.9766 -0.1870
vn -0.0778 -0.9611 -0.2649
vn 0.2741 -0.9611 -0.0332
vn 0.2137 -0.9766 0.0236
vn 0.1638 0.3454 -0.9240
vn 0.0505 0.6096 -0.7911
vn -0.3576 0.4420 -0.8227
vn -0.2600 0.2773 -0.9249
vn -0.0998 0.8160 -0.5694
vn -0.4452 0.5885 -0.6749
vn -0.7018 0.1771 -0.6900
vn -0.6584 0.1278 -0.7417
vn -0.7257 0.2410 -0.6444
vn 0.4324 0.1506 -0.8890
vn 0.4094 0.3795 -0.8297
vn 0.1782 0.1719 -0.9689
vn 0.2970 0.6586 -0.6914
vn 0.1442 0.8755 -0.4612
vn -0.0085 0.9669 -0.2551
vn -0.2181 0.8856 -0.4101
vn -0.5140 0.6269 -0.5855
vn -0.7453 0.2235 -0.6282
vn -0.8285 -0.0266 -0.5594
vn -0.8385 -0.0312 -0.5439
vn -0.8469 -0.0205 -0.5313
vn -0.8509 -0.0057 -0.5253
vn -0.6776 0.0999 -0.7286
vn -0.8477 0.0083 -0.5304
vn -0.2581 0.1728 -0.9505
vn 0.5625 0.8160 -0.1333
vn 0.7068 0.6096 -0.3590
vn 0.8970 0.4420 0.0033
vn 0.7959 0.5885 0.1422
vn 0.7841 0.3454 -0.5157
vn 0.9524 0.2773 -0.1267
vn 0.9112 0.1771 0.3719
vn 0.8787 0.2410 0.4120
vn 0.9416 0.1278 0.3116
vn 0.2377 0.9669 -0.0930
vn 0.3666 0.8755 -0.3148
vn 0.4629 0.8856 0.0383
vn 0.5177 0.6586 -0.5461
vn 0.6004 0.3795 -0.7040
vn 0.6458 0.1506 -0.7485
vn 0.8196 0.1719 -0.5466
vn 0.9752 0.1728 -0.1386
vn 0.9371 0.0999 0.3345
vn 0.8222 0.0083 0.5691
vn 0.8188 -0.0057 0.5740
vn 0.8228 -0.0205 0.5680
vn 0.8311 -0.0312 0.5553
vn 0.8716 0.2235 0.4363
vn 0.8413 -0.0266 0.5399
vn 0.7410 0.6269 0.2408
vn 0.4878 0.4434 -0.7520
vn 0.4818 0.4822 -0.7317
vn 0.4039 0.6787 -0.6134
vn 0.3898 0.6730 -0.6286
vn 0.4980 0.4434 -0.7453
vn 0.4234 0.6730 -0.6065
vn 0.3012 0.8366 -0.4576
vn 0.2708 0.8554 -0.4415
vn 0.2985 0.8554 -0.4232
vn 0.5307 0.1715 -0.8301
vn 0.5396 0.1924 -0.8196
vn 0.5528 0.1715 -0.8155
vn 0.1453 0.9738 -0.1752
vn 0.1341 0.9698 -0.2036
vn 0.1035 0.9738 -0.2027
vn -0.2854 -0.9104 -0.2996
vn -0.5939 -0.5667 -0.5711
vn -0.6294 -0.0674 -0.7742
vn -0.3072 -0.8508 -0.4264
vn -0.7553 -0.0937 -0.6487
vn -0.6207 0.4132 -0.6663
vn -0.3115 0.8571 -0.4102
vn -0.3583 0.7939 -0.4914
vn -0.2842 0.7418 -0.6074
vn -0.4741 -0.0564 -0.8787
vn -0.2426 -0.8005 -0.5479
vn -0.2823 -0.9425 -0.1791
vn -0.5334 -0.7701 -0.3498
vn -0.7747 -0.3813 -0.5045
vn -0.1047 0.9771 -0.1850
vn -0.1316 0.9678 -0.2147
vn -0.1091 0.9517 -0.2869
vn -0.6353 -0.6807 0.3647
vn -0.8082 -0.3821 0.4480
vn -0.8373 -0.5375 0.1004
vn -0.5478 -0.8311 0.0962
vn -0.8325 -0.1382 0.5366
vn -0.9512 -0.1818 0.2494
vn -0.9758 -0.1380 -0.1696
vn -0.9238 -0.2980 -0.2404
vn -0.8346 -0.4077 -0.3704
vn -0.6340 -0.7525 -0.1780
vn -0.3829 -0.9207 -0.0760
vn -0.8244 -0.0103 0.5660
vn -0.9693 -0.0082 0.2458
vn -0.9767 -0.0099 -0.2146
vn 0.5072 0.0126 -0.8617
vn 0.4829 0.0262 -0.8753
vn 0.5498 0.0140 -0.8351
vn 0.5499 -0.0037 -0.8352
vn 0.4677 0.0834 -0.8800
vn 0.5482 0.0794 -0.8326
vn 0.6132 0.0262 -0.7895
vn 0.5911 0.0126 -0.8065
vn 0.6235 0.0834 -0.7774
vn 0.3908 0.0573 -0.9187
vn 0.3442 0.0671 -0.9365
vn 0.3111 0.1283 -0.9417
vn 0.7421 0.1283 -0.6579
vn 0.7242 0.0671 -0.6863
vn 0.6894 0.0573 -0.7221
vn -0.0205 0.9973 -0.0703
vn 0.0159 0.9996 -0.0242
vn 0.0264 0.9988 -0.0401
vn -0.0322 0.9950 -0.0948
vn 0.0727 0.9973 -0.0089
vn 0.0998 0.9950 -0.0079
vn 0.0677 0.9924 -0.1028
vn -0.0051 0.9878 -0.1557
vn 0.1450 0.9878 -0.0568
vn 0.2113 0.9771 0.0231
vn 0.2492 0.9678 0.0360
vn 0.3066 0.9517 -0.0132
vn -0.8612 0.0728 0.5030
vn -0.8997 0.1511 0.4095
vn -0.8371 0.2318 -0.4955
vn -0.9934 0.1144 -0.0088
vn -0.8927 0.2654 0.3642
vn -0.7970 0.3844 -0.4659
vn -0.0905 0.2759 -0.9569
vn -0.0446 0.1600 -0.9861
vn 0.0762 0.1275 -0.9889
vn -0.5069 0.1705 -0.8450
vn -0.8682 0.0988 -0.4864
vn 0.4999 0.8571 0.1240
vn 0.8574 0.4132 0.3068
vn 0.9599 -0.0674 0.2722
vn 0.5930 0.7939 0.1349
vn 0.8944 -0.0937 0.4374
vn 0.7593 -0.5667 0.3198
vn 0.3880 -0.9104 0.1437
vn 0.5131 -0.8508 0.1137
vn 0.5992 -0.8005 0.0063
vn 0.9945 -0.0564 0.0882
vn 0.6702 0.7418 0.0210
vn 0.7696 -0.3813 0.5122
vn 0.5321 -0.7701 0.3518
vn 0.2761 -0.9425 0.1885
vn 0.7899 0.0988 0.6053
vn 0.9765 0.1705 0.1316
vn 0.7860 0.2318 0.5732
vn 0.4007 0.1144 0.9090
vn 0.8783 0.1275 -0.4608
vn 0.9234 0.1600 -0.3488
vn 0.9148 0.2759 -0.2951
vn 0.7430 0.3844 0.5479
vn 0.0182 0.2654 0.9640
vn -0.0206 0.1511 0.9883
vn -0.1217 0.0728 0.9899
vn 0.5831 -0.0099 0.8123
vn 0.1573 -0.0082 0.9875
vn -0.1941 -0.0103 0.9809
vn 0.2211 -0.9207 0.3217
vn 0.4141 -0.7525 0.5121
vn 0.2387 -0.5375 0.8088
vn 0.1281 -0.8311 0.5412
vn 0.6701 -0.4077 0.6203
vn 0.5859 -0.2980 0.7536
vn 0.5415 -0.1380 0.8293
vn 0.1468 -0.1818 0.9723
vn -0.1639 -0.1382 0.9768
vn -0.0921 -0.3821 0.9195
vn -0.0839 -0.6807 0.7277
vn 0.1978 -0.0000 -0.9802
vn 0.3827 -0.0000 -0.9239
vn 0.5532 -0.0000 -0.8330
vn 0.7071 -0.0000 -0.7071
vn 0.8330 -0.0000 -0.5532
vn 0.9239 -0.0000 -0.3827
vn 0.9802 -0.0000 -0.1978
vn 0.9802 -0.0000 0.1978
vn 0.9239 -0.0000 0.3827
vn 0.8330 -0.0000 0.5532
vn 0.7071 -0.0000 0.7071
vn 0.5532 -0.0000 0.8330
vn 0.3827 -0.0000 0.9239
vn 0.1978 -0.0000 0.9802
vn -0.1978 -0.0000 0.9802
vn -0.3827 -0.0000 0.9239
vn -0.5532 -0.0000 0.8330
vn -0.7071 -0.0000 0.7071
vn -0.8330 -0.0000 0.5532
vn -0.9239 -0.0000 0.3827
vn -0.9802 -0.0000 0.1978
vn -0.9802 -0.0000 -0.1978
vn -0.9239 -0.0000 -0.3827
vn -0.8330 -0.0000 -0.5532
vn -0.7071 -0.0000 -0.7071
vn -0.5532 -0.0000 -0.8330
vn -0.3827 -0.0000 -0.9239
vn -0.1978 -0.0000 -0.9802
vn 0.6973 0.0932 -0.7107
vn 0.6451 0.3091 -0.6988
vn 0.8180 0.0778 -0.5699
vn 0.8375 0.0142 -0.5463
vn 0.5374 0.5766 -0.6154
vn 0.7564 0.2601 -0.6002
vn 0.8032 -0.0637 -0.5923
vn 0.8129 -0.0239 -0.5819
vn 0.7785 -0.0362 -0.6266
vn -0.0000 -0.5833 -0.8123
vn -0.0000 0.1539 -0.9881
vn 0.5359 -0.6587 -0.5282
vn -0.0000 0.4389 -0.8986
vn -0.0000 0.7341 -0.6791
vn -0.0000 0.9002 -0.4355
vn 0.3728 0.7972 -0.4748
vn 0.6256 0.5275 -0.5748
vn 0.7226 0.1977 -0.6624
vn 0.7061 -0.0523 -0.7061
vn 0.6976 -0.1633 -0.6976
vn 0.7028 -0.1101 -0.7028
vn 0.7067 -0.0354 -0.7067
vn 0.5625 -0.7231 -0.4008
vn 0.5134 -0.6876 -0.5134
vn 0.5978 -0.7039 -0.3836
vn 0.5819 -0.0239 -0.8129
vn 0.5923 -0.0637 -0.8032
vn 0.5699 0.0778 -0.8180
vn 0.5463 0.0142 -0.8375
vn 0.6266 -0.0362 -0.7785
vn 0.6002 0.2601 -0.7564
vn 0.6988 0.3091 -0.6451
vn 0.7107 0.0932 -0.6973
vn 0.6154 0.5766 -0.5374
vn 0.4008 -0.7231 -0.5625
vn 0.6624 0.1977 -0.7226
vn 0.5748 0.5275 -0.6256
vn 0.4748 0.7972 -0.3728
vn 0.4355 0.9002 -0.0000
vn 0.6791 0.7341 -0.0000
vn 0.8986 0.4389 -0.0000
vn 0.9881 0.1539 -0.0000
vn 0.5282 -0.6587 -0.5359
vn 0.8123 -0.5833 -0.0000
vn 0.3836 -0.7039 -0.5978
vn 0.7107 0.0932 0.6973
vn 0.6988 0.3091 0.6451
vn 0.5699 0.0778 0.8180
vn 0.5463 0.0142 0.8375
vn 0.6154 0.5766 0.5374
vn 0.6002 0.2601 0.7564
vn 0.5923 -0.0637 0.8032
vn 0.5819 -0.0239 0.8129
vn 0.6266 -0.0362 0.7785
vn 0.5282 -0.6587 0.5359
vn 0.4748 0.7972 0.3728
vn 0.5748 0.5275 0.6256
vn 0.6624 0.1977 0.7226
vn 0.7061 -0.0523 0.7061
vn 0.6976 -0.1633 0.6976
vn 0.7028 -0.1101 0.7028
vn 0.7067 -0.0354 0.7067
vn 0.4008 -0.7231 0.5625
vn 0.5134 -0.6876 0.5134
vn 0.3836 -0.7039 0.5978
vn 0.8129 -0.0239 0.5819
vn 0.8032 -0.0637 0.5923
vn 0.8180 0.0778 0.5699
vn 0.8375 0.0142 0.5463
vn 0.7785 -0.0362 0.6266
vn 0.7564 0.2601 0.6002
vn 0.6451 0.3091 0.6988
vn 0.6973 0.0932 0.7107
vn 0.5374 0.5766 0.6154
vn 0.5625 -0.7231 0.4008
vn 0.7226 0.1977 0.6624
vn 0.6256 0.5275 0.5748
vn 0.3728 0.7972 0.4748
vn -0.0000 0.9002 0.4355
vn -0.0000 0.7341 0.6791
vn -0.0000 0.4389 0.8986
vn -0.0000 0.1539 0.9881
vn 0.5359 -0.6587 0.5282
vn -0.0000 -0.5833 0.8123
vn 0.5978 -0.7039 0.3836
vn -0.6973 0.0932 0.7107
vn -0.6451 0.3091 0.6988
vn -0.8180 0.0778 0.5699
vn -0.8375 0.0142 0.5463
vn -0.5374 0.5766 0.6154
vn -0.7564 0.2601 0.6002
vn -0.8032 -0.0637 0.5923
vn -0.8129 -0.0239 0.5819
vn -0.7785 -0.0362 0.6266
vn -0.5359 -0.6587 0.5282
vn -0.3728 0.7972 0.4748
vn -0.6256 0.5275 0.5748
vn -0.7226 0.1977 0.6624
vn -0.7061 -0.0523 0.7061
vn -0.6976 -0.1633 0.6976
vn -0.7028 -0.1101 0.7028
vn -0.7067 -0.0354 0.7067
vn -0.5625 -0.7231 0.4008
vn -0.5134 -0.6876 0.5134
vn -0.5978 -0.7039 0.3836
vn -0.5819 -0.0239 0.8129
vn -0.5923 -0.0637 0.8032
vn -0.5699 0.0778 0.8180
vn -0.5463 0.0142 0.8375
vn -0.6266 -0.0362 0.7785
vn -0.6002 0.2601 0.7564
vn -0.6988 0.3091 0.6451
vn -0.7107 0.0932 0.6973
vn -0.6154 0.5766 0.5374
vn -0.4008 -0.7231 0.5625
vn -0.6624 0.1977 0.7226
vn -0.5748 0.5275 0.6256
vn -0.4748 0.7972 0.3728
vn -0.4355 0.9002 -0.0000
vn -0.6791 0.7341 -0.0000
vn -0.8986 0.4389 -0.0000
vn -0.9881 0.1539 -0.0000
vn -0.5282 -0.6587 0.5359
vn -0.8123 -0.5833 -0.0000
vn -0.3836 -0.7039 0.5978
vn -0.0961 0.9907 0.0961
vn -0.1933 0.9725 0.1295
vn -0.2682 0.9253 0.2682
vn -0.1295 0.9725 0.1933
vn -0.3147 0.9252 0.2118
vn -0.4416 0.7884 0.4284
vn -0.4284 0.7884 0.4416
vn -0.2118 0.9252 0.3147
vn -0.6038 0.5203 0.6038
vn -0.0869 0.9962 -0.0000
vn -0.0000 0.9962 0.0869
vn -0.1719 0.9851 -0.0000
vn -0.2737 0.9618 -0.0000
vn -0.0000 0.9618 0.2737
vn -0.0000 0.9851 0.1719
vn -0.7107 0.0932 -0.6973
vn -0.6988 0.3091 -0.6451
vn -0.5699 0.0778 -0.8180
vn -0.5463 0.0142 -0.8375
vn -0.6154 0.5766 -0.5374
vn -0.6002 0.2601 -0.7564
vn -0.5923 -0.0637 -0.8032
vn -0.5819 -0.0239 -0.8129
vn -0.6266 -0.0362 -0.7785
vn -0.5282 -0.6587 -0.5359
vn -0.4748 0.7972 -0.3728
vn -0.5748 0.5275 -0.6256
vn -0.6624 0.1977 -0.7226
vn -0.7061 -0.0523 -0.7061
vn -0.6976 -0.1633 -0.6976
vn -0.7028 -0.1101 -0.7028
vn -0.7067 -0.0354 -0.7067
vn -0.4008 -0.7231 -0.5625
vn -0.5134 -0.6876 -0.5134
vn -0.3836 -0.7039 -0.5978
vn -0.8129 -0.0239 -0.5819
vn -0.8032 -0.0637 -0.5923
vn -0.8180 0.0778 -0.5699
vn -0.8375 0.0142 -0.5463
vn -0.7785 -0.0362 -0.6266
vn -0.7564 0.2601 -0.6002
vn -0.6451 0.3091 -0.6988
vn -0.6973 0.0932 -0.7107
vn -0.5374 0.5766 -0.6154
vn -0.5625 -0.7231 -0.4008
vn -0.7226 0.1977 -0.6624
vn -0.6256 0.5275 -0.5748
vn -0.3728 0.7972 -0.4748
vn -0.5359 -0.6587 -0.5282
vn -0.5978 -0.7039 -0.3836
vn -0.2118 0.9252 -0.3147
vn -0.4284 0.7884 -0.4416
vn -0.2682 0.9253 -0.2682
vn -0.1295 0.9725 -0.1933
vn -0.6038 0.5203 -0.6038
vn -0.4416 0.7884 -0.4284
vn -0.1933 0.9725 -0.1295
vn -0.0961 0.9907 -0.0961
vn -0.3147 0.9252 -0.2118
vn -0.0000 0.9618 -0.2737
vn -0.0000 0.9962 -0.0869
vn -0.0000 0.9851 -0.1719
vn 0.3147 0.9252 0.2118
vn 0.1933 0.9725 0.1295
vn 0.2682 0.9253 0.2682
vn 0.4416 0.7884 0.4284
vn 0.0961 0.9907 0.0961
vn 0.1295 0.9725 0.1933
vn 0.4284 0.7884 0.4416
vn 0.6038 0.5203 0.6038
vn 0.2118 0.9252 0.3147
vn 0.2737 0.9618 -0.0000
vn 0.1719 0.9851 -0.0000
vn 0.0869 0.9962 -0.0000
vn 0.6038 0.5203 -0.6038
vn 0.4284 0.7884 -0.4416
vn 0.2682 0.9253 -0.2682
vn 0.4416 0.7884 -0.4284
vn 0.2118 0.9252 -0.3147
vn 0.1295 0.9725 -0.1933
vn 0.1933 0.9725 -0.1295
vn 0.3147 0.9252 -0.2118
vn 0.0961 0.9907 -0.0961
vt 0.300254 0.178774
vt 0.300254 0.241542
vt 0.286968 0.241516
vt 0.286968 0.178748
vt 0.257334 0.158934
vt 0.257334 0.298264
vt 0.237514 0.297983
vt 0.237514 0.158653
vt 0.341849 0.189633
vt 0.341849 0.046675
vt 0.361681 0.046450
vt 0.361681 0.189408
vt 0.272586 0.178748
vt 0.286968 0.178896
vt 0.286968 0.241576
vt 0.272586 0.241427
vt 0.322173 0.046684
vt 0.341849 0.046450
vt 0.341849 0.193751
vt 0.322173 0.193986
vt 0.302313 0.046504
vt 0.322173 0.046450
vt 0.322173 0.192635
vt 0.302313 0.192689
vt 0.238833 0.155955
vt 0.272586 0.154838
vt 0.271890 0.158653
vt 0.237514 0.158653
vt 0.285907 0.049631
vt 0.277724 0.050948
vt 0.277177 0.046450
vt 0.286221 0.046450
vt 0.272586 0.214931
vt 0.272586 0.277571
vt 0.271012 0.277594
vt 0.271012 0.214953
vt 0.258327 0.049148
vt 0.257993 0.046450
vt 0.272586 0.174249
vt 0.301224 0.175567
vt 0.302313 0.178748
vt 0.273133 0.178748
vt 0.300254 0.241411
vt 0.300254 0.178770
vt 0.301828 0.178748
vt 0.301828 0.241388
vt 0.267951 0.050265
vt 0.268648 0.046450
vt 0.849497 0.819719
vt 0.844909 0.819767
vt 0.844909 0.817428
vt 0.849497 0.817381
vt 0.834319 0.849042
vt 0.834319 0.863429
vt 0.833722 0.863422
vt 0.833722 0.849034
vt 0.808766 0.844801
vt 0.808766 0.859303
vt 0.808026 0.859296
vt 0.808026 0.844794
vt 0.864523 0.875703
vt 0.859970 0.875757
vt 0.859970 0.873869
vt 0.864523 0.873815
vt 0.839464 0.821930
vt 0.834869 0.821942
vt 0.834869 0.819611
vt 0.839464 0.819599
vt 0.849855 0.848952
vt 0.849855 0.863444
vt 0.849261 0.863453
vt 0.849261 0.848960
vt 0.808766 0.830292
vt 0.808766 0.844794
vt 0.808026 0.844786
vt 0.808026 0.830284
vt 0.848727 0.865185
vt 0.848727 0.863453
vt 0.849182 0.864282
vt 0.849182 0.866015
vt 0.848273 0.865185
vt 0.848273 0.863453
vt 0.848727 0.864282
vt 0.848727 0.866015
vt 0.844338 0.845452
vt 0.844338 0.859974
vt 0.843601 0.859972
vt 0.843601 0.845450
vt 0.839822 0.821929
vt 0.839822 0.848692
vt 0.839464 0.848693
vt 0.849855 0.819715
vt 0.849855 0.846562
vt 0.849497 0.846566
vt 0.847818 0.865209
vt 0.847818 0.863476
vt 0.848273 0.864305
vt 0.848273 0.866038
vt 0.848273 0.848954
vt 0.848273 0.863476
vt 0.847535 0.863474
vt 0.847535 0.848952
vt 0.849400 0.865185
vt 0.849400 0.863453
vt 0.849855 0.864282
vt 0.849855 0.866015
vt 0.839822 0.819598
vt 0.855385 0.873418
vt 0.859970 0.873484
vt 0.859970 0.875359
vt 0.855385 0.875294
vt 0.839822 0.851023
vt 0.839464 0.851024
vt 0.849855 0.817377
vt 0.849855 0.848900
vt 0.849497 0.848904
vt 0.834869 0.851037
vt 0.834869 0.848705
vt 0.848866 0.848952
vt 0.848866 0.863444
vt 0.848273 0.848960
vt 0.802221 0.803914
vt 0.802221 0.862457
vt 0.801787 0.861929
vt 0.801787 0.803386
vt 0.807642 0.810500
vt 0.807642 0.869043
vt 0.807208 0.868515
vt 0.807208 0.809972
vt 0.861429 0.745116
vt 0.861429 0.798618
vt 0.860954 0.799484
vt 0.860954 0.745981
vt 0.855502 0.755920
vt 0.855502 0.809422
vt 0.855027 0.810288
vt 0.855027 0.756786
vt 0.855027 0.873413
vt 0.855027 0.812957
vt 0.855385 0.812962
vt 0.864877 0.812969
vt 0.864877 0.873811
vt 0.864523 0.812973
vt 0.864523 0.811086
vt 0.864877 0.811082
vt 0.864441 0.774575
vt 0.864441 0.788963
vt 0.863844 0.788956
vt 0.863844 0.774568
vt 0.864877 0.875698
vt 0.859970 0.813028
vt 0.859970 0.811140
vt 0.844909 0.848952
vt 0.844909 0.846613
vt 0.855385 0.811087
vt 0.859970 0.811152
vt 0.859970 0.813027
vt 0.855027 0.811082
vt 0.855027 0.875289
vt 0.807208 0.808156
vt 0.807642 0.808684
vt 0.807208 0.870331
vt 0.807642 0.870859
vt 0.801787 0.801570
vt 0.802221 0.802098
vt 0.801787 0.863745
vt 0.802221 0.864273
vt 0.860954 0.801143
vt 0.855502 0.811082
vt 0.855502 0.754260
vt 0.860954 0.744322
vt 0.283789 0.208272
vt 0.283449 0.205169
vt 0.285137 0.202969
vt 0.285185 0.208458
vt 0.283381 0.199797
vt 0.285125 0.196701
vt 0.287455 0.192476
vt 0.287455 0.199525
vt 0.287455 0.206575
vt 0.298660 0.144366
vt 0.298660 0.149718
vt 0.298519 0.149850
vt 0.298519 0.144637
vt 0.298661 0.155062
vt 0.298522 0.154866
vt 0.298410 0.154755
vt 0.298405 0.149957
vt 0.298405 0.144855
vt 0.330549 0.203394
vt 0.330484 0.208607
vt 0.328991 0.207406
vt 0.329003 0.201471
vt 0.330160 0.211903
vt 0.328934 0.212719
vt 0.326886 0.212318
vt 0.326886 0.205601
vt 0.326886 0.198885
vt 0.351597 0.081958
vt 0.352567 0.082440
vt 0.352487 0.086672
vt 0.351512 0.086436
vt 0.353242 0.083097
vt 0.353283 0.086835
vt 0.353295 0.092314
vt 0.352479 0.092152
vt 0.351500 0.092139
vt 0.300904 0.186130
vt 0.300002 0.186549
vt 0.299925 0.185794
vt 0.300901 0.185340
vt 0.299102 0.186975
vt 0.298950 0.186247
vt 0.298750 0.185227
vt 0.299825 0.184728
vt 0.300900 0.184228
vt 0.299101 0.193015
vt 0.298950 0.192672
vt 0.299101 0.199062
vt 0.298950 0.199096
vt 0.298750 0.199099
vt 0.298750 0.192163
vt 0.302708 0.199114
vt 0.302708 0.192203
vt 0.302852 0.191793
vt 0.302852 0.199152
vt 0.302582 0.186316
vt 0.302852 0.184434
vt 0.303051 0.183229
vt 0.303051 0.191194
vt 0.303051 0.199160
vt 0.274973 0.144148
vt 0.274964 0.138455
vt 0.275101 0.138435
vt 0.275111 0.143849
vt 0.274964 0.131763
vt 0.275101 0.131921
vt 0.275212 0.132050
vt 0.275212 0.138380
vt 0.275222 0.143538
vt 0.275435 0.188891
vt 0.275443 0.191730
vt 0.275205 0.191637
vt 0.275198 0.188893
vt 0.275417 0.194202
vt 0.275175 0.193979
vt 0.274979 0.193799
vt 0.275014 0.191560
vt 0.275010 0.188896
vt 0.099360 0.830536
vt 0.099075 0.830791
vt 0.098995 0.830184
vt 0.099327 0.829884
vt 0.099677 0.830411
vt 0.099682 0.829723
vt 0.110588 0.824530
vt 0.110587 0.822431
vt 0.110673 0.822525
vt 0.110673 0.824856
vt 0.099049 0.832740
vt 0.098972 0.832445
vt 0.100297 0.832535
vt 0.100216 0.830810
vt 0.100328 0.829914
vt 0.100391 0.832142
vt 0.100307 0.834924
vt 0.100393 0.834872
vt 0.309260 0.206007
vt 0.308286 0.205692
vt 0.308163 0.197144
vt 0.309200 0.197203
vt 0.307636 0.204049
vt 0.307241 0.196957
vt 0.306968 0.185568
vt 0.308047 0.185568
vt 0.309126 0.185568
vt 0.310861 0.204002
vt 0.310229 0.205669
vt 0.310237 0.197141
vt 0.311159 0.196940
vt 0.310204 0.185568
vt 0.311283 0.185568
vt 0.099986 0.830322
vt 0.100036 0.829571
vt 0.275421 0.183216
vt 0.275428 0.186052
vt 0.275190 0.186149
vt 0.275175 0.183527
vt 0.275001 0.186217
vt 0.274979 0.183722
vt 0.301806 0.185711
vt 0.301877 0.184887
vt 0.301976 0.183728
vt 0.350051 0.081942
vt 0.350643 0.081705
vt 0.350560 0.086254
vt 0.349927 0.086116
vt 0.350544 0.092175
vt 0.282713 0.206063
vt 0.282616 0.201013
vt 0.283789 0.189785
vt 0.285185 0.184678
vt 0.285137 0.190384
vt 0.283449 0.194169
vt 0.287455 0.178377
vt 0.287455 0.185427
vt 0.298519 0.139423
vt 0.298660 0.139015
vt 0.298405 0.139753
vt 0.298410 0.134965
vt 0.298522 0.134415
vt 0.298661 0.133667
vt 0.328991 0.195507
vt 0.330484 0.198030
vt 0.326886 0.192169
vt 0.326886 0.185452
vt 0.328934 0.190081
vt 0.330160 0.193970
vt 0.351597 0.102710
vt 0.351512 0.097891
vt 0.352487 0.097679
vt 0.352567 0.102239
vt 0.353283 0.097827
vt 0.353242 0.101734
vt 0.300904 0.212046
vt 0.300901 0.212908
vt 0.299925 0.212427
vt 0.300002 0.211601
vt 0.300900 0.214031
vt 0.299825 0.213501
vt 0.298750 0.212970
vt 0.298950 0.211946
vt 0.299102 0.211151
vt 0.298950 0.205521
vt 0.299101 0.205109
vt 0.298750 0.206035
vt 0.302852 0.206511
vt 0.302708 0.206024
vt 0.303051 0.207125
vt 0.303051 0.215091
vt 0.302852 0.213870
vt 0.302582 0.211907
vt 0.099986 0.839522
vt 0.099677 0.839429
vt 0.099360 0.839290
vt 0.099075 0.839016
vt 0.099049 0.837070
vt 0.099048 0.834906
vt 0.100297 0.837311
vt 0.100216 0.839032
vt 0.274973 0.119367
vt 0.275111 0.119981
vt 0.275101 0.125408
vt 0.274964 0.125071
vt 0.275222 0.120546
vt 0.275212 0.125719
vt 0.338515 0.188929
vt 0.338726 0.188938
vt 0.338736 0.191696
vt 0.338525 0.191783
vt 0.338890 0.188945
vt 0.338900 0.191622
vt 0.338862 0.193844
vt 0.338699 0.194024
vt 0.338493 0.194244
vt 0.099682 0.840002
vt 0.099327 0.839831
vt 0.098995 0.839520
vt 0.098972 0.837259
vt 0.110588 0.820336
vt 0.110673 0.820194
vt 0.100391 0.837601
vt 0.100328 0.839828
vt 0.352055 0.039519
vt 0.352060 0.047670
vt 0.351022 0.047739
vt 0.351084 0.039879
vt 0.352089 0.058921
vt 0.351008 0.058921
vt 0.349927 0.058921
vt 0.350105 0.048072
vt 0.350454 0.041636
vt 0.353682 0.041598
vt 0.354031 0.048059
vt 0.353100 0.047736
vt 0.353030 0.039861
vt 0.354251 0.058921
vt 0.353170 0.058921
vt 0.100036 0.840164
vt 0.338493 0.183225
vt 0.338697 0.183538
vt 0.338717 0.186180
vt 0.338505 0.186075
vt 0.338863 0.183736
vt 0.338883 0.186252
vt 0.301877 0.213389
vt 0.301806 0.212490
vt 0.301976 0.214561
vt 0.350051 0.102965
vt 0.349927 0.098625
vt 0.350560 0.098143
vt 0.350643 0.103020
vt 0.282713 0.195608
vt 0.276460 0.148120
vt 0.276164 0.144215
vt 0.275791 0.123960
vt 0.276693 0.121664
vt 0.321585 0.164236
vt 0.322279 0.165055
vt 0.322281 0.180568
vt 0.321553 0.180547
vt 0.326057 0.169680
vt 0.325966 0.180568
vt 0.298796 0.183229
vt 0.298750 0.174312
vt 0.304712 0.163924
vt 0.304561 0.179020
vt 0.339861 0.179983
vt 0.340810 0.179551
vt 0.340801 0.190937
vt 0.339851 0.190835
vt 0.338913 0.180414
vt 0.338901 0.190733
vt 0.319838 0.179868
vt 0.319792 0.162089
vt 0.277596 0.148428
vt 0.277596 0.119367
vt 0.275786 0.138167
vt 0.275222 0.137900
vt 0.275227 0.119589
vt 0.275791 0.119367
vt 0.306968 0.159992
vt 0.306765 0.176749
vt 0.277594 0.159416
vt 0.277005 0.157310
vt 0.339914 0.203581
vt 0.340996 0.202360
vt 0.340996 0.211988
vt 0.340536 0.214396
vt 0.340035 0.168640
vt 0.339802 0.143562
vt 0.340703 0.145710
vt 0.340331 0.164921
vt 0.321618 0.147924
vt 0.322342 0.149620
vt 0.326010 0.158621
vt 0.298907 0.165042
vt 0.304745 0.149032
vt 0.339861 0.201730
vt 0.340810 0.202360
vt 0.338913 0.201100
vt 0.319908 0.144511
vt 0.338901 0.168960
vt 0.338901 0.141413
vt 0.275791 0.156846
vt 0.275227 0.156103
vt 0.306968 0.143588
vt 0.339497 0.177536
vt 0.338908 0.179551
vt 0.236280 0.872194
vt 0.235594 0.872944
vt 0.235594 0.869362
vt 0.236280 0.868611
vt 0.272658 0.871225
vt 0.273313 0.871273
vt 0.273313 0.875001
vt 0.272658 0.874953
vt 0.235598 0.864267
vt 0.236283 0.865016
vt 0.236283 0.868612
vt 0.235598 0.867863
vt 0.189808 0.873554
vt 0.189163 0.873683
vt 0.189163 0.869979
vt 0.189808 0.869849
vt 0.191158 0.840507
vt 0.191158 0.837228
vt 0.191892 0.835939
vt 0.191892 0.839217
vt 0.199397 0.870511
vt 0.199397 0.874099
vt 0.198725 0.873310
vt 0.198725 0.869723
vt 0.308285 0.869716
vt 0.307598 0.870467
vt 0.307598 0.866885
vt 0.308285 0.866134
vt 0.279148 0.870149
vt 0.279802 0.870197
vt 0.279802 0.873925
vt 0.279148 0.873877
vt 0.236283 0.864267
vt 0.236968 0.865016
vt 0.236968 0.868612
vt 0.236283 0.867863
vt 0.187874 0.873554
vt 0.187229 0.873683
vt 0.187229 0.869979
vt 0.187874 0.869849
vt 0.279949 0.805164
vt 0.279949 0.801886
vt 0.280683 0.800597
vt 0.280683 0.803875
vt 0.197382 0.870511
vt 0.197382 0.874099
vt 0.196711 0.873310
vt 0.196711 0.869723
vt 0.215975 0.869138
vt 0.215288 0.869889
vt 0.215288 0.866307
vt 0.215975 0.865556
vt 0.307630 0.870467
vt 0.308285 0.870515
vt 0.308285 0.874243
vt 0.307630 0.874196
vt 0.294535 0.863519
vt 0.295220 0.864267
vt 0.295220 0.867863
vt 0.294535 0.867114
vt 0.186584 0.873554
vt 0.185939 0.873683
vt 0.185939 0.869979
vt 0.186584 0.869849
vt 0.293680 0.855798
vt 0.293680 0.852519
vt 0.294414 0.851230
vt 0.294414 0.854509
vt 0.200068 0.870511
vt 0.200068 0.874099
vt 0.199397 0.873310
vt 0.199397 0.869723
vt 0.248015 0.872378
vt 0.247329 0.873129
vt 0.247329 0.869547
vt 0.248015 0.868796
vt 0.268731 0.871225
vt 0.269385 0.871273
vt 0.269385 0.875001
vt 0.268731 0.874953
vt 0.236968 0.864267
vt 0.237653 0.865016
vt 0.237653 0.868612
vt 0.236968 0.867863
vt 0.215933 0.873594
vt 0.215288 0.873723
vt 0.215288 0.870019
vt 0.215933 0.869889
vt 0.293680 0.851230
vt 0.293680 0.847951
vt 0.294414 0.846662
vt 0.294414 0.849941
vt 0.200740 0.870511
vt 0.200740 0.874099
vt 0.200068 0.873310
vt 0.200068 0.869723
vt 0.280520 0.869398
vt 0.279834 0.870149
vt 0.279834 0.866567
vt 0.280520 0.865816
vt 0.270040 0.871225
vt 0.270695 0.871273
vt 0.270695 0.875001
vt 0.270040 0.874953
vt 0.162612 0.749186
vt 0.163296 0.749935
vt 0.163296 0.753530
vt 0.162612 0.752781
vt 0.189163 0.873554
vt 0.188519 0.873683
vt 0.188519 0.869979
vt 0.189163 0.869849
vt 0.162742 0.851216
vt 0.162742 0.847938
vt 0.163476 0.846648
vt 0.163476 0.849927
vt 0.202083 0.870511
vt 0.202083 0.874099
vt 0.201411 0.873310
vt 0.201411 0.869723
vt 0.216661 0.869138
vt 0.215975 0.869889
vt 0.215975 0.866307
vt 0.216661 0.865556
vt 0.264803 0.871225
vt 0.265458 0.871273
vt 0.265458 0.875001
vt 0.264803 0.874953
vt 0.280258 0.786001
vt 0.280943 0.786749
vt 0.280943 0.790345
vt 0.280258 0.789596
vt 0.190453 0.873554
vt 0.189808 0.873683
vt 0.189808 0.869979
vt 0.190453 0.869849
vt 0.191158 0.845075
vt 0.191158 0.841796
vt 0.191892 0.840507
vt 0.191892 0.843785
vt 0.198054 0.870511
vt 0.198054 0.874099
vt 0.197382 0.873310
vt 0.197382 0.869723
vt 0.279834 0.869398
vt 0.279148 0.866567
vt 0.279834 0.865816
vt 0.272004 0.871225
vt 0.272658 0.871273
vt 0.272658 0.875001
vt 0.272004 0.874953
vt 0.238337 0.864267
vt 0.239022 0.865016
vt 0.239022 0.868612
vt 0.238337 0.867863
vt 0.185939 0.873554
vt 0.185294 0.873683
vt 0.185294 0.869979
vt 0.185939 0.869849
vt 0.191158 0.835939
vt 0.191158 0.832660
vt 0.191892 0.831371
vt 0.191892 0.834650
vt 0.194696 0.870511
vt 0.194696 0.874099
vt 0.194025 0.873310
vt 0.194025 0.869723
vt 0.243817 0.872194
vt 0.243131 0.872944
vt 0.243131 0.869362
vt 0.243817 0.868611
vt 0.271349 0.871225
vt 0.272004 0.871273
vt 0.272004 0.875001
vt 0.271349 0.874953
vt 0.162612 0.753530
vt 0.163296 0.754279
vt 0.163296 0.757874
vt 0.162612 0.757125
vt 0.188519 0.873554
vt 0.187874 0.873683
vt 0.187874 0.869979
vt 0.188519 0.869849
vt 0.307551 0.856999
vt 0.307551 0.853720
vt 0.308285 0.852431
vt 0.308285 0.855709
vt 0.195368 0.870511
vt 0.195368 0.874099
vt 0.194696 0.873310
vt 0.194696 0.869723
vt 0.290200 0.871518
vt 0.289514 0.872269
vt 0.289514 0.868687
vt 0.290200 0.867936
vt 0.215933 0.869889
vt 0.216588 0.869937
vt 0.216588 0.873665
vt 0.215933 0.873617
vt 0.280258 0.790345
vt 0.280943 0.791094
vt 0.280943 0.794689
vt 0.280258 0.793940
vt 0.191098 0.873554
vt 0.190453 0.873683
vt 0.190453 0.869979
vt 0.191098 0.869849
vt 0.191158 0.854210
vt 0.191158 0.850932
vt 0.191892 0.849643
vt 0.191892 0.852921
vt 0.192682 0.870511
vt 0.192682 0.874099
vt 0.192010 0.873310
vt 0.192010 0.869723
vt 0.295221 0.871445
vt 0.294535 0.872196
vt 0.294535 0.868614
vt 0.295221 0.867863
vt 0.268076 0.871225
vt 0.268731 0.871273
vt 0.268731 0.875001
vt 0.268076 0.874953
vt 0.239022 0.864267
vt 0.239707 0.865016
vt 0.239707 0.868612
vt 0.239022 0.867863
vt 0.204929 0.873427
vt 0.204284 0.873557
vt 0.204284 0.869852
vt 0.204929 0.869723
vt 0.307551 0.852431
vt 0.307551 0.849152
vt 0.308285 0.847863
vt 0.308285 0.851142
vt 0.313099 0.799145
vt 0.313099 0.802732
vt 0.312427 0.801943
vt 0.312427 0.798356
vt 0.244504 0.872194
vt 0.243817 0.872944
vt 0.243817 0.869362
vt 0.244504 0.868611
vt 0.273968 0.871225
vt 0.274622 0.871273
vt 0.274622 0.875001
vt 0.273968 0.874953
vt 0.242446 0.864267
vt 0.243131 0.865016
vt 0.243131 0.868612
vt 0.242446 0.867863
vt 0.181426 0.873554
vt 0.180781 0.873683
vt 0.180781 0.869979
vt 0.181426 0.869849
vt 0.191158 0.849643
vt 0.191158 0.846364
vt 0.191892 0.845075
vt 0.191892 0.848353
vt 0.239706 0.869400
vt 0.239706 0.872988
vt 0.239034 0.872199
vt 0.239034 0.868612
vt 0.245190 0.872194
vt 0.244504 0.872944
vt 0.244504 0.869362
vt 0.245190 0.868611
vt 0.216096 0.772391
vt 0.216750 0.772439
vt 0.216750 0.798434
vt 0.216096 0.798387
vt 0.241077 0.864267
vt 0.241762 0.865016
vt 0.241762 0.868612
vt 0.241077 0.867863
vt 0.313072 0.772798
vt 0.312427 0.772927
vt 0.312427 0.747096
vt 0.313072 0.746967
vt 0.216096 0.749531
vt 0.216830 0.748242
vt 0.216830 0.771101
vt 0.163296 0.724172
vt 0.163296 0.749186
vt 0.162625 0.748397
vt 0.162625 0.723384
vt 0.236966 0.872194
vt 0.236280 0.872945
vt 0.236280 0.869363
vt 0.236966 0.868612
vt 0.273313 0.871225
vt 0.273968 0.871273
vt 0.273968 0.875001
vt 0.273313 0.874953
vt 0.243131 0.864267
vt 0.243816 0.865016
vt 0.243816 0.868612
vt 0.243131 0.867863
vt 0.204284 0.873427
vt 0.203639 0.873557
vt 0.203639 0.869852
vt 0.204284 0.869723
vt 0.191158 0.858778
vt 0.191158 0.855500
vt 0.191892 0.854210
vt 0.191892 0.857489
vt 0.201411 0.870511
vt 0.201411 0.874099
vt 0.200740 0.873310
vt 0.200740 0.869723
vt 0.242448 0.872194
vt 0.241762 0.872945
vt 0.241762 0.869363
vt 0.242448 0.868612
vt 0.269385 0.871225
vt 0.270040 0.871273
vt 0.270040 0.875001
vt 0.269385 0.874953
vt 0.244501 0.864267
vt 0.245186 0.865016
vt 0.245186 0.868612
vt 0.244501 0.867863
vt 0.187229 0.873554
vt 0.186584 0.873683
vt 0.186584 0.869979
vt 0.187229 0.869849
vt 0.307550 0.861566
vt 0.307550 0.858288
vt 0.308285 0.856999
vt 0.308285 0.860277
vt 0.198725 0.870511
vt 0.198725 0.874099
vt 0.198054 0.873310
vt 0.198054 0.869723
vt 0.240392 0.872194
vt 0.239706 0.872945
vt 0.239706 0.869362
vt 0.240392 0.868611
vt 0.279865 0.870149
vt 0.280520 0.870197
vt 0.280520 0.873925
vt 0.279865 0.873877
vt 0.289515 0.863592
vt 0.290200 0.864341
vt 0.290200 0.867936
vt 0.289515 0.867187
vt 0.180781 0.873554
vt 0.180136 0.873683
vt 0.180136 0.869979
vt 0.180781 0.869849
vt 0.162742 0.860352
vt 0.162742 0.857073
vt 0.163476 0.855784
vt 0.163476 0.859063
vt 0.241063 0.869400
vt 0.241063 0.872988
vt 0.240392 0.872199
vt 0.238339 0.872194
vt 0.237653 0.872945
vt 0.237653 0.869362
vt 0.238339 0.868612
vt 0.274622 0.871225
vt 0.275277 0.871273
vt 0.275277 0.875001
vt 0.274622 0.874953
vt 0.239707 0.864267
vt 0.240392 0.865016
vt 0.240392 0.868612
vt 0.239707 0.867863
vt 0.182070 0.873554
vt 0.181426 0.873683
vt 0.181426 0.869979
vt 0.182070 0.869849
vt 0.162742 0.855784
vt 0.162742 0.852505
vt 0.163476 0.851216
vt 0.163476 0.854495
vt 0.196039 0.870511
vt 0.196039 0.874099
vt 0.195368 0.873310
vt 0.195368 0.869723
vt 0.239025 0.872194
vt 0.238339 0.872945
vt 0.238339 0.869362
vt 0.239025 0.868612
vt 0.266112 0.871225
vt 0.266767 0.871273
vt 0.266767 0.875001
vt 0.266112 0.874953
vt 0.162742 0.864920
vt 0.163427 0.865668
vt 0.163427 0.869264
vt 0.162742 0.868515
vt 0.183360 0.873554
vt 0.182715 0.873683
vt 0.182715 0.869979
vt 0.183360 0.869849
vt 0.293680 0.860366
vt 0.293680 0.857087
vt 0.294414 0.855798
vt 0.294414 0.859076
vt 0.196711 0.870511
vt 0.196711 0.874099
vt 0.196039 0.873310
vt 0.196039 0.869723
vt 0.241762 0.872194
vt 0.241075 0.872945
vt 0.241075 0.869362
vt 0.265458 0.871225
vt 0.266112 0.871273
vt 0.266112 0.875001
vt 0.265458 0.874953
vt 0.241762 0.864267
vt 0.242446 0.865016
vt 0.242446 0.868612
vt 0.241762 0.867863
vt 0.182715 0.873554
vt 0.182070 0.873683
vt 0.182070 0.869979
vt 0.182715 0.869849
vt 0.191158 0.867914
vt 0.191158 0.864635
vt 0.191892 0.863346
vt 0.191892 0.866625
vt 0.203426 0.870511
vt 0.203426 0.874099
vt 0.202754 0.873310
vt 0.202754 0.869723
vt 0.191892 0.871496
vt 0.191205 0.872247
vt 0.191205 0.868665
vt 0.191892 0.867914
vt 0.270695 0.871225
vt 0.271349 0.871273
vt 0.271349 0.875001
vt 0.270695 0.874953
vt 0.280258 0.794689
vt 0.280943 0.795438
vt 0.280943 0.799033
vt 0.280258 0.798284
vt 0.184005 0.873554
vt 0.183360 0.873683
vt 0.183360 0.869979
vt 0.184005 0.869849
vt 0.307550 0.866134
vt 0.307550 0.862856
vt 0.308285 0.861566
vt 0.308285 0.864845
vt 0.202754 0.870511
vt 0.202754 0.874099
vt 0.202083 0.873310
vt 0.202083 0.869723
vt 0.163427 0.872846
vt 0.162741 0.873597
vt 0.162741 0.870015
vt 0.163427 0.869264
vt 0.266767 0.871225
vt 0.267422 0.871273
vt 0.267422 0.875001
vt 0.266767 0.874953
vt 0.237653 0.864267
vt 0.238337 0.865016
vt 0.238337 0.868612
vt 0.237653 0.867863
vt 0.184650 0.873554
vt 0.184005 0.873683
vt 0.184005 0.869979
vt 0.184650 0.869849
vt 0.191158 0.863346
vt 0.191158 0.860067
vt 0.191892 0.858778
vt 0.191892 0.862057
vt 0.193353 0.870511
vt 0.193353 0.874099
vt 0.192682 0.873310
vt 0.192682 0.869723
vt 0.237653 0.872194
vt 0.236966 0.872945
vt 0.236966 0.869362
vt 0.237653 0.868612
vt 0.276150 0.871225
vt 0.276805 0.871273
vt 0.276805 0.875001
vt 0.276150 0.874953
vt 0.243816 0.864267
vt 0.244501 0.865016
vt 0.244501 0.868612
vt 0.243816 0.867863
vt 0.185294 0.873554
vt 0.184650 0.873683
vt 0.184650 0.869979
vt 0.185294 0.869849
vt 0.307551 0.847863
vt 0.307551 0.844584
vt 0.308285 0.843295
vt 0.308285 0.846574
vt 0.194025 0.870511
vt 0.194025 0.874099
vt 0.193353 0.873310
vt 0.193353 0.869723
vt 0.248702 0.872378
vt 0.248015 0.873129
vt 0.248015 0.869547
vt 0.248702 0.868796
vt 0.267422 0.871225
vt 0.268076 0.871273
vt 0.268076 0.875001
vt 0.267422 0.874953
vt 0.240392 0.864267
vt 0.241077 0.865016
vt 0.241077 0.868612
vt 0.240392 0.867863
vt 0.205574 0.873427
vt 0.204929 0.873557
vt 0.204929 0.869852
vt 0.205574 0.869723
vt 0.162742 0.864920
vt 0.162742 0.861641
vt 0.163476 0.860352
vt 0.163476 0.863630
vt 0.243131 0.869400
vt 0.243131 0.872988
vt 0.242460 0.872199
vt 0.242460 0.868611
vt 0.465082 0.877774
vt 0.466230 0.877865
vt 0.466268 0.883806
vt 0.465100 0.883940
vt 0.467288 0.878151
vt 0.467362 0.883570
vt 0.466219 0.889563
vt 0.465070 0.889933
vt 0.467278 0.888818
vt 0.463993 0.872499
vt 0.465018 0.872478
vt 0.464031 0.877810
vt 0.466139 0.872738
vt 0.467163 0.873562
vt 0.467832 0.874647
vt 0.468099 0.878161
vt 0.468228 0.883188
vt 0.468089 0.888107
vt 0.467816 0.891412
vt 0.467144 0.892892
vt 0.466119 0.894135
vt 0.464997 0.894712
vt 0.464020 0.890035
vt 0.463972 0.894853
vt 0.464040 0.884005
vt 0.455245 0.889681
vt 0.455277 0.882904
vt 0.455776 0.882864
vt 0.455740 0.889385
vt 0.455313 0.876125
vt 0.455805 0.876343
vt 0.456116 0.882837
vt 0.456073 0.888784
vt 0.456132 0.876891
vt 0.454563 0.895414
vt 0.454571 0.889771
vt 0.455225 0.895296
vt 0.454599 0.882957
vt 0.454639 0.876141
vt 0.454688 0.870492
vt 0.455349 0.870506
vt 0.455831 0.870935
vt 0.456140 0.872061
vt 0.456294 0.873478
vt 0.456330 0.877275
vt 0.456330 0.882818
vt 0.456274 0.888365
vt 0.456032 0.893613
vt 0.456200 0.892170
vt 0.455711 0.894790
vt 0.489171 0.878417
vt 0.489138 0.872633
vt 0.489373 0.872408
vt 0.489394 0.878515
vt 0.489171 0.866826
vt 0.489394 0.866302
vt 0.489640 0.872187
vt 0.489646 0.877995
vt 0.489646 0.866405
vt 0.498793 0.872206
vt 0.498481 0.875213
vt 0.498032 0.875250
vt 0.498629 0.871383
vt 0.498269 0.879855
vt 0.497761 0.880226
vt 0.498305 0.884762
vt 0.497844 0.885427
vt 0.498496 0.888301
vt 0.498290 0.889826
vt 0.498182 0.890997
vt 0.497670 0.886301
vt 0.489457 0.861239
vt 0.489684 0.861717
vt 0.468558 0.887929
vt 0.468008 0.892256
vt 0.468750 0.882640
vt 0.468568 0.877328
vt 0.468026 0.873045
vt 0.489457 0.883585
vt 0.489684 0.882721
vt 0.489244 0.883111
vt 0.462352 0.878371
vt 0.462691 0.878018
vt 0.462690 0.883967
vt 0.462341 0.883799
vt 0.463236 0.877852
vt 0.463239 0.884022
vt 0.462680 0.889716
vt 0.462342 0.889038
vt 0.463224 0.890011
vt 0.462196 0.874892
vt 0.462352 0.873760
vt 0.462153 0.878430
vt 0.462677 0.872870
vt 0.463212 0.872543
vt 0.463190 0.894777
vt 0.462656 0.894266
vt 0.462334 0.893091
vt 0.462143 0.888377
vt 0.462180 0.891657
vt 0.462128 0.883470
vt 0.448353 0.854050
vt 0.448163 0.853950
vt 0.448111 0.848144
vt 0.448314 0.848555
vt 0.447940 0.853939
vt 0.447878 0.848449
vt 0.450908 0.883238
vt 0.450747 0.883247
vt 0.450932 0.877008
vt 0.451078 0.877318
vt 0.447813 0.843752
vt 0.448030 0.843216
vt 0.451577 0.892531
vt 0.451406 0.893905
vt 0.451018 0.889137
vt 0.451398 0.888746
vt 0.448352 0.859365
vt 0.448177 0.859709
vt 0.447968 0.859231
vt 0.479610 0.879977
vt 0.479722 0.881201
vt 0.479511 0.885112
vt 0.479196 0.885053
vt 0.479407 0.890640
vt 0.479054 0.890975
vt 0.479511 0.895987
vt 0.479196 0.896644
vt 0.479722 0.899531
vt 0.479610 0.900981
vt 0.513350 0.902333
vt 0.513230 0.901683
vt 0.514036 0.898312
vt 0.514225 0.898589
vt 0.513609 0.902287
vt 0.514398 0.898833
vt 0.451454 0.877656
vt 0.451513 0.872486
vt 0.451670 0.873838
vt 0.451328 0.883209
vt 0.453798 0.876243
vt 0.453751 0.883023
vt 0.452841 0.883093
vt 0.452902 0.876570
vt 0.453731 0.889799
vt 0.452837 0.889612
vt 0.451999 0.883158
vt 0.452084 0.877207
vt 0.452024 0.889100
vt 0.453865 0.870622
vt 0.453741 0.895412
vt 0.452868 0.895012
vt 0.452084 0.893921
vt 0.452192 0.872369
vt 0.452988 0.871157
vt 0.502581 0.894911
vt 0.503020 0.894402
vt 0.503123 0.896417
vt 0.502704 0.896938
vt 0.503339 0.893536
vt 0.503434 0.895588
vt 0.503254 0.897476
vt 0.502886 0.897954
vt 0.503530 0.896735
vt 0.501969 0.891672
vt 0.502573 0.891484
vt 0.501957 0.895142
vt 0.502985 0.891008
vt 0.483232 0.874934
vt 0.482926 0.875232
vt 0.483008 0.871639
vt 0.483333 0.871322
vt 0.482456 0.875668
vt 0.482526 0.872087
vt 0.482734 0.870103
vt 0.483168 0.869697
vt 0.533419 0.750008
vt 0.533828 0.751886
vt 0.533489 0.751475
vt 0.533171 0.749934
vt 0.533186 0.750907
vt 0.532912 0.749759
vt 0.532974 0.748441
vt 0.532709 0.748355
vt 0.532947 0.746966
vt 0.532693 0.746987
vt 0.533048 0.745452
vt 0.532803 0.745906
vt 0.502139 0.897231
vt 0.502437 0.898250
vt 0.517162 0.881720
vt 0.517252 0.879865
vt 0.517667 0.878938
vt 0.517585 0.880729
vt 0.517125 0.878207
vt 0.517559 0.877311
vt 0.518002 0.878390
vt 0.517927 0.879986
vt 0.517915 0.876935
vt 0.482456 0.900108
vt 0.482926 0.899672
vt 0.483008 0.903144
vt 0.482526 0.903592
vt 0.483232 0.899374
vt 0.483333 0.902827
vt 0.503380 0.869548
vt 0.502968 0.870024
vt 0.503091 0.867248
vt 0.503530 0.866738
vt 0.502365 0.870212
vt 0.502467 0.867478
vt 0.516764 0.876502
vt 0.517263 0.875654
vt 0.517702 0.875535
vt 0.517987 0.875729
vt 0.518175 0.876703
vt 0.518265 0.878045
vt 0.518178 0.879557
vt 0.517742 0.881714
vt 0.518004 0.880873
vt 0.517337 0.882851
vt 0.483168 0.904830
vt 0.482734 0.905236
vt 0.502707 0.886503
vt 0.502854 0.880620
vt 0.503143 0.880154
vt 0.503039 0.886034
vt 0.502923 0.874767
vt 0.503255 0.874298
vt 0.483193 0.880502
vt 0.483189 0.887188
vt 0.482969 0.887406
vt 0.482944 0.880747
vt 0.483193 0.893867
vt 0.482944 0.894113
vt 0.502258 0.886788
vt 0.502463 0.880942
vt 0.502474 0.875052
vt 0.482592 0.894444
vt 0.482662 0.887698
vt 0.482592 0.881079
vt 0.453792 0.898989
vt 0.453946 0.900819
vt 0.453058 0.900113
vt 0.452917 0.898452
vt 0.533832 0.753041
vt 0.534401 0.754100
vt 0.535127 0.756799
vt 0.534066 0.754344
vt 0.481872 0.872768
vt 0.481093 0.874068
vt 0.481404 0.872171
vt 0.482167 0.870712
vt 0.447922 0.863705
vt 0.448143 0.864746
vt 0.448059 0.869683
vt 0.447813 0.867415
vt 0.452069 0.896871
vt 0.452029 0.897915
vt 0.454582 0.899011
vt 0.454648 0.900853
vt 0.533224 0.751499
vt 0.533214 0.752086
vt 0.481737 0.876388
vt 0.480938 0.877568
vt 0.480278 0.876418
vt 0.480203 0.879362
vt 0.448334 0.863900
vt 0.531182 0.746212
vt 0.531491 0.745745
vt 0.532063 0.747671
vt 0.531693 0.747936
vt 0.531812 0.744425
vt 0.532217 0.745780
vt 0.532482 0.746606
vt 0.532463 0.748177
vt 0.532740 0.749844
vt 0.532558 0.749973
vt 0.455222 0.898888
vt 0.455704 0.898289
vt 0.455716 0.900444
vt 0.455224 0.900776
vt 0.456244 0.893593
vt 0.456032 0.896640
vt 0.462608 0.896901
vt 0.462286 0.895314
vt 0.463893 0.897691
vt 0.463139 0.897564
vt 0.532280 0.742552
vt 0.532601 0.743987
vt 0.532743 0.745152
vt 0.501155 0.886412
vt 0.500037 0.885829
vt 0.500111 0.880094
vt 0.501290 0.880516
vt 0.499055 0.885098
vt 0.499076 0.879836
vt 0.500244 0.874599
vt 0.501370 0.874739
vt 0.499243 0.874858
vt 0.501050 0.891493
vt 0.500032 0.890853
vt 0.499102 0.889637
vt 0.499444 0.871079
vt 0.500411 0.870312
vt 0.501443 0.870148
vt 0.481725 0.881897
vt 0.481738 0.888529
vt 0.480814 0.889361
vt 0.480846 0.882941
vt 0.481725 0.895191
vt 0.480846 0.895730
vt 0.480013 0.890085
vt 0.480080 0.884198
vt 0.480080 0.895860
vt 0.481737 0.900697
vt 0.480938 0.900961
vt 0.480203 0.900497
vt 0.532960 0.740293
vt 0.533728 0.737680
vt 0.534056 0.739582
vt 0.533216 0.742033
vt 0.534383 0.734760
vt 0.534773 0.735776
vt 0.499095 0.892733
vt 0.500116 0.894438
vt 0.500402 0.896765
vt 0.499094 0.894300
vt 0.501113 0.895094
vt 0.501398 0.897314
vt 0.533183 0.743819
vt 0.533654 0.742657
vt 0.464876 0.897516
vt 0.465997 0.896771
vt 0.534276 0.731462
vt 0.534727 0.731893
vt 0.533886 0.733244
vt 0.535127 0.732559
vt 0.467113 0.895099
vt 0.501941 0.898424
vt 0.516380 0.886957
vt 0.516945 0.885483
vt 0.516331 0.889193
vt 0.515711 0.890515
vt 0.517518 0.883555
vt 0.517284 0.885479
vt 0.453952 0.867029
vt 0.453071 0.867702
vt 0.453229 0.866010
vt 0.454125 0.865169
vt 0.515289 0.894984
vt 0.515197 0.894311
vt 0.516229 0.890933
vt 0.514883 0.894498
vt 0.481872 0.904109
vt 0.482167 0.905672
vt 0.481093 0.904223
vt 0.517997 0.881546
vt 0.517940 0.882604
vt 0.454743 0.866884
vt 0.454828 0.865026
vt 0.452207 0.869415
vt 0.480278 0.903342
vt 0.447213 0.748049
vt 0.447094 0.747993
vt 0.446957 0.747600
vt 0.447162 0.747824
vt 0.516162 0.874596
vt 0.515340 0.872729
vt 0.516037 0.871665
vt 0.516783 0.873809
vt 0.514340 0.871346
vt 0.514689 0.870125
vt 0.467136 0.870473
vt 0.466023 0.869190
vt 0.465784 0.867049
vt 0.467146 0.868974
vt 0.464903 0.868850
vt 0.464659 0.866731
vt 0.517432 0.874112
vt 0.517971 0.875023
vt 0.463604 0.865769
vt 0.464209 0.865739
vt 0.463792 0.866774
vt 0.501620 0.867575
vt 0.515568 0.876299
vt 0.514707 0.874475
vt 0.513230 0.872292
vt 0.513348 0.870921
vt 0.513844 0.873051
vt 0.513554 0.869692
vt 0.468125 0.871891
vt 0.463921 0.868875
vt 0.455382 0.866907
vt 0.455403 0.865012
vt 0.455893 0.865261
vt 0.455858 0.867429
vt 0.462460 0.864276
vt 0.462689 0.865144
vt 0.462549 0.866454
vt 0.462305 0.864935
vt 0.463085 0.865615
vt 0.463110 0.866677
vt 0.463166 0.868881
vt 0.462635 0.869222
vt 0.462310 0.870546
vt 0.462230 0.868282
vt 0.518332 0.879590
vt 0.518467 0.877777
vt 0.454951 0.864333
vt 0.455387 0.864302
vt 0.518331 0.876253
vt 0.462128 0.873198
vt 0.456170 0.869026
vt 0.201015 0.885904
vt 0.201015 0.881926
vt 0.201179 0.881916
vt 0.201179 0.885894
vt 0.201015 0.877948
vt 0.201179 0.877938
vt 0.201333 0.881899
vt 0.201333 0.885876
vt 0.201333 0.877921
vt 0.200846 0.889884
vt 0.200846 0.885906
vt 0.201015 0.889882
vt 0.200846 0.881928
vt 0.200846 0.877951
vt 0.200846 0.873973
vt 0.201015 0.873971
vt 0.201179 0.873961
vt 0.201333 0.873943
vt 0.201469 0.873919
vt 0.201469 0.877897
vt 0.201469 0.881874
vt 0.201469 0.885852
vt 0.201333 0.889854
vt 0.201469 0.889830
vt 0.201179 0.889872
vt 0.123794 0.882967
vt 0.123794 0.878958
vt 0.123934 0.878967
vt 0.123934 0.882977
vt 0.123794 0.874949
vt 0.123934 0.874958
vt 0.124090 0.878974
vt 0.124090 0.882983
vt 0.124090 0.874964
vt 0.123675 0.886965
vt 0.123675 0.882956
vt 0.123794 0.886977
vt 0.123675 0.878946
vt 0.123675 0.874937
vt 0.123675 0.870928
vt 0.123794 0.870939
vt 0.123934 0.870949
vt 0.124090 0.870955
vt 0.124255 0.870958
vt 0.124255 0.874968
vt 0.124255 0.878977
vt 0.124255 0.882986
vt 0.124090 0.886992
vt 0.124255 0.886996
vt 0.123934 0.886986
vt 0.124424 0.882986
vt 0.124424 0.878977
vt 0.124591 0.878974
vt 0.124591 0.882983
vt 0.124424 0.874968
vt 0.124591 0.874965
vt 0.124748 0.878968
vt 0.124748 0.882977
vt 0.124748 0.874959
vt 0.124424 0.886996
vt 0.124424 0.870959
vt 0.124591 0.870955
vt 0.124748 0.870949
vt 0.124890 0.870940
vt 0.124890 0.874950
vt 0.124890 0.878959
vt 0.124890 0.882968
vt 0.124748 0.886987
vt 0.124890 0.886978
vt 0.124591 0.886993
vt 0.183590 0.884100
vt 0.183590 0.880093
vt 0.183729 0.880082
vt 0.183729 0.884089
vt 0.183590 0.876086
vt 0.183729 0.876075
vt 0.183883 0.880074
vt 0.183883 0.884081
vt 0.183883 0.876067
vt 0.125010 0.882957
vt 0.125010 0.886966
vt 0.125010 0.878948
vt 0.125010 0.874938
vt 0.125010 0.870929
vt 0.183590 0.872079
vt 0.183729 0.872068
vt 0.183883 0.872060
vt 0.184048 0.872056
vt 0.184048 0.876063
vt 0.184048 0.880070
vt 0.184048 0.884077
vt 0.183883 0.888088
vt 0.184048 0.888083
vt 0.183729 0.888096
vt 0.183590 0.888107
vt 0.184217 0.884076
vt 0.184217 0.880069
vt 0.184384 0.880073
vt 0.184384 0.884080
vt 0.184217 0.876062
vt 0.184384 0.876066
vt 0.184543 0.880080
vt 0.184543 0.884086
vt 0.184543 0.876073
vt 0.184217 0.888083
vt 0.184217 0.872056
vt 0.184384 0.872059
vt 0.184543 0.872066
vt 0.184686 0.872076
vt 0.184686 0.876083
vt 0.184686 0.880090
vt 0.184686 0.884097
vt 0.184543 0.888093
vt 0.184686 0.888104
vt 0.184384 0.888086
vt 0.125010 0.887937
vt 0.125010 0.883922
vt 0.125148 0.883924
vt 0.125148 0.887939
vt 0.125010 0.879907
vt 0.125148 0.879909
vt 0.125302 0.883925
vt 0.125302 0.887940
vt 0.125302 0.879910
vt 0.184808 0.884110
vt 0.184808 0.888117
vt 0.184808 0.880103
vt 0.184808 0.876097
vt 0.184808 0.872090
vt 0.125010 0.875892
vt 0.125148 0.875894
vt 0.125302 0.875895
vt 0.125467 0.875896
vt 0.125467 0.879911
vt 0.125467 0.883926
vt 0.125467 0.887941
vt 0.125302 0.891955
vt 0.125467 0.891956
vt 0.125148 0.891954
vt 0.125010 0.891952
vt 0.125636 0.887941
vt 0.125636 0.883926
vt 0.125803 0.883926
vt 0.125803 0.887941
vt 0.125636 0.879911
vt 0.125803 0.879911
vt 0.125962 0.883924
vt 0.125962 0.887940
vt 0.125962 0.879910
vt 0.125636 0.891956
vt 0.125636 0.875896
vt 0.125803 0.875896
vt 0.125962 0.875894
vt 0.126106 0.875893
vt 0.126106 0.879908
vt 0.126106 0.883923
vt 0.126106 0.887938
vt 0.125962 0.891954
vt 0.126106 0.891953
vt 0.125803 0.891956
vt 0.200374 0.885865
vt 0.200374 0.881887
vt 0.200519 0.881908
vt 0.200519 0.885886
vt 0.200374 0.877909
vt 0.200519 0.877931
vt 0.200679 0.881922
vt 0.200679 0.885900
vt 0.200679 0.877944
vt 0.200248 0.889815
vt 0.200248 0.885838
vt 0.200374 0.889843
vt 0.200248 0.881860
vt 0.200248 0.877882
vt 0.200248 0.873904
vt 0.200374 0.873932
vt 0.200519 0.873953
vt 0.200679 0.873967
vt 0.200679 0.889878
vt 0.200519 0.889864
vt 0.192577 0.853550
vt 0.192734 0.853795
vt 0.192730 0.855771
vt 0.192578 0.855602
vt 0.192888 0.854484
vt 0.192874 0.856272
vt 0.192726 0.858316
vt 0.192579 0.858267
vt 0.192856 0.858514
vt 0.192498 0.867343
vt 0.192656 0.867343
vt 0.192678 0.868680
vt 0.192520 0.868671
vt 0.192818 0.867356
vt 0.192838 0.868761
vt 0.192989 0.867392
vt 0.193005 0.868983
vt 0.173108 0.862914
vt 0.173301 0.863604
vt 0.173138 0.865596
vt 0.173008 0.864627
vt 0.124150 0.821528
vt 0.123983 0.821051
vt 0.124008 0.819049
vt 0.124150 0.819794
vt 0.193005 0.857350
vt 0.192962 0.859163
vt 0.167265 0.888083
vt 0.167151 0.887305
vt 0.167174 0.885818
vt 0.167253 0.885920
vt 0.192841 0.860675
vt 0.192720 0.860800
vt 0.192575 0.860862
vt 0.192422 0.858271
vt 0.192419 0.860883
vt 0.192420 0.855589
vt 0.192419 0.853526
vt 0.167505 0.883131
vt 0.167360 0.883188
vt 0.167357 0.880348
vt 0.167509 0.880170
vt 0.167234 0.883427
vt 0.167214 0.880891
vt 0.167354 0.878125
vt 0.167511 0.877879
vt 0.167197 0.878836
vt 0.167668 0.886132
vt 0.167513 0.886102
vt 0.167660 0.883143
vt 0.167371 0.886037
vt 0.167130 0.884186
vt 0.167082 0.882069
vt 0.167041 0.880257
vt 0.172993 0.880856
vt 0.173125 0.879448
vt 0.173285 0.880957
vt 0.173090 0.882273
vt 0.123825 0.819161
vt 0.123983 0.819049
vt 0.123978 0.820506
vt 0.123818 0.820425
vt 0.123667 0.819203
vt 0.123659 0.820396
vt 0.123509 0.819210
vt 0.123500 0.820393
vt 0.167665 0.880165
vt 0.167668 0.877864
vt 0.192848 0.865829
vt 0.192694 0.865558
vt 0.192695 0.863609
vt 0.192847 0.863804
vt 0.192547 0.864846
vt 0.192553 0.863089
vt 0.192700 0.861099
vt 0.192848 0.861173
vt 0.192567 0.860883
vt 0.123667 0.821779
vt 0.123509 0.821766
vt 0.123825 0.821874
vt 0.123983 0.822138
vt 0.173641 0.881221
vt 0.173409 0.882286
vt 0.151291 0.878982
vt 0.151138 0.878449
vt 0.151161 0.876357
vt 0.151297 0.877145
vt 0.151195 0.874293
vt 0.151305 0.875099
vt 0.151228 0.872723
vt 0.151309 0.872812
vt 0.151436 0.875443
vt 0.151431 0.872913
vt 0.151583 0.875569
vt 0.151575 0.872963
vt 0.151740 0.875596
vt 0.151732 0.872978
vt 0.193005 0.863845
vt 0.193005 0.861197
vt 0.193005 0.865880
vt 0.151575 0.869875
vt 0.151428 0.869950
vt 0.151426 0.867023
vt 0.151579 0.866826
vt 0.151298 0.870218
vt 0.151283 0.867594
vt 0.151425 0.864725
vt 0.151582 0.864462
vt 0.151271 0.865457
vt 0.151732 0.869872
vt 0.151190 0.871023
vt 0.151150 0.868814
vt 0.151121 0.866906
vt 0.176713 0.877365
vt 0.176461 0.877021
vt 0.176818 0.875695
vt 0.177032 0.876403
vt 0.176847 0.877546
vt 0.177147 0.876771
vt 0.185075 0.847558
vt 0.184922 0.847592
vt 0.184911 0.846344
vt 0.185064 0.846382
vt 0.185232 0.847555
vt 0.185222 0.846389
vt 0.151737 0.866806
vt 0.151740 0.864433
vt 0.123365 0.864106
vt 0.123521 0.864358
vt 0.123517 0.866289
vt 0.123365 0.866112
vt 0.123672 0.865050
vt 0.123660 0.866789
vt 0.123512 0.868778
vt 0.123364 0.868721
vt 0.123643 0.868976
vt 0.185075 0.844987
vt 0.185232 0.845004
vt 0.184922 0.844884
vt 0.184768 0.846247
vt 0.184781 0.844605
vt 0.176982 0.873704
vt 0.177133 0.874690
vt 0.168450 0.865899
vt 0.168582 0.866432
vt 0.168560 0.868552
vt 0.168436 0.867766
vt 0.168520 0.870651
vt 0.168412 0.869851
vt 0.168483 0.872249
vt 0.168398 0.872174
vt 0.168280 0.869523
vt 0.168273 0.872095
vt 0.168132 0.869419
vt 0.168126 0.872068
vt 0.167976 0.869416
vt 0.167970 0.872076
vt 0.123207 0.866090
vt 0.123207 0.868716
vt 0.123207 0.864072
vt 0.168132 0.875188
vt 0.168280 0.875088
vt 0.168295 0.878038
vt 0.168144 0.878260
vt 0.168412 0.874796
vt 0.168436 0.877441
vt 0.168306 0.880356
vt 0.168152 0.880643
vt 0.168450 0.879599
vt 0.167976 0.875214
vt 0.168520 0.873964
vt 0.168560 0.876193
vt 0.168582 0.878125
vt 0.177147 0.858461
vt 0.176994 0.859852
vt 0.176834 0.858342
vt 0.177049 0.857043
vt 0.199909 0.867112
vt 0.199757 0.867201
vt 0.199757 0.865769
vt 0.199912 0.865874
vt 0.200065 0.867080
vt 0.200069 0.865914
vt 0.200224 0.867077
vt 0.200227 0.865921
vt 0.167987 0.878304
vt 0.167995 0.880696
vt 0.176028 0.868155
vt 0.176429 0.864946
vt 0.176696 0.867183
vt 0.176424 0.870202
vt 0.176754 0.862082
vt 0.176891 0.864393
vt 0.176887 0.869429
vt 0.176745 0.872142
vt 0.176964 0.866810
vt 0.175033 0.869627
vt 0.175562 0.866272
vt 0.175557 0.871424
vt 0.176061 0.863132
vt 0.176497 0.860418
vt 0.177022 0.862212
vt 0.168665 0.874096
vt 0.168604 0.872204
vt 0.168665 0.869845
vt 0.177014 0.871263
vt 0.176484 0.874572
vt 0.176052 0.873110
vt 0.184925 0.836889
vt 0.185081 0.837123
vt 0.185078 0.839200
vt 0.184926 0.839038
vt 0.185238 0.837811
vt 0.185221 0.839707
vt 0.185076 0.841864
vt 0.184931 0.841823
vt 0.185202 0.842069
vt 0.200069 0.864512
vt 0.200227 0.864529
vt 0.199913 0.864407
vt 0.199761 0.864122
vt 0.176478 0.858079
vt 0.176731 0.857031
vt 0.185396 0.839190
vt 0.185353 0.840816
vt 0.185304 0.842753
vt 0.185073 0.877825
vt 0.184963 0.877007
vt 0.184999 0.875400
vt 0.185082 0.875483
vt 0.185204 0.878167
vt 0.185205 0.875574
vt 0.185352 0.878287
vt 0.185350 0.875615
vt 0.184776 0.841842
vt 0.184922 0.844569
vt 0.184768 0.844605
vt 0.184770 0.839040
vt 0.184768 0.836881
vt 0.185349 0.872477
vt 0.185201 0.872563
vt 0.185196 0.869598
vt 0.185349 0.869391
vt 0.185071 0.872844
vt 0.185053 0.870183
vt 0.185193 0.867269
vt 0.185349 0.866997
vt 0.185041 0.868012
vt 0.185507 0.875622
vt 0.185506 0.872466
vt 0.184962 0.873671
vt 0.184923 0.871424
vt 0.184897 0.869473
vt 0.173427 0.861952
vt 0.173658 0.862279
vt 0.192838 0.866035
vt 0.192678 0.866093
vt 0.192520 0.866103
vt 0.185507 0.869363
vt 0.185507 0.866960
vt 0.216969 0.759823
vt 0.216792 0.763637
vt 0.215583 0.766593
vt 0.216259 0.760342
vt 0.217021 0.767521
vt 0.216792 0.771109
vt 0.216969 0.775151
vt 0.216259 0.773716
vt 0.215583 0.774544
vt 0.214907 0.772844
vt 0.214196 0.773363
vt 0.214373 0.769549
vt 0.214145 0.765666
vt 0.214373 0.762077
vt 0.214196 0.758035
vt 0.214907 0.759470
vt 0.215583 0.758642
vt 0.217579 0.756846
vt 0.217628 0.758404
vt 0.217303 0.756394
vt 0.217531 0.760923
vt 0.216836 0.756633
vt 0.217323 0.767716
vt 0.217393 0.771400
vt 0.217393 0.764121
vt 0.217531 0.774775
vt 0.217579 0.778914
vt 0.217303 0.779010
vt 0.217628 0.777420
vt 0.216836 0.778169
vt 0.215583 0.776215
vt 0.214924 0.776176
vt 0.216241 0.777025
vt 0.214330 0.776553
vt 0.213587 0.776340
vt 0.213537 0.774782
vt 0.213863 0.776792
vt 0.213635 0.772263
vt 0.213842 0.765471
vt 0.213772 0.761787
vt 0.213772 0.769065
vt 0.213635 0.758411
vt 0.213587 0.754272
vt 0.213863 0.754176
vt 0.213537 0.755766
vt 0.214330 0.755017
vt 0.215583 0.756971
vt 0.216241 0.757010
vt 0.214924 0.756161
vt 0.174034 0.862823
vt 0.174549 0.861393
vt 0.175054 0.861540
vt 0.174514 0.863635
vt 0.175067 0.860288
vt 0.175574 0.859866
vt 0.175584 0.862041
vt 0.175042 0.864766
vt 0.176082 0.859772
vt 0.173615 0.864710
vt 0.174149 0.861414
vt 0.184876 0.875433
vt 0.184808 0.873517
vt 0.184927 0.879119
vt 0.184810 0.877798
vt 0.175992 0.858669
vt 0.174513 0.867834
vt 0.174030 0.866158
vt 0.174019 0.879511
vt 0.174502 0.877229
vt 0.175040 0.877738
vt 0.174533 0.879422
vt 0.175033 0.874495
vt 0.175572 0.875635
vt 0.175558 0.877895
vt 0.175050 0.879009
vt 0.176067 0.876461
vt 0.173602 0.878864
vt 0.174021 0.876136
vt 0.174509 0.872986
vt 0.175974 0.877889
vt 0.151104 0.872750
vt 0.151031 0.870880
vt 0.151037 0.875077
vt 0.174132 0.880633
vt 0.173153 0.872487
vt 0.173220 0.869860
vt 0.173398 0.872095
vt 0.173216 0.874896
vt 0.173356 0.867142
vt 0.173661 0.869068
vt 0.173656 0.874324
vt 0.173347 0.877202
vt 0.174047 0.871105
vt 0.167051 0.885837
vt 0.167130 0.889262
vt 0.166989 0.888075
vt 0.173109 0.868040
vt 0.173101 0.877091
vt 0.166962 0.884073
vt 0.528618 0.761008
vt 0.538033 0.760983
vt 0.538033 0.837895
vt 0.528618 0.837920
vt 0.514460 0.862514
vt 0.514460 0.833032
vt 0.515747 0.833048
vt 0.515747 0.862529
vt 0.490008 0.765626
vt 0.490008 0.815647
vt 0.489656 0.815004
vt 0.489656 0.764984
vt 0.462695 0.858672
vt 0.462695 0.828975
vt 0.463973 0.828957
vt 0.463973 0.858654
vt 0.488676 0.764984
vt 0.489656 0.766770
vt 0.489656 0.823932
vt 0.488676 0.822145
vt 0.514398 0.768086
vt 0.515554 0.766682
vt 0.515554 0.815203
vt 0.514398 0.816606
vt 0.487815 0.769812
vt 0.480135 0.769891
vt 0.479274 0.765081
vt 0.488676 0.764984
vt 0.480135 0.837405
vt 0.479274 0.842233
vt 0.487815 0.837325
vt 0.488676 0.842135
vt 0.132905 0.019689
vt 0.885415 0.018568
vt 0.885415 0.972206
vt 0.132905 0.973327
vt 0.443368 0.853264
vt 0.443368 0.829008
vt 0.443828 0.829001
vt 0.443828 0.853257
vt 0.541811 0.760988
vt 0.541811 0.785069
vt 0.541349 0.785063
vt 0.541349 0.760983
vt 0.489656 0.858610
vt 0.489656 0.816151
vt 0.490071 0.815647
vt 0.490071 0.858106
s 0
usemtl Assets_Cubicle_MAT_TEX
f 7/1/1 4/2/1 2/3/1 8/4/1
f 3/5/2 4/6/2 7/7/2 6/8/2
f 1/9/3 3/10/3 6/11/3 5/12/3
f 15/13/4 16/14/4 10/15/4 12/16/4
f 11/17/5 14/18/5 15/19/5 12/20/5
f 9/21/6 13/22/6 14/23/6 11/24/6
f 3/25/7 1/26/7 9/27/7 11/28/7
f 7/29/8 8/30/8 16/31/8 15/32/8
f 8/33/2 2/34/2 10/35/2 16/36/2
f 4/37/7 3/25/7 11/28/7 12/38/7
f 5/39/8 6/40/8 14/41/8 13/42/8
f 6/40/8 7/29/8 15/32/8 14/41/8
f 1/43/2 5/44/2 13/45/2 9/46/2
f 2/47/7 4/37/7 12/38/7 10/48/7
f 35/49/4 27/50/4 28/51/4 24/52/4
f 36/53/5 26/54/5 58/55/5 51/56/5
f 49/57/4 64/58/4 63/59/4 42/60/4
f 24/61/5 28/62/5 62/63/5 41/64/5
f 33/65/6 39/66/6 40/67/6 22/68/6
f 34/69/2 38/70/2 64/71/2 49/72/2
f 43/73/4 60/74/4 59/75/4 52/76/4
f 57/77/7 58/78/7 26/79/7 25/80/7
f 38/81/7 37/82/7 63/83/7 64/84/7
f 51/85/6 58/86/6 57/87/6 44/88/6
f 30/89/6 29/90/6 34/91/6 33/65/6
f 32/92/4 31/93/4 36/94/4 35/49/4
f 40/95/7 39/96/7 59/97/7 60/98/7
f 41/99/6 62/100/6 61/101/6 50/102/6
f 61/103/7 62/104/7 28/105/7 27/106/7
f 30/89/6 33/65/6 22/68/6 17/107/6
f 44/108/2 57/109/2 25/110/2 23/111/2
f 19/112/6 21/113/6 34/91/6 29/90/6
f 32/92/4 35/49/4 24/52/4 20/114/4
f 18/115/4 23/116/4 36/94/4 31/93/4
f 21/113/6 37/117/6 38/118/6 34/91/6
f 50/119/2 61/120/2 27/82/2 35/121/2
f 56/122/8 55/123/8 48/124/8 47/125/8
f 46/126/8 45/127/8 54/128/8 53/129/8
f 44/130/7 43/131/7 52/132/7 51/133/7
f 50/134/7 49/135/7 42/136/7 41/137/7
f 53/129/8 54/128/8 55/123/8 56/122/8
f 49/135/7 50/134/7 51/133/7 52/132/7
f 47/138/2 48/139/2 43/140/2 44/108/2
f 45/141/5 46/142/5 41/64/5 42/143/5
f 45/141/5 42/143/5 21/144/5 19/145/5
f 52/146/5 59/147/5 39/148/5 33/149/5
f 20/150/5 24/61/5 41/64/5 46/142/5
f 42/143/5 63/151/5 37/152/5 21/144/5
f 23/116/4 25/153/4 26/154/4 36/94/4
f 22/155/2 40/156/2 60/157/2 43/140/2
f 17/158/2 22/155/2 43/140/2 48/139/2
f 47/138/2 44/108/2 23/111/2 18/159/2
f 53/129/8 32/160/8 20/161/8 46/126/8
f 29/162/8 54/128/8 45/127/8 19/163/8
f 47/125/8 18/164/8 31/165/8 56/122/8
f 17/166/8 48/124/8 55/123/8 30/167/8
f 49/135/7 52/132/7 33/168/7 34/169/7
f 35/170/7 36/171/7 51/133/7 50/134/7
f 53/129/8 56/122/8 31/165/8 32/160/8
f 29/162/8 30/167/8 55/123/8 54/128/8
s 1
f 67/172/9 117/173/10 166/174/11 120/175/12
f 117/173/10 69/176/13 121/177/14 166/174/11
f 166/174/11 121/177/14 76/178/15 100/179/16
f 120/175/12 166/174/11 100/179/16 73/180/17
f 72/181/18 103/182/19 167/183/20 113/184/21
f 103/182/19 66/185/22 112/186/23 167/183/20
f 167/183/20 112/186/23 80/187/24 110/188/25
f 113/184/21 167/183/20 110/188/25 77/189/26
f 70/190/27 118/191/28 168/192/29 122/193/30
f 118/191/28 68/194/31 119/195/32 168/192/29
f 168/192/29 119/195/32 74/196/33 99/197/34
f 122/193/30 168/192/29 99/197/34 75/198/35
f 85/199/36 131/200/37 169/201/38 136/202/39
f 131/200/37 68/203/31 118/204/28 169/201/38
f 169/201/38 118/204/28 70/205/27 128/206/40
f 136/202/39 169/201/38 128/206/40 82/207/41
f 83/208/42 102/209/43 170/210/44 135/211/45
f 102/209/43 66/212/22 106/213/46 170/210/44
f 170/210/44 106/213/46 74/214/33 98/215/47
f 135/211/45 170/210/44 98/215/47 81/216/48
f 66/212/22 103/217/19 171/218/49 106/213/46
f 103/217/19 72/219/18 107/220/50 171/218/49
f 171/218/49 107/220/50 75/221/35 99/222/34
f 106/213/46 171/218/49 99/222/34 74/214/33
f 71/223/51 104/224/52 172/225/53 108/226/54
f 104/224/52 65/227/55 105/228/56 172/225/53
f 172/225/53 105/228/56 73/229/17 100/230/16
f 108/226/54 172/225/53 100/230/16 76/231/15
f 65/232/55 104/233/52 173/234/57 115/235/58
f 104/233/52 71/236/51 114/237/59 173/234/57
f 173/234/57 114/237/59 78/238/60 111/239/61
f 115/235/58 173/234/57 111/239/61 79/240/62
f 83/241/42 129/242/63 174/243/64 134/244/65
f 129/242/63 65/245/55 115/246/58 174/243/64
f 174/243/64 115/246/58 79/247/62 130/248/66
f 134/244/65 174/243/64 130/248/66 84/249/67
f 175/250/68 124/251/69 80/252/24 109/253/70
f 133/254/71 175/250/68 109/253/70 84/255/67
f 176/256/72 125/257/73 77/258/26 110/259/25
f 124/251/69 176/260/72 110/261/25 80/252/24
f 177/262/74 123/263/75 79/264/62 111/265/61
f 126/266/76 177/262/74 111/265/61 78/267/60
f 85/268/36 116/269/77 178/270/78 132/271/79
f 116/269/77 67/272/9 120/273/12 178/270/78
f 178/270/78 120/273/12 73/274/17 127/275/80
f 132/271/79 178/270/78 127/275/80 81/276/48
f 68/277/31 131/278/37 179/279/81 119/280/32
f 131/278/37 85/268/36 132/271/79 179/279/81
f 179/279/81 132/271/79 81/276/48 98/281/47
f 119/280/32 179/279/81 98/281/47 74/282/33
f 180/283/82 133/254/71 84/255/67 130/284/66
f 123/263/75 180/283/82 130/284/66 79/264/62
f 66/285/22 102/286/43 181/287/83 112/288/23
f 102/286/43 83/241/42 134/244/65 181/287/83
f 181/287/83 134/244/65 84/249/67 109/289/70
f 112/288/23 181/287/83 109/289/70 80/290/24
f 65/227/55 129/291/63 182/292/84 105/228/56
f 129/291/63 83/208/42 135/211/45 182/292/84
f 182/292/84 135/211/45 81/216/48 127/293/80
f 105/228/56 182/292/84 127/293/80 73/229/17
f 67/294/9 116/295/77 183/296/85 117/297/10
f 116/295/77 85/199/36 136/202/39 183/296/85
f 183/296/85 136/202/39 82/207/41 101/298/86
f 117/173/10 183/299/85 101/300/86 69/176/13
f 88/301/87 154/302/88 184/303/89 151/304/90
f 154/302/88 90/305/91 139/306/92 184/303/89
f 184/303/89 139/306/92 76/178/15 121/177/14
f 151/304/90 184/303/89 121/177/14 69/176/13
f 72/181/18 113/184/21 185/307/93 141/308/94
f 113/184/21 77/189/26 146/309/95 185/307/93
f 185/307/93 146/309/95 93/310/96 148/311/97
f 141/308/94 185/307/93 148/311/97 87/312/98
f 70/190/27 122/193/30 186/313/99 152/314/100
f 122/193/30 75/198/35 138/315/101 186/313/99
f 186/313/99 138/315/101 91/316/102 153/317/103
f 152/314/100 186/313/99 153/317/103 89/318/104
f 97/319/105 165/320/106 187/321/107 160/322/108
f 165/320/106 82/207/41 128/206/40 187/321/107
f 187/321/107 128/206/40 70/205/27 152/323/100
f 160/322/108 187/321/107 152/323/100 89/324/104
f 95/325/109 164/326/110 188/327/111 140/328/112
f 164/326/110 94/329/113 137/330/114 188/327/111
f 188/327/111 137/330/114 91/331/102 144/332/115
f 140/328/112 188/327/111 144/332/115 87/333/98
f 87/333/98 144/332/115 189/334/116 141/335/94
f 144/332/115 91/331/102 138/336/101 189/334/116
f 189/334/116 138/336/101 75/221/35 107/220/50
f 141/335/94 189/334/116 107/220/50 72/219/18
f 71/223/51 108/226/54 190/337/117 142/338/118
f 108/226/54 76/231/15 139/339/92 190/337/117
f 190/337/117 139/339/92 90/340/91 143/341/119
f 142/338/118 190/337/117 143/341/119 86/342/120
f 198/343/121 162/344/122 193/345/123 156/346/124 194/347/125 125/348/73 176/260/72 124/251/69 175/250/68 133/254/71 180/283/82 123/263/75 177/262/74 126/266/76 195/349/126 155/350/127
f 86/351/120 149/352/128 191/353/129 142/354/118
f 149/352/128 92/355/130 147/356/131 191/353/129
f 191/353/129 147/356/131 78/238/60 114/237/59
f 142/354/118 191/353/129 114/237/59 71/236/51
f 95/357/109 163/358/132 192/359/133 158/360/134
f 163/358/132 96/361/135 159/362/136 192/359/133
f 192/359/133 159/362/136 92/363/130 149/364/128
f 158/360/134 192/359/133 149/364/128 86/365/120
f 162/344/122 96/366/135 145/367/137 193/345/123
f 193/345/123 145/367/137 93/368/96 156/346/124
f 156/346/124 93/368/96 146/369/95 194/347/125
f 194/370/125 146/371/95 77/258/26 125/257/73
f 126/266/76 78/267/60 147/372/131 195/349/126
f 195/349/126 147/372/131 92/373/130 155/350/127
f 97/374/105 161/375/138 196/376/139 150/377/140
f 161/375/138 94/378/113 157/379/141 196/376/139
f 196/376/139 157/379/141 90/380/91 154/381/88
f 150/377/140 196/376/139 154/381/88 88/382/87
f 89/383/104 153/384/103 197/385/142 160/386/108
f 153/384/103 91/387/102 137/388/114 197/385/142
f 197/385/142 137/388/114 94/378/113 161/375/138
f 160/386/108 197/385/142 161/375/138 97/374/105
f 155/350/127 92/373/130 159/389/136 198/343/121
f 198/343/121 159/389/136 96/366/135 162/344/122
f 87/390/98 148/391/97 199/392/143 140/393/112
f 148/391/97 93/394/96 145/395/137 199/392/143
f 199/392/143 145/395/137 96/361/135 163/358/132
f 140/393/112 199/392/143 163/358/132 95/357/109
f 86/342/120 143/341/119 200/396/144 158/397/134
f 143/341/119 90/340/91 157/398/141 200/396/144
f 200/396/144 157/398/141 94/329/113 164/326/110
f 158/397/134 200/396/144 164/326/110 95/325/109
f 88/399/87 151/400/90 201/401/145 150/402/140
f 151/304/90 69/176/13 101/300/86 201/403/145
f 201/401/145 101/298/86 82/207/41 165/320/106
f 150/402/140 201/401/145 165/320/106 97/319/105
f 210/404/146 203/405/147 205/406/147 211/407/148
f 212/408/149 209/409/150 203/410/151 210/411/152
f 207/412/153 205/413/154 203/410/151 209/409/150
f 204/414/7 206/415/7 208/416/7 202/417/7
f 211/418/155 205/419/156 207/420/157 213/421/158
f 204/422/159 211/418/155 213/421/158 206/423/160
f 212/408/149 210/411/152 217/424/161 216/425/161
f 202/426/162 210/404/146 211/407/148 204/427/163
f 215/428/164 216/429/164 217/430/164 214/431/164
f 202/417/7 208/416/7 215/432/7 214/433/7
f 210/404/146 202/426/162 214/434/165 217/435/165
f 208/436/4 212/437/4 216/438/4 215/439/4
f 222/440/166 223/441/167 221/442/168 219/443/168
f 212/408/149 222/444/169 219/445/170 209/409/150
f 207/412/153 209/409/150 219/445/170 221/446/171
f 220/447/7 218/448/7 208/416/7 206/415/7
f 223/449/172 213/421/158 207/420/157 221/450/173
f 220/451/174 206/423/160 213/421/158 223/449/172
f 212/408/149 216/425/175 225/452/175 222/444/169
f 218/453/176 220/454/177 223/441/167 222/440/166
f 215/428/178 224/455/178 225/456/178 216/429/178
f 218/448/7 224/457/7 215/432/7 208/416/7
f 222/440/166 225/458/179 224/459/179 218/453/176
f 226/460/6 227/461/6 229/462/6 228/463/6
f 228/464/180 229/465/180 233/466/180 232/467/180
f 232/468/4 233/469/4 231/470/4 230/471/4
f 230/472/181 231/473/181 227/474/181 226/475/181
f 228/476/182 232/477/182 230/478/182 226/479/182
f 233/480/183 229/481/183 227/482/183 231/483/183
f 234/484/6 235/485/6 237/486/6 236/487/6
f 236/488/180 237/489/180 241/490/180 240/491/180
f 240/492/4 241/493/4 239/494/4 238/495/4
f 238/496/181 239/497/181 235/498/181 234/499/181
f 236/500/182 240/501/182 238/502/182 234/503/182
f 241/504/183 237/505/183 235/506/183 239/507/183
f 242/508/6 243/509/6 245/510/6 244/511/6
f 244/512/180 245/513/180 249/514/180 248/515/180
f 248/516/4 249/517/4 247/518/4 246/519/4
f 246/520/181 247/521/181 243/522/181 242/523/181
f 244/524/182 248/525/182 246/526/182 242/527/182
f 249/528/183 245/529/183 243/530/183 247/531/183
f 250/532/6 251/533/6 253/534/6 252/535/6
f 252/536/180 253/537/180 257/538/180 256/539/180
f 256/540/4 257/541/4 255/542/4 254/543/4
f 254/544/181 255/545/181 251/546/181 250/547/181
f 252/548/182 256/549/182 254/550/182 250/551/182
f 257/552/183 253/553/183 251/554/183 255/555/183
f 258/556/6 259/557/6 261/558/6 260/559/6
f 260/560/180 261/561/180 265/562/180 264/563/180
f 264/564/4 265/565/4 263/566/4 262/567/4
f 262/568/181 263/569/181 259/570/181 258/571/181
f 260/572/182 264/573/182 262/574/182 258/575/182
f 265/576/183 261/577/183 259/578/183 263/579/183
f 266/580/6 267/581/6 269/582/6 268/583/6
f 268/584/180 269/585/180 273/586/180 272/587/180
f 272/588/4 273/589/4 271/590/4 270/591/4
f 270/592/181 271/593/181 267/594/181 266/595/181
f 268/596/182 272/597/182 270/598/182 266/599/182
f 273/600/183 269/601/183 267/602/183 271/603/183
f 274/604/6 275/488/6 277/605/6 276/606/6
f 276/607/180 277/608/180 281/609/180 280/610/180
f 280/611/4 281/612/4 279/613/4 278/614/4
f 278/615/181 279/616/181 275/617/181 274/618/181
f 276/619/182 280/620/182 278/621/182 274/622/182
f 281/623/183 277/624/183 275/625/183 279/626/183
f 282/627/6 283/628/6 285/629/6 284/630/6
f 284/631/180 285/632/180 289/633/180 288/634/180
f 288/635/4 289/636/4 287/637/4 286/638/4
f 286/639/181 287/640/181 283/641/181 282/642/181
f 284/643/182 288/644/182 286/645/182 282/646/182
f 289/647/183 285/648/183 283/649/183 287/650/183
f 290/651/6 291/652/6 293/653/6 292/654/6
f 292/655/180 293/656/180 297/657/180 296/658/180
f 296/659/4 297/660/4 295/661/4 294/662/4
f 294/663/181 295/664/181 291/665/181 290/666/181
f 292/667/182 296/668/182 294/669/182 290/670/182
f 297/671/183 293/672/183 291/673/183 295/674/183
f 298/675/6 299/676/6 301/677/6 300/678/6
f 300/679/180 301/680/180 305/681/180 304/682/180
f 304/683/4 305/684/4 303/685/4 302/686/4
f 302/687/181 303/688/181 299/689/181 298/690/181
f 300/691/182 304/692/182 302/693/182 298/694/182
f 305/695/183 301/696/183 299/697/183 303/698/183
f 306/699/6 307/700/6 309/701/6 308/702/6
f 308/703/180 309/704/180 313/705/180 312/706/180
f 312/707/4 313/708/4 311/709/4 310/710/4
f 310/711/181 311/712/181 307/713/181 306/714/181
f 308/715/182 312/716/182 310/717/182 306/718/182
f 313/719/183 309/720/183 307/721/183 311/722/183
f 314/723/6 315/724/6 317/725/6 316/726/6
f 316/727/180 317/728/180 321/729/180 320/730/180
f 320/731/4 321/732/4 319/733/4 318/734/4
f 318/735/181 319/736/181 315/737/181 314/738/181
f 316/727/182 320/739/182 318/740/182 314/741/182
f 321/742/183 317/743/183 315/744/183 319/745/183
f 322/746/6 323/747/6 325/748/6 324/749/6
f 324/750/180 325/751/180 329/752/180 328/753/180
f 328/754/4 329/755/4 327/756/4 326/757/4
f 326/758/181 327/759/181 323/760/181 322/761/181
f 324/762/182 328/763/182 326/764/182 322/765/182
f 329/766/183 325/767/183 323/768/183 327/769/183
f 330/770/6 331/771/6 333/772/6 332/773/6
f 332/774/180 333/775/180 337/776/180 336/777/180
f 336/778/4 337/779/4 335/780/4 334/781/4
f 334/782/181 335/783/181 331/784/181 330/785/181
f 332/786/182 336/787/182 334/788/182 330/789/182
f 337/790/183 333/791/183 331/792/183 335/793/183
f 338/794/6 339/795/6 341/796/6 340/797/6
f 340/798/180 341/799/180 345/800/180 344/801/180
f 344/802/4 345/803/4 343/804/4 342/805/4
f 342/806/181 343/807/181 339/808/181 338/809/181
f 340/810/182 344/811/182 342/812/182 338/813/182
f 345/814/183 341/815/183 339/816/183 343/797/183
f 346/817/6 347/818/6 349/819/6 348/820/6
f 348/821/180 349/822/180 353/823/180 352/824/180
f 352/825/4 353/826/4 351/827/4 350/828/4
f 350/829/181 351/830/181 347/831/181 346/832/181
f 348/833/182 352/834/182 350/835/182 346/836/182
f 353/837/183 349/838/183 347/839/183 351/840/183
f 354/841/6 355/842/6 357/843/6 356/844/6
f 356/845/180 357/846/180 361/847/180 360/848/180
f 360/849/4 361/850/4 359/851/4 358/852/4
f 358/853/181 359/854/181 355/855/181 354/856/181
f 356/857/182 360/858/182 358/859/182 354/860/182
f 361/861/183 357/862/183 355/863/183 359/864/183
f 362/865/6 363/866/6 365/867/6 364/733/6
f 364/868/180 365/869/180 369/870/180 368/871/180
f 368/872/4 369/873/4 367/874/4 366/875/4
f 366/876/181 367/877/181 363/878/181 362/879/181
f 364/880/182 368/881/182 366/882/182 362/883/182
f 369/884/183 365/885/183 363/886/183 367/887/183
f 370/888/6 371/889/6 373/890/6 372/891/6
f 372/892/180 373/893/180 377/894/180 376/895/180
f 376/896/4 377/897/4 375/898/4 374/899/4
f 374/900/181 375/901/181 371/902/181 370/903/181
f 372/904/182 376/905/182 374/906/182 370/907/182
f 377/908/183 373/909/183 371/910/183 375/911/183
f 378/912/6 379/913/6 381/914/6 380/915/6
f 380/916/180 381/917/180 385/918/180 384/919/180
f 384/920/4 385/921/4 383/922/4 382/923/4
f 382/924/181 383/925/181 379/926/181 378/927/181
f 380/928/182 384/929/182 382/930/182 378/931/182
f 385/932/183 381/933/183 379/934/183 383/935/183
f 386/936/6 387/937/6 389/938/6 388/939/6
f 388/940/180 389/941/180 393/942/180 392/943/180
f 392/944/4 393/945/4 391/946/4 390/947/4
f 390/948/181 391/949/181 387/950/181 386/951/181
f 388/952/182 392/953/182 390/954/182 386/955/182
f 393/956/183 389/957/183 387/958/183 391/959/183
f 394/960/6 395/961/6 397/962/6 396/963/6
f 396/964/180 397/965/180 401/966/180 400/967/180
f 400/968/4 401/969/4 399/970/4 398/971/4
f 398/972/181 399/973/181 395/974/181 394/975/181
f 396/976/182 400/977/182 398/978/182 394/979/182
f 401/980/183 397/981/183 395/982/183 399/983/183
f 724/984/184 725/985/185 728/986/186 727/987/187
f 725/985/185 726/988/188 729/989/189 728/986/186
f 727/987/187 728/986/186 731/990/190 730/991/191
f 728/986/186 729/989/189 732/992/192 731/990/190
f 411/993/193 492/994/194 724/984/184 493/995/195
f 492/994/194 491/996/196 725/985/185 724/984/184
f 491/996/196 490/997/197 726/988/188 725/985/185
f 490/997/197 407/998/198 484/999/199 726/988/188
f 726/988/188 484/999/199 485/1000/200 729/989/189
f 729/989/189 485/1000/200 486/1001/201 732/992/192
f 732/992/192 486/1001/201 403/1002/202 462/1003/203
f 731/990/190 732/992/192 462/1003/203 461/1004/204
f 730/991/191 731/990/190 461/1004/204 460/1005/205
f 495/1006/206 730/991/191 460/1005/205 410/1007/207
f 494/1008/208 727/987/187 730/991/191 495/1006/206
f 493/995/195 724/984/184 727/987/187 494/1008/208
f 733/1009/209 734/1010/210 737/1011/211 736/1012/212
f 734/1010/210 735/1013/213 738/1014/214 737/1011/211
f 736/1012/212 737/1011/211 740/1015/215 739/1016/216
f 737/1011/211 738/1014/214 741/1017/217 740/1015/215
f 404/1018/218 468/1019/219 733/1009/209 457/1020/220
f 468/1019/219 467/1021/221 734/1010/210 733/1009/209
f 467/1021/221 466/1022/222 735/1013/213 734/1010/210
f 466/1022/222 408/1023/223 474/1024/224 735/1013/213
f 735/1013/213 474/1024/224 473/1025/225 738/1014/214
f 738/1014/214 473/1025/225 472/1026/226 741/1017/217
f 741/1017/217 472/1026/226 406/1027/227 483/1028/228
f 740/1015/215 741/1017/217 483/1028/228 482/1029/229
f 739/1016/216 740/1015/215 482/1029/229 481/1030/230
f 459/1031/231 739/1016/216 481/1030/230 402/1032/232
f 458/1033/233 736/1012/212 739/1016/216 459/1031/231
f 457/1020/220 733/1009/209 736/1012/212 458/1033/233
f 742/1034/234 743/1035/235 746/1036/236 745/1037/237
f 743/1035/235 744/1038/238 747/1039/239 746/1036/236
f 745/1037/237 746/1036/236 749/1040/240 748/1041/241
f 746/1036/236 747/1039/239 750/1042/242 749/1040/240
f 409/1043/243 471/1044/244 742/1045/234 475/1046/245
f 471/1044/244 470/1047/246 743/1048/235 742/1045/234
f 470/1047/246 469/1049/247 744/1050/238 743/1048/235
f 469/1049/247 405/1051/248 465/1052/249 744/1050/238
f 744/1050/238 465/1052/249 464/1053/250 747/1054/239
f 747/1039/239 464/1055/250 463/1056/251 750/1042/242
f 750/1057/242 463/1058/251 403/1002/202 486/1001/201
f 749/1059/240 750/1057/242 486/1001/201 485/1000/200
f 748/1060/241 749/1059/240 485/1000/200 484/999/199
f 477/1061/252 748/1060/241 484/999/199 407/998/198
f 476/1062/253 745/1037/237 748/1041/241 477/1063/252
f 475/1064/245 742/1034/234 745/1037/237 476/1062/253
f 751/1065/254 752/1066/255 755/1067/256 754/1068/257
f 752/1066/255 753/1069/258 756/1070/259 755/1067/256
f 754/1068/257 755/1067/256 758/1071/260 757/1072/261
f 755/1067/256 756/1070/259 759/1073/262 758/1071/260
f 406/1074/227 480/1075/263 751/1065/254 483/1076/228
f 480/1075/263 479/1077/264 752/1066/255 751/1065/254
f 479/1077/264 478/1078/265 753/1069/258 752/1066/255
f 478/1078/265 411/993/193 493/995/195 753/1069/258
f 753/1069/258 493/995/195 494/1008/208 756/1070/259
f 756/1070/259 494/1008/208 495/1006/206 759/1073/262
f 759/1073/262 495/1006/206 410/1007/207 489/1079/266
f 758/1071/260 759/1073/262 489/1079/266 488/1080/267
f 757/1072/261 758/1071/260 488/1080/267 487/1081/268
f 481/1082/230 757/1072/261 487/1081/268 402/1083/232
f 482/1084/229 754/1068/257 757/1072/261 481/1082/230
f 483/1076/228 751/1065/254 754/1068/257 482/1084/229
f 760/1085/269 761/1086/270 764/1087/271 763/1088/272
f 761/1086/270 762/1089/273 765/1090/274 764/1087/271
f 763/1091/272 764/1092/271 767/1093/275 766/1094/276
f 764/1087/271 765/1090/274 768/1095/277 767/1096/275
f 413/1097/278 498/1098/279 760/1099/269 501/1100/280
f 498/1101/279 497/1102/281 761/1086/270 760/1085/269
f 497/1102/281 496/1103/282 762/1089/273 761/1086/270
f 496/1104/282 412/1105/283 505/1106/284 762/1107/273
f 762/1107/273 505/1106/284 506/1108/285 765/1109/274
f 765/1109/274 506/1108/285 507/1110/286 768/1111/277
f 768/1111/277 507/1110/286 415/1112/287 502/1113/288
f 767/1114/275 768/1115/277 502/1116/288 503/1117/289
f 766/1118/276 767/1114/275 503/1117/289 504/1119/290
f 499/1120/291 766/1094/276 504/1121/290 414/1122/292
f 500/1123/293 763/1091/272 766/1094/276 499/1120/291
f 501/1100/280 760/1099/269 763/1091/272 500/1123/293
f 769/1124/294 770/1125/295 773/1126/296 772/1127/297
f 770/1125/295 771/1128/298 774/1129/299 773/1126/296
f 772/1127/297 773/1126/296 776/1130/300 775/1131/301
f 773/1126/296 774/1129/299 777/1132/302 776/1130/300
f 408/1023/223 466/1022/222 769/1124/294 508/1133/303
f 466/1022/222 467/1021/221 770/1125/295 769/1124/294
f 467/1021/221 468/1019/219 771/1128/298 770/1125/295
f 468/1019/219 404/1018/218 511/1134/304 771/1128/298
f 771/1128/298 511/1134/304 512/1135/305 774/1129/299
f 774/1129/299 512/1135/305 513/1136/306 777/1132/302
f 777/1132/302 513/1136/306 413/1097/278 501/1100/280
f 776/1130/300 777/1132/302 501/1100/280 500/1123/293
f 775/1131/301 776/1130/300 500/1123/293 499/1120/291
f 510/1137/307 775/1131/301 499/1120/291 414/1122/292
f 509/1138/308 772/1127/297 775/1131/301 510/1137/307
f 508/1133/303 769/1124/294 772/1127/297 509/1138/308
f 778/1139/309 779/1140/310 782/1141/311 781/1142/312
f 779/1140/310 780/1143/313 783/1144/314 782/1141/311
f 781/1142/312 782/1141/311 785/1145/315 784/1146/316
f 782/1141/311 783/1144/314 786/1147/317 785/1145/315
f 416/1148/318 517/1149/319 778/1139/309 516/1150/320
f 517/1149/319 518/1151/321 779/1140/310 778/1139/309
f 518/1152/321 519/1153/322 780/1154/313 779/1155/310
f 519/1153/322 417/1156/323 520/1157/324 780/1154/313
f 780/1154/313 520/1157/324 521/1158/325 783/1159/314
f 783/1160/314 521/1161/325 522/1162/326 786/1163/317
f 786/1163/317 522/1162/326 418/1164/327 523/1165/328
f 785/1166/315 786/1163/317 523/1165/328 524/1167/329
f 784/1168/316 785/1166/315 524/1167/329 525/1169/330
f 514/1170/331 784/1168/316 525/1169/330 419/1171/332
f 515/1172/333 781/1142/312 784/1146/316 514/1173/331
f 516/1150/320 778/1139/309 781/1142/312 515/1172/333
f 787/1174/334 788/1175/335 791/1176/336 790/1177/337
f 788/1175/335 789/1178/338 792/1179/339 791/1176/336
f 790/1177/337 791/1176/336 794/1180/340 793/1181/341
f 791/1176/336 792/1179/339 795/1182/342 794/1180/340
f 420/1183/343 529/1184/344 787/1185/334 528/1186/345
f 529/1184/344 530/1187/346 788/1188/335 787/1185/334
f 530/1189/346 531/1190/347 789/1191/338 788/1192/335
f 531/1190/347 421/1193/348 532/1194/349 789/1191/338
f 789/1178/338 532/1195/349 533/1196/350 792/1179/339
f 792/1179/339 533/1196/350 534/1197/351 795/1182/342
f 795/1182/342 534/1197/351 422/1198/352 535/1199/353
f 794/1180/340 795/1182/342 535/1199/353 536/1200/354
f 793/1181/341 794/1180/340 536/1200/354 537/1201/355
f 526/1202/356 793/1181/341 537/1201/355 423/1203/357
f 527/1204/358 790/1177/337 793/1181/341 526/1202/356
f 528/1186/345 787/1185/334 790/1205/337 527/1206/358
f 796/1207/359 797/1208/360 800/1209/361 799/1210/362
f 797/1208/360 798/1211/363 801/1212/364 800/1209/361
f 799/1213/362 800/1214/361 803/1215/365 802/1216/366
f 800/1214/361 801/1217/364 804/1218/367 803/1215/365
f 416/1148/318 538/1219/368 796/1207/359 517/1149/319
f 538/1219/368 539/1220/369 797/1208/360 796/1207/359
f 539/1220/369 540/1221/370 798/1211/363 797/1208/360
f 540/1221/370 421/1193/348 531/1190/347 798/1211/363
f 798/1211/363 531/1190/347 530/1189/346 801/1212/364
f 801/1217/364 530/1187/346 529/1184/344 804/1218/367
f 804/1218/367 529/1184/344 420/1183/343 541/1222/371
f 803/1215/365 804/1218/367 541/1222/371 542/1223/372
f 802/1216/366 803/1215/365 542/1223/372 543/1224/373
f 519/1153/322 802/1216/366 543/1224/373 417/1156/323
f 518/1152/321 799/1213/362 802/1216/366 519/1153/322
f 517/1149/319 796/1207/359 799/1210/362 518/1151/321
f 806/1225/374 807/1226/375 805/1227/376 815/1228/377
f 808/1229/378 809/1230/379 805/1231/376 807/1232/375
f 810/1233/380 811/1234/381 805/1235/376 809/1236/379
f 812/1237/382 813/1238/383 805/1239/376 811/1240/381
f 814/1241/384 815/1228/377 805/1227/376 813/1242/383
f 404/1018/218 544/1243/385 806/1225/374 511/1134/304
f 544/1243/385 545/1244/386 807/1226/375 806/1225/374
f 511/1134/304 806/1225/374 815/1228/377 512/1135/305
f 418/1164/327 522/1162/326 808/1229/378 546/1245/387
f 522/1162/326 521/1161/325 809/1230/379 808/1229/378
f 546/1245/387 808/1229/378 807/1232/375 545/1246/386
f 417/1156/323 547/1247/388 810/1233/380 520/1157/324
f 547/1247/388 548/1248/389 811/1234/381 810/1233/380
f 520/1157/324 810/1233/380 809/1236/379 521/1158/325
f 412/1105/283 496/1104/282 812/1249/382 549/1250/390
f 496/1103/282 497/1102/281 813/1238/383 812/1237/382
f 549/1250/390 812/1249/382 811/1234/381 548/1248/389
f 413/1097/278 513/1136/306 814/1241/384 498/1098/279
f 513/1136/306 512/1135/305 815/1228/377 814/1241/384
f 498/1101/279 814/1251/384 813/1238/383 497/1102/281
f 817/1252/391 818/1253/392 816/1254/393 826/1255/394
f 819/1256/395 820/1257/396 816/1254/393 818/1253/392
f 821/1258/397 822/1259/398 816/1254/393 820/1257/396
f 823/1260/399 824/1261/400 816/1254/393 822/1259/398
f 825/1262/401 826/1263/394 816/1264/393 824/1265/400
f 402/1032/232 487/1266/268 817/1267/391 459/1031/231
f 487/1081/268 488/1080/267 818/1268/392 817/1269/391
f 459/1031/231 817/1267/391 826/1263/394 458/1033/233
f 410/1007/207 550/1270/402 819/1271/395 489/1079/266
f 550/1272/402 551/1273/403 820/1257/396 819/1256/395
f 489/1079/266 819/1271/395 818/1268/392 488/1080/267
f 419/1171/332 525/1169/330 821/1258/397 552/1274/404
f 525/1169/330 524/1167/329 822/1259/398 821/1258/397
f 552/1274/404 821/1258/397 820/1257/396 551/1273/403
f 418/1164/327 546/1245/387 823/1260/399 523/1165/328
f 546/1245/387 545/1246/386 824/1261/400 823/1260/399
f 523/1165/328 823/1260/399 822/1259/398 524/1167/329
f 404/1018/218 457/1020/220 825/1262/401 544/1243/385
f 457/1020/220 458/1033/233 826/1263/394 825/1262/401
f 544/1243/385 825/1262/401 824/1265/400 545/1244/386
f 827/1275/405 828/1276/406 831/1277/407 830/1278/408
f 828/1276/406 829/1279/409 832/1280/410 831/1277/407
f 830/1278/408 831/1277/407 834/1281/411 833/1282/412
f 831/1277/407 832/1280/410 835/1283/413 834/1281/411
f 416/1148/318 553/1284/414 827/1275/405 538/1219/368
f 553/1284/414 554/1285/415 828/1276/406 827/1275/405
f 554/1285/415 555/1286/416 829/1279/409 828/1276/406
f 555/1286/416 405/1051/248 469/1049/247 829/1279/409
f 829/1279/409 469/1049/247 470/1047/246 832/1280/410
f 832/1280/410 470/1047/246 471/1044/244 835/1283/413
f 835/1283/413 471/1044/244 409/1043/243 556/1287/417
f 834/1281/411 835/1283/413 556/1287/417 557/1288/418
f 833/1282/412 834/1281/411 557/1288/418 558/1289/419
f 540/1221/370 833/1282/412 558/1289/419 421/1193/348
f 539/1220/369 830/1278/408 833/1282/412 540/1221/370
f 538/1219/368 827/1275/405 830/1278/408 539/1220/369
f 836/1290/420 837/1291/421 840/1292/422 839/1293/423
f 837/1291/421 838/1294/424 841/1295/425 840/1292/422
f 839/1293/423 840/1292/422 843/1296/426 842/1297/427
f 840/1292/422 841/1295/425 844/1298/428 843/1296/426
f 417/1156/323 543/1224/373 836/1290/420 547/1247/388
f 543/1224/373 542/1223/372 837/1291/421 836/1290/420
f 542/1223/372 541/1222/371 838/1294/424 837/1291/421
f 541/1222/371 420/1183/343 559/1299/429 838/1294/424
f 838/1294/424 559/1299/429 560/1300/430 841/1295/425
f 841/1295/425 560/1300/430 561/1301/431 844/1298/428
f 844/1298/428 561/1301/431 415/1112/287 507/1110/286
f 843/1296/426 844/1298/428 507/1110/286 506/1108/285
f 842/1297/427 843/1296/426 506/1108/285 505/1106/284
f 549/1250/390 842/1297/427 505/1106/284 412/1105/283
f 548/1248/389 839/1293/423 842/1297/427 549/1250/390
f 547/1247/388 836/1290/420 839/1293/423 548/1248/389
f 846/1302/432 847/1303/433 845/1304/434 855/1305/435
f 848/1306/436 849/1307/437 845/1304/434 847/1303/433
f 850/1308/438 851/1309/439 845/1310/434 849/1311/437
f 852/1312/440 853/1313/441 845/1310/434 851/1309/439
f 854/1314/442 855/1305/435 845/1304/434 853/1315/441
f 410/1007/207 460/1005/205 846/1316/432 550/1270/402
f 460/1005/205 461/1004/204 847/1317/433 846/1316/432
f 550/1272/402 846/1302/432 855/1305/435 551/1273/403
f 403/1318/202 463/1319/251 848/1306/436 462/1320/203
f 463/1319/251 464/1321/250 849/1307/437 848/1306/436
f 462/1003/203 848/1322/436 847/1317/433 461/1004/204
f 405/1051/248 555/1286/416 850/1308/438 465/1052/249
f 555/1286/416 554/1285/415 851/1309/439 850/1308/438
f 465/1052/249 850/1308/438 849/1311/437 464/1053/250
f 416/1148/318 516/1150/320 852/1312/440 553/1284/414
f 516/1150/320 515/1172/333 853/1313/441 852/1312/440
f 553/1284/414 852/1312/440 851/1309/439 554/1285/415
f 419/1171/332 552/1274/404 854/1314/442 514/1170/331
f 552/1274/404 551/1273/403 855/1305/435 854/1314/442
f 514/1173/331 854/1323/442 853/1313/441 515/1172/333
f 857/1324/443 858/1325/444 856/1326/445 866/1327/446
f 859/1328/447 860/1329/448 856/1326/445 858/1325/444
f 861/1330/449 862/1331/450 856/1332/445 860/1333/448
f 863/1334/451 864/1335/452 856/1326/445 862/1336/450
f 865/1337/453 866/1327/446 856/1326/445 864/1335/452
f 420/1183/343 528/1186/345 857/1338/443 559/1299/429
f 528/1186/345 527/1206/358 858/1339/444 857/1338/443
f 559/1299/429 857/1338/443 866/1340/446 560/1300/430
f 423/1203/357 562/1341/454 859/1328/447 526/1202/356
f 562/1341/454 563/1342/455 860/1329/448 859/1328/447
f 526/1202/356 859/1328/447 858/1325/444 527/1204/358
f 408/1023/223 508/1133/303 861/1330/449 564/1343/456
f 508/1133/303 509/1138/308 862/1331/450 861/1330/449
f 564/1343/456 861/1330/449 860/1333/448 563/1344/455
f 414/1122/292 504/1121/290 863/1345/451 510/1137/307
f 504/1119/290 503/1117/289 864/1335/452 863/1334/451
f 510/1137/307 863/1345/451 862/1331/450 509/1138/308
f 415/1112/287 561/1301/431 865/1346/453 502/1113/288
f 561/1301/431 560/1300/430 866/1340/446 865/1346/453
f 502/1116/288 865/1337/453 864/1335/452 503/1117/289
f 868/1347/457 869/1348/458 867/1349/459 877/1350/460
f 870/1351/461 871/1352/462 867/1353/459 869/1354/458
f 872/1355/463 873/1356/464 867/1353/459 871/1352/462
f 874/1357/465 875/1358/466 867/1359/459 873/1360/464
f 876/1361/467 877/1362/460 867/1359/459 875/1358/466
f 422/1198/352 534/1197/351 868/1363/457 567/1364/468
f 534/1197/351 533/1196/350 869/1354/458 868/1363/457
f 567/1365/468 868/1366/457 877/1362/460 566/1367/469
f 421/1193/348 558/1289/419 870/1368/461 532/1194/349
f 558/1369/419 557/1370/418 871/1352/462 870/1351/461
f 532/1195/349 870/1351/461 869/1354/458 533/1196/350
f 409/1371/243 475/1372/245 872/1355/463 556/1373/417
f 475/1372/245 476/1374/253 873/1356/464 872/1355/463
f 556/1373/417 872/1355/463 871/1352/462 557/1370/418
f 407/998/198 490/997/197 874/1357/465 477/1061/252
f 490/997/197 491/996/196 875/1358/466 874/1357/465
f 477/1061/252 874/1357/465 873/1360/464 476/1375/253
f 411/993/193 565/1376/470 876/1361/467 492/994/194
f 565/1376/470 566/1367/469 877/1362/460 876/1361/467
f 492/994/194 876/1361/467 875/1358/466 491/996/196
f 879/1377/471 880/1378/472 878/1379/473 888/1380/474
f 881/1381/475 882/1382/476 878/1383/473 880/1384/472
f 883/1385/477 884/1386/478 878/1383/473 882/1382/476
f 885/1387/479 886/1388/480 878/1383/473 884/1386/478
f 887/1389/481 888/1390/474 878/1383/473 886/1388/480
f 408/1023/223 564/1343/456 879/1377/471 474/1024/224
f 564/1343/456 563/1344/455 880/1378/472 879/1377/471
f 474/1024/224 879/1377/471 888/1380/474 473/1025/225
f 423/1203/357 537/1201/355 881/1391/475 562/1341/454
f 537/1201/355 536/1200/354 882/1392/476 881/1391/475
f 562/1393/454 881/1394/475 880/1378/472 563/1344/455
f 422/1198/352 567/1364/468 883/1395/477 535/1199/353
f 567/1365/468 566/1367/469 884/1386/478 883/1385/477
f 535/1199/353 883/1395/477 882/1392/476 536/1200/354
f 411/993/193 478/1078/265 885/1387/479 565/1376/470
f 478/1078/265 479/1077/264 886/1388/480 885/1387/479
f 565/1376/470 885/1387/479 884/1386/478 566/1367/469
f 406/1074/227 472/1396/226 887/1389/481 480/1075/263
f 472/1026/226 473/1025/225 888/1380/474 887/1397/481
f 480/1075/263 887/1389/481 886/1388/480 479/1077/264
f 889/1398/482 890/1399/482 893/1400/483 892/1401/483
f 890/1399/482 891/1402/482 894/1403/483 893/1400/483
f 892/1401/483 893/1400/483 896/1404/484 895/1405/484
f 893/1400/483 894/1403/483 897/1406/484 896/1404/484
f 424/1407/5 574/1408/5 889/1398/482 568/1409/482
f 574/1408/5 575/1410/5 890/1399/482 889/1398/482
f 575/1410/5 576/1411/5 891/1402/482 890/1399/482
f 576/1411/5 425/1412/5 573/1413/482 891/1402/482
f 891/1402/482 573/1413/482 572/1414/483 894/1403/483
f 894/1403/483 572/1414/483 571/1415/484 897/1406/484
f 897/1406/484 571/1415/484 427/1416/485 577/1417/485
f 896/1404/484 897/1406/484 577/1417/485 578/1418/485
f 895/1405/484 896/1404/484 578/1418/485 579/1419/485
f 570/1420/484 895/1405/484 579/1419/485 426/1421/485
f 569/1422/483 892/1401/483 895/1405/484 570/1420/484
f 568/1409/482 889/1398/482 892/1401/483 569/1422/483
f 898/1423/486 899/1424/486 902/1425/487 901/1426/487
f 899/1424/486 900/1427/486 903/1428/487 902/1425/487
f 901/1426/487 902/1425/487 905/1429/488 904/1430/488
f 902/1425/487 903/1428/487 906/1431/488 905/1429/488
f 426/1432/485 579/1433/485 898/1423/486 580/1434/486
f 579/1433/485 578/1435/485 899/1424/486 898/1423/486
f 578/1435/485 577/1436/485 900/1427/486 899/1424/486
f 577/1436/485 427/1437/485 585/1438/486 900/1427/486
f 900/1427/486 585/1438/486 584/1439/487 903/1428/487
f 903/1428/487 584/1439/487 583/1440/488 906/1431/488
f 906/1431/488 583/1440/488 429/1441/4 586/1442/4
f 905/1429/488 906/1431/488 586/1442/4 587/1443/4
f 904/1430/488 905/1429/488 587/1443/4 588/1444/4
f 582/1445/488 904/1430/488 588/1444/4 428/1446/4
f 581/1447/487 901/1426/487 904/1430/488 582/1445/488
f 580/1434/486 898/1423/486 901/1426/487 581/1447/487
f 907/1448/489 908/1449/489 911/1450/490 910/1451/490
f 908/1449/489 909/1452/489 912/1453/490 911/1450/490
f 910/1451/490 911/1450/490 914/1454/491 913/1455/491
f 911/1450/490 912/1453/490 915/1456/491 914/1454/491
f 428/1446/4 588/1444/4 907/1448/489 589/1457/489
f 588/1444/4 587/1443/4 908/1449/489 907/1448/489
f 587/1443/4 586/1442/4 909/1452/489 908/1449/489
f 586/1442/4 429/1441/4 594/1458/489 909/1452/489
f 909/1452/489 594/1458/489 593/1459/490 912/1453/490
f 912/1453/490 593/1459/490 592/1460/491 915/1456/491
f 915/1456/491 592/1460/491 431/1461/492 595/1462/492
f 914/1454/491 915/1456/491 595/1462/492 596/1463/492
f 913/1455/491 914/1454/491 596/1463/492 597/1464/492
f 591/1465/491 913/1455/491 597/1464/492 430/1466/492
f 590/1467/490 910/1451/490 913/1455/491 591/1465/491
f 589/1457/489 907/1448/489 910/1451/490 590/1467/490
f 916/1468/493 917/1469/493 920/1470/494 919/1471/494
f 917/1469/493 918/1472/493 921/1473/494 920/1470/494
f 919/1471/494 920/1470/494 923/1474/495 922/1475/495
f 920/1470/494 921/1473/494 924/1476/495 923/1474/495
f 430/1466/492 597/1464/492 916/1477/493 598/1478/493
f 597/1464/492 596/1463/492 917/1479/493 916/1477/493
f 596/1463/492 595/1462/492 918/1480/493 917/1479/493
f 595/1462/492 431/1461/492 603/1481/493 918/1480/493
f 918/1472/493 603/1482/493 602/1483/494 921/1473/494
f 921/1473/494 602/1483/494 601/1484/495 924/1476/495
f 924/1476/495 601/1484/495 433/1485/2 604/1486/2
f 923/1474/495 924/1476/495 604/1486/2 605/1487/2
f 922/1475/495 923/1474/495 605/1487/2 606/1488/2
f 600/1489/495 922/1475/495 606/1488/2 432/1490/2
f 599/1491/494 919/1471/494 922/1475/495 600/1489/495
f 598/1492/493 916/1468/493 919/1471/494 599/1491/494
f 925/1493/496 926/1494/496 929/1495/497 928/1496/497
f 926/1494/496 927/1497/496 930/1498/497 929/1495/497
f 928/1496/497 929/1495/497 932/1499/498 931/1500/498
f 929/1495/497 930/1498/497 933/1501/498 932/1499/498
f 432/1490/2 606/1488/2 925/1493/496 607/1502/496
f 606/1488/2 605/1487/2 926/1494/496 925/1493/496
f 605/1487/2 604/1486/2 927/1497/496 926/1494/496
f 604/1486/2 433/1485/2 612/1503/496 927/1497/496
f 927/1497/496 612/1503/496 611/1504/497 930/1498/497
f 930/1498/497 611/1504/497 610/1505/498 933/1501/498
f 933/1501/498 610/1505/498 435/1506/499 613/1507/499
f 932/1499/498 933/1501/498 613/1507/499 614/1508/499
f 931/1500/498 932/1499/498 614/1508/499 615/1509/499
f 609/1510/498 931/1500/498 615/1509/499 434/1511/499
f 608/1512/497 928/1496/497 931/1500/498 609/1510/498
f 607/1502/496 925/1493/496 928/1496/497 608/1512/497
f 934/1513/500 935/1514/500 938/1515/501 937/1516/501
f 935/1514/500 936/1517/500 939/1518/501 938/1515/501
f 937/1516/501 938/1515/501 941/1519/502 940/1520/502
f 938/1515/501 939/1518/501 942/1521/502 941/1519/502
f 434/1511/499 615/1509/499 934/1522/500 616/1523/500
f 615/1509/499 614/1508/499 935/1524/500 934/1522/500
f 614/1508/499 613/1507/499 936/1525/500 935/1524/500
f 613/1507/499 435/1506/499 621/1526/500 936/1525/500
f 936/1517/500 621/1527/500 620/1528/501 939/1518/501
f 939/1518/501 620/1528/501 619/1529/502 942/1521/502
f 942/1521/502 619/1529/502 437/1530/6 622/1531/6
f 941/1519/502 942/1521/502 622/1531/6 623/1532/6
f 940/1520/502 941/1519/502 623/1532/6 624/1533/6
f 618/1534/502 940/1520/502 624/1533/6 436/1535/6
f 617/1536/501 937/1516/501 940/1520/502 618/1534/502
f 616/1537/500 934/1513/500 937/1516/501 617/1536/501
f 943/1538/503 944/1539/503 947/1540/504 946/1541/504
f 944/1539/503 945/1542/503 948/1543/504 947/1540/504
f 946/1541/504 947/1540/504 950/1544/505 949/1545/505
f 947/1540/504 948/1543/504 951/1546/505 950/1544/505
f 436/1535/6 624/1533/6 943/1538/503 625/1547/503
f 624/1533/6 623/1532/6 944/1539/503 943/1538/503
f 623/1532/6 622/1531/6 945/1542/503 944/1539/503
f 622/1531/6 437/1530/6 630/1548/503 945/1542/503
f 945/1542/503 630/1548/503 629/1549/504 948/1543/504
f 948/1543/504 629/1549/504 628/1550/505 951/1546/505
f 951/1546/505 628/1550/505 439/1551/506 631/1552/506
f 950/1544/505 951/1546/505 631/1552/506 632/1553/506
f 949/1545/505 950/1544/505 632/1553/506 633/1554/506
f 627/1555/505 949/1545/505 633/1554/506 438/1556/506
f 626/1557/504 946/1541/504 949/1545/505 627/1555/505
f 625/1547/503 943/1538/503 946/1541/504 626/1557/504
f 952/1558/507 953/1559/507 956/1560/508 955/1561/508
f 953/1559/507 954/1562/507 957/1563/508 956/1560/508
f 955/1561/508 956/1560/508 959/1564/509 958/1565/509
f 956/1560/508 957/1563/508 960/1566/509 959/1564/509
f 438/1567/506 633/1568/506 952/1558/507 634/1569/507
f 633/1568/506 632/1570/506 953/1559/507 952/1558/507
f 632/1570/506 631/1571/506 954/1562/507 953/1559/507
f 631/1571/506 439/1572/506 639/1573/507 954/1562/507
f 954/1562/507 639/1573/507 638/1574/508 957/1563/508
f 957/1563/508 638/1574/508 637/1575/509 960/1566/509
f 960/1566/509 637/1575/509 425/1412/5 576/1411/5
f 959/1564/509 960/1566/509 576/1411/5 575/1410/5
f 958/1565/509 959/1564/509 575/1410/5 574/1408/5
f 636/1576/509 958/1565/509 574/1408/5 424/1407/5
f 635/1577/508 955/1561/508 958/1565/509 636/1576/509
f 634/1569/507 952/1558/507 955/1561/508 635/1577/508
f 961/1578/510 962/1579/511 965/1580/512 964/1581/513
f 962/1579/511 963/1582/514 966/1583/515 965/1580/512
f 964/1581/513 965/1580/512 968/1584/516 967/1585/517
f 965/1580/512 966/1583/515 969/1586/518 968/1584/516
f 440/1587/519 646/1588/520 961/1589/510 640/1590/521
f 646/1588/520 647/1591/522 962/1592/511 961/1589/510
f 647/1591/522 648/1593/523 963/1594/514 962/1592/511
f 648/1595/523 441/1596/524 645/1597/525 963/1598/514
f 963/1599/514 645/1600/525 644/1601/526 966/1602/515
f 966/1583/515 644/1603/526 643/1604/527 969/1586/518
f 969/1605/518 643/1606/527 443/1607/528 649/1608/529
f 968/1584/516 969/1586/518 649/1609/529 650/1610/530
f 967/1585/517 968/1584/516 650/1610/530 651/1611/531
f 642/1612/532 967/1585/517 651/1611/531 442/1613/533
f 641/1614/534 964/1581/513 967/1585/517 642/1612/532
f 640/1615/521 961/1578/510 964/1581/513 641/1614/534
f 970/1616/535 971/1617/536 974/1618/537 973/1619/538
f 971/1617/536 972/1620/539 975/1621/540 974/1618/537
f 973/1619/538 974/1618/537 977/1622/541 976/1623/542
f 974/1618/537 975/1621/540 978/1624/543 977/1622/541
f 442/1625/533 651/1626/531 970/1616/535 652/1627/544
f 651/1626/531 650/1628/530 971/1617/536 970/1616/535
f 650/1628/530 649/1608/529 972/1620/539 971/1617/536
f 649/1608/529 443/1607/528 657/1629/545 972/1620/539
f 972/1620/539 657/1629/545 656/1630/546 975/1621/540
f 975/1621/540 656/1630/546 655/1631/547 978/1624/543
f 978/1632/543 655/1633/547 445/1634/548 658/1635/549
f 977/1636/541 978/1637/543 658/1638/549 659/1639/550
f 976/1640/542 977/1636/541 659/1639/550 660/1641/551
f 654/1642/552 976/1640/542 660/1641/551 444/1643/553
f 653/1644/554 973/1619/538 976/1623/542 654/1645/552
f 652/1627/544 970/1616/535 973/1619/538 653/1644/554
f 979/1646/555 980/1647/556 983/1648/557 982/1649/558
f 980/1647/556 981/1650/559 984/1651/560 983/1648/557
f 982/1649/558 983/1648/557 986/1652/561 985/1653/562
f 983/1648/557 984/1651/560 987/1654/563 986/1652/561
f 444/1643/553 660/1641/551 979/1655/555 661/1656/564
f 660/1641/551 659/1639/550 980/1657/556 979/1655/555
f 659/1639/550 658/1638/549 981/1658/559 980/1657/556
f 658/1635/549 445/1634/548 666/1659/565 981/1660/559
f 981/1661/559 666/1662/565 665/1663/566 984/1664/560
f 984/1664/560 665/1663/566 664/1665/567 987/1666/563
f 987/1666/563 664/1665/567 447/1667/568 667/1668/569
f 986/1669/561 987/1666/563 667/1668/569 668/1670/570
f 985/1671/562 986/1669/561 668/1670/570 669/1672/571
f 663/1673/572 985/1671/562 669/1672/571 446/1674/573
f 662/1675/574 982/1649/558 985/1653/562 663/1676/572
f 661/1677/564 979/1646/555 982/1649/558 662/1675/574
f 988/1678/575 989/1679/576 992/1680/577 991/1681/578
f 989/1679/576 990/1682/579 993/1683/580 992/1680/577
f 991/1681/578 992/1680/577 995/1684/581 994/1685/582
f 992/1680/577 993/1683/580 996/1686/583 995/1684/581
f 446/1674/573 669/1672/571 988/1678/575 670/1687/584
f 669/1672/571 668/1670/570 989/1679/576 988/1678/575
f 668/1670/570 667/1668/569 990/1682/579 989/1679/576
f 667/1668/569 447/1667/568 675/1688/585 990/1682/579
f 990/1682/579 675/1688/585 674/1689/586 993/1683/580
f 993/1683/580 674/1689/586 673/1690/587 996/1686/583
f 996/1691/583 673/1692/587 449/1693/588 676/1694/589
f 995/1695/581 996/1691/583 676/1694/589 677/1696/590
f 994/1697/582 995/1698/581 677/1699/590 678/1700/591
f 672/1701/592 994/1697/582 678/1700/591 448/1702/593
f 671/1703/594 991/1681/578 994/1685/582 672/1704/592
f 670/1687/584 988/1678/575 991/1681/578 671/1703/594
f 997/1705/595 998/1706/596 1001/1707/597 1000/1708/598
f 998/1706/596 999/1709/599 1002/1710/600 1001/1707/597
f 1000/1708/598 1001/1707/597 1004/1711/601 1003/1712/602
f 1001/1707/597 1002/1710/600 1005/1713/603 1004/1711/601
f 448/1702/593 678/1700/591 997/1714/595 679/1715/604
f 678/1700/591 677/1699/590 998/1716/596 997/1714/595
f 677/1699/590 676/1717/589 999/1718/599 998/1716/596
f 676/1694/589 449/1693/588 684/1719/605 999/1720/599
f 999/1721/599 684/1722/605 683/1723/606 1002/1724/600
f 1002/1724/600 683/1723/606 682/1725/607 1005/1726/603
f 1005/1726/603 682/1725/607 451/1727/608 685/1728/609
f 1004/1729/601 1005/1726/603 685/1728/609 686/1730/610
f 1003/1731/602 1004/1729/601 686/1730/610 687/1732/611
f 681/1733/612 1003/1731/602 687/1732/611 450/1734/613
f 680/1735/614 1000/1708/598 1003/1712/602 681/1736/612
f 679/1737/604 997/1705/595 1000/1708/598 680/1735/614
f 1006/1738/615 1007/1739/616 1010/1740/617 1009/1741/618
f 1007/1739/616 1008/1742/619 1011/1743/620 1010/1740/617
f 1009/1741/618 1010/1740/617 1013/1744/621 1012/1745/622
f 1010/1740/617 1011/1743/620 1014/1746/623 1013/1744/621
f 450/1734/613 687/1732/611 1006/1738/615 688/1747/624
f 687/1732/611 686/1730/610 1007/1739/616 1006/1738/615
f 686/1730/610 685/1728/609 1008/1742/619 1007/1739/616
f 685/1728/609 451/1727/608 693/1748/625 1008/1742/619
f 1008/1742/619 693/1748/625 692/1749/626 1011/1743/620
f 1011/1743/620 692/1749/626 691/1750/627 1014/1746/623
f 1014/1751/623 691/1752/627 453/1753/628 694/1754/629
f 1013/1755/621 1014/1756/623 694/1757/629 695/1758/630
f 1012/1759/622 1013/1755/621 695/1758/630 696/1760/631
f 690/1761/632 1012/1759/622 696/1760/631 452/1762/633
f 689/1763/634 1009/1741/618 1012/1745/622 690/1764/632
f 688/1747/624 1006/1738/615 1009/1741/618 689/1763/634
f 1015/1765/635 1016/1766/636 1019/1767/637 1018/1768/638
f 1016/1766/636 1017/1769/639 1020/1770/640 1019/1767/637
f 1018/1768/638 1019/1767/637 1022/1771/641 1021/1772/642
f 1019/1767/637 1020/1770/640 1023/1773/643 1022/1771/641
f 456/1774/8 717/1775/644 1015/1765/635 718/1776/645
f 717/1775/644 716/1777/646 1016/1766/636 1015/1765/635
f 716/1777/646 715/1778/647 1017/1769/639 1016/1766/636
f 715/1778/647 453/1753/628 691/1752/627 1017/1769/639
f 1017/1769/639 691/1752/627 692/1779/626 1020/1770/640
f 1020/1780/640 692/1749/626 693/1748/625 1023/1781/643
f 1023/1781/643 693/1748/625 451/1727/608 682/1725/607
f 1022/1782/641 1023/1781/643 682/1725/607 683/1723/606
f 1021/1772/642 1022/1771/641 683/1783/606 684/1719/605
f 720/1784/648 1021/1772/642 684/1719/605 449/1693/588
f 719/1785/649 1018/1768/638 1021/1772/642 720/1784/648
f 718/1776/645 1015/1765/635 1018/1768/638 719/1785/649
f 1024/1786/650 1025/1787/651 1028/1788/652 1027/1789/653
f 1025/1787/651 1026/1790/654 1029/1791/655 1028/1788/652
f 1027/1789/653 1028/1788/652 1031/1792/656 1030/1793/657
f 1028/1788/652 1029/1791/655 1032/1794/658 1031/1792/656
f 452/1762/633 696/1760/631 1024/1795/650 697/1796/659
f 696/1760/631 695/1758/630 1025/1797/651 1024/1795/650
f 695/1758/630 694/1757/629 1026/1798/654 1025/1797/651
f 694/1754/629 453/1753/628 702/1799/660 1026/1800/654
f 1026/1790/654 702/1801/660 701/1802/661 1029/1791/655
f 1029/1791/655 701/1802/661 700/1803/662 1032/1794/658
f 1032/1804/658 700/1805/662 455/1806/663 703/1807/664
f 1031/1808/656 1032/1804/658 703/1807/664 704/1809/665
f 1030/1810/657 1031/1808/656 704/1809/665 705/1811/666
f 699/1812/667 1030/1793/657 705/1813/666 454/1814/668
f 698/1815/669 1027/1789/653 1030/1793/657 699/1812/667
f 697/1816/659 1024/1786/650 1027/1789/653 698/1815/669
f 1033/1817/670 1034/1818/671 1037/1819/672 1036/1820/673
f 1034/1818/671 1035/1821/674 1038/1822/675 1037/1819/672
f 1036/1820/673 1037/1819/672 1040/1823/676 1039/1824/677
f 1037/1819/672 1038/1822/675 1041/1825/678 1040/1823/676
f 454/1826/668 705/1811/666 1033/1817/670 706/1827/679
f 705/1811/666 704/1809/665 1034/1818/671 1033/1817/670
f 704/1809/665 703/1807/664 1035/1821/674 1034/1818/671
f 703/1807/664 455/1806/663 711/1828/680 1035/1821/674
f 1035/1821/674 711/1828/680 710/1829/681 1038/1822/675
f 1038/1822/675 710/1829/681 709/1830/682 1041/1825/678
f 1041/1831/678 709/1832/682 441/1596/524 648/1595/523
f 1040/1833/676 1041/1677/678 648/1593/523 647/1591/522
f 1039/1834/677 1040/1833/676 647/1591/522 646/1588/520
f 708/1835/683 1039/1834/677 646/1588/520 440/1587/519
f 707/1836/684 1036/1820/673 1039/1824/677 708/1837/683
f 706/1827/679 1033/1817/670 1036/1820/673 707/1836/684
f 1043/1838/7 1044/1839/7 1042/1840/7 1058/1841/7
f 1045/1842/7 1046/1843/7 1042/1840/7 1044/1839/7
f 1047/1844/7 1048/1845/7 1042/1840/7 1046/1843/7
f 1049/1846/7 1050/1847/7 1042/1840/7 1048/1845/7
f 1051/1848/7 1052/1849/7 1042/1840/7 1050/1847/7
f 1053/1850/7 1054/1851/7 1042/1840/7 1052/1849/7
f 1055/1852/7 1056/1853/7 1042/1840/7 1054/1851/7
f 1057/1854/7 1058/1841/7 1042/1840/7 1056/1853/7
f 440/1855/519 640/1856/521 1043/1838/7 708/1857/683
f 640/1856/521 641/1858/534 1044/1839/7 1043/1838/7
f 708/1857/683 1043/1838/7 1058/1841/7 707/1859/684
f 442/1860/533 652/1861/544 1045/1842/7 642/1862/532
f 652/1861/544 653/1863/554 1046/1843/7 1045/1842/7
f 642/1862/532 1045/1842/7 1044/1839/7 641/1858/534
f 444/1864/553 661/1865/564 1047/1844/7 654/1866/552
f 661/1865/564 662/1867/574 1048/1845/7 1047/1844/7
f 654/1866/552 1047/1844/7 1046/1843/7 653/1863/554
f 446/1868/573 670/1869/584 1049/1846/7 663/1870/572
f 670/1869/584 671/1871/594 1050/1847/7 1049/1846/7
f 663/1870/572 1049/1846/7 1048/1845/7 662/1867/574
f 448/1872/593 679/1873/604 1051/1848/7 672/1874/592
f 679/1873/604 680/1875/614 1052/1849/7 1051/1848/7
f 672/1874/592 1051/1848/7 1050/1847/7 671/1871/594
f 450/1876/613 688/1877/624 1053/1850/7 681/1878/612
f 688/1877/624 689/1879/634 1054/1851/7 1053/1850/7
f 681/1878/612 1053/1850/7 1052/1849/7 680/1875/614
f 452/1880/633 697/1881/659 1055/1852/7 690/1882/632
f 697/1881/659 698/1883/669 1056/1853/7 1055/1852/7
f 690/1882/632 1055/1852/7 1054/1851/7 689/1879/634
f 454/1884/668 706/1885/679 1057/1854/7 699/1886/667
f 706/1885/679 707/1859/684 1058/1841/7 1057/1854/7
f 699/1886/667 1057/1854/7 1056/1853/7 698/1883/669
f 1059/1887/685 1060/1888/686 1063/1889/687 1062/1890/688
f 1060/1888/686 1061/1891/689 1064/1892/690 1063/1889/687
f 1062/1890/688 1063/1889/687 1066/1893/691 1065/1894/692
f 1063/1889/687 1064/1892/690 1067/1895/693 1066/1893/691
f 441/1596/524 709/1832/682 1059/1887/685 721/1896/694
f 709/1832/682 710/1897/681 1060/1888/686 1059/1887/685
f 710/1829/681 711/1828/680 1061/1898/689 1060/1899/686
f 711/1828/680 455/1806/663 700/1805/662 1061/1898/689
f 1061/1898/689 700/1805/662 701/1900/661 1064/1901/690
f 1064/1892/690 701/1902/661 702/1799/660 1067/1895/693
f 1067/1895/693 702/1799/660 453/1753/628 715/1778/647
f 1066/1893/691 1067/1895/693 715/1778/647 716/1777/646
f 1065/1894/692 1066/1893/691 716/1777/646 717/1775/644
f 723/1903/695 1065/1894/692 717/1775/644 456/1774/8
f 722/1904/696 1062/1890/688 1065/1894/692 723/1903/695
f 721/1896/694 1059/1887/685 1062/1890/688 722/1904/696
f 1068/1905/697 1069/1906/698 1072/1907/699 1071/1908/700
f 1069/1906/698 1070/1909/701 1073/1910/702 1072/1907/699
f 1071/1908/700 1072/1907/699 1075/1911/703 1074/1912/704
f 1072/1907/699 1073/1910/702 1076/1913/705 1075/1911/703
f 445/1634/548 714/1914/706 1068/1905/697 666/1659/565
f 714/1914/706 713/1915/707 1069/1906/698 1068/1905/697
f 713/1915/707 712/1916/708 1070/1909/701 1069/1906/698
f 712/1916/708 456/1774/8 718/1776/645 1070/1909/701
f 1070/1909/701 718/1776/645 719/1785/649 1073/1910/702
f 1073/1910/702 719/1785/649 720/1784/648 1076/1913/705
f 1076/1913/705 720/1784/648 449/1693/588 673/1692/587
f 1075/1911/703 1076/1913/705 673/1692/587 674/1917/586
f 1074/1918/704 1075/1919/703 674/1689/586 675/1688/585
f 664/1665/567 1074/1918/704 675/1688/585 447/1667/568
f 665/1663/566 1071/1920/700 1074/1918/704 664/1665/567
f 666/1659/565 1068/1905/697 1071/1908/700 665/1921/566
f 1077/1922/709 1078/1923/710 1081/1924/711 1080/1925/712
f 1078/1923/710 1079/1926/713 1082/1927/714 1081/1924/711
f 1080/1925/712 1081/1924/711 1084/1928/715 1083/1929/716
f 1081/1924/711 1082/1927/714 1085/1930/717 1084/1928/715
f 443/1607/528 643/1606/527 1077/1931/709 657/1629/545
f 643/1606/527 644/1932/526 1078/1933/710 1077/1931/709
f 644/1934/526 645/1597/525 1079/1926/713 1078/1923/710
f 645/1597/525 441/1596/524 721/1896/694 1079/1926/713
f 1079/1926/713 721/1896/694 722/1904/696 1082/1927/714
f 1082/1927/714 722/1904/696 723/1903/695 1085/1930/717
f 1085/1930/717 723/1903/695 456/1774/8 712/1916/708
f 1084/1928/715 1085/1930/717 712/1916/708 713/1915/707
f 1083/1929/716 1084/1928/715 713/1915/707 714/1914/706
f 655/1633/547 1083/1929/716 714/1914/706 445/1634/548
f 656/1935/546 1080/1925/712 1083/1929/716 655/1633/547
f 657/1629/545 1077/1931/709 1080/1936/712 656/1630/546
s 0
f 1086/1937/6 1087/1938/6 1089/1939/6 1088/1940/6
f 1088/1941/5 1089/1942/5 1094/1943/5 1095/1944/5
f 1093/1945/7 1091/1946/7 1101/1947/7 1098/1948/7
f 1096/1949/2 1097/1950/2 1087/1951/2 1086/1952/2
f 1088/1953/7 1095/1954/7 1096/1955/7 1086/1956/7
f 1094/1957/8 1089/1958/8 1087/1959/8 1097/1960/8
f 1093/1961/4 1092/1962/4 1095/1963/4 1094/1964/4
f 1092/1962/4 1090/1965/4 1096/1966/4 1095/1963/4
f 1091/1967/4 1093/1961/4 1094/1964/4 1097/1968/4
f 1090/1965/4 1091/1967/4 1097/1968/4 1096/1966/4
f 1092/1973/2 1093/1974/2 1098/1975/2 1099/1976/2
f 1091/1977/5 1090/1978/5 1100/1979/5 1101/1980/5
f 1090/1981/8 1092/1982/8 1099/1983/8 1100/1984/8
usemtl Assets_Cubicle_Cuadrito_MAT_TEX
f 1099/1969/4 1098/1970/4 1101/1971/4 1100/1972/4
