# Blender 4.5.0
# www.blender.org
mtllib Planter.mtl
g Plantt_2x1_Cube.006
v -0.305201 0.000000 0.610401
v -0.251766 0.321945 0.556966
v -0.305201 0.000000 -0.610401
v -0.251766 0.321945 -0.556966
v 0.305201 0.000000 -0.610401
v 0.251766 0.321945 -0.556966
v 0.305201 0.000000 0.610401
v 0.251766 0.321945 0.556966
v -0.305201 0.321945 0.610401
v -0.305201 0.321945 -0.610401
v 0.305201 0.321945 0.610401
v 0.305201 0.321945 -0.610401
v -0.251766 0.261357 0.556966
v -0.251766 0.261357 -0.556966
v 0.251766 0.261357 0.556966
v 0.251766 0.261357 -0.556966
v -0.041989 0.416959 -0.091060
v -0.024337 0.385368 -0.233468
v -0.099841 0.416959 -0.101790
v -0.065254 0.385368 -0.241057
v -0.016133 0.422812 -0.163962
v -0.097836 0.422812 -0.179114
v -0.100238 0.407102 -0.099652
v -0.042386 0.407102 -0.088923
v -0.016662 0.409670 -0.161112
v -0.024733 0.375512 -0.231331
v -0.065651 0.375512 -0.238919
v -0.098365 0.409670 -0.176264
v -0.106726 0.172782 -0.067369
v -0.088429 0.486418 -0.063976
v -0.094255 0.172782 -0.086568
v -0.083717 0.486418 -0.071231
v -0.071861 0.172782 -0.091325
v -0.075254 0.486418 -0.073029
v -0.052662 0.172782 -0.078854
v -0.067999 0.486418 -0.068316
v -0.047905 0.172782 -0.056460
v -0.066202 0.486418 -0.059854
v -0.060376 0.172782 -0.037262
v -0.070914 0.486418 -0.052599
v -0.082770 0.172782 -0.032504
v -0.079377 0.486418 -0.050801
v -0.101969 0.172782 -0.044975
v -0.086632 0.486418 -0.055514
v -0.093698 0.442589 -0.098345
v -0.228022 0.389876 -0.126058
v -0.108570 0.440957 -0.041440
v -0.238540 0.388721 -0.085810
v -0.164527 0.437381 -0.129546
v -0.185530 0.435076 -0.049181
v -0.105009 0.431536 -0.040780
v -0.090137 0.433168 -0.097684
v -0.159779 0.424819 -0.128666
v -0.224461 0.380454 -0.125397
v -0.234979 0.379300 -0.085150
v -0.180782 0.422514 -0.048300
v -0.028126 0.371789 -0.050801
v 0.101043 0.336075 -0.111044
v -0.047345 0.380687 -0.105695
v 0.087450 0.342369 -0.149870
v 0.048240 0.372634 -0.064400
v 0.021097 0.385201 -0.141927
v -0.050265 0.371040 -0.106237
v -0.031046 0.362142 -0.051342
v 0.044347 0.359771 -0.065122
v 0.098123 0.326428 -0.111586
v 0.084530 0.332722 -0.150412
v 0.017204 0.372338 -0.142649
v -0.092802 0.400278 -0.025095
v -0.021511 0.347565 0.092074
v -0.041030 0.398646 -0.053005
v 0.015106 0.346411 0.072334
v -0.067347 0.395070 0.047997
v 0.005769 0.392765 0.008580
v -0.042974 0.389225 -0.056060
v -0.094746 0.390857 -0.028150
v -0.069939 0.382508 0.043922
v -0.023455 0.338143 0.089018
v 0.013162 0.336989 0.069278
v 0.003177 0.380203 0.004506
v -0.118451 0.451837 -0.059257
v -0.177173 0.407172 0.067811
v -0.067088 0.454316 -0.030662
v -0.140845 0.408925 0.088036
v -0.166249 0.449890 0.001809
v -0.093710 0.453391 0.042193
v -0.065226 0.444719 -0.033175
v -0.116589 0.442240 -0.061770
v -0.163766 0.437094 -0.001542
v -0.175311 0.397575 0.065298
v -0.138983 0.399328 0.085523
v -0.091227 0.440595 0.038843
v -0.132962 0.393503 -0.416599
v -0.020133 0.367615 -0.383468
v -0.116626 0.393503 -0.461964
v -0.008579 0.367615 -0.415554
v -0.077430 0.398300 -0.386037
v -0.054358 0.398300 -0.450105
v -0.118302 0.385425 -0.462568
v -0.134638 0.385425 -0.417203
v -0.079665 0.387530 -0.386842
v -0.021809 0.359538 -0.384072
v -0.010255 0.359538 -0.416157
v -0.056593 0.387530 -0.450909
v -0.143550 0.174906 -0.472089
v -0.148717 0.450423 -0.457742
v -0.129675 0.174906 -0.459462
v -0.143474 0.450423 -0.452970
v -0.128793 0.174906 -0.440722
v -0.143140 0.450423 -0.445889
v -0.141420 0.174906 -0.426847
v -0.147912 0.450423 -0.440646
v -0.160160 0.174906 -0.425965
v -0.154994 0.450423 -0.440312
v -0.174035 0.174906 -0.438592
v -0.160237 0.450423 -0.445084
v -0.174918 0.174906 -0.457332
v -0.160570 0.450423 -0.452166
v -0.162290 0.174906 -0.471207
v -0.155798 0.450423 -0.457409
v -0.120225 0.414506 -0.457452
v -0.080028 0.371309 -0.562412
v -0.164275 0.413169 -0.477014
v -0.111184 0.370363 -0.576247
v -0.085614 0.410238 -0.510601
v -0.147825 0.408349 -0.538227
v -0.165280 0.405448 -0.474221
v -0.121230 0.406786 -0.454660
v -0.086954 0.399944 -0.506878
v -0.081034 0.363588 -0.559619
v -0.112189 0.362642 -0.573455
v -0.149166 0.398055 -0.534504
v -0.167356 0.356487 -0.410719
v -0.135739 0.327221 -0.298282
v -0.120418 0.363779 -0.418993
v -0.102541 0.332378 -0.304134
v -0.166470 0.357180 -0.347160
v -0.100179 0.367478 -0.358846
v -0.119593 0.355874 -0.421283
v -0.166532 0.348582 -0.413008
v -0.165370 0.346639 -0.350213
v -0.134915 0.319315 -0.300571
v -0.101716 0.324473 -0.306424
v -0.099080 0.356938 -0.361899
v -0.179582 0.379834 -0.466426
v -0.283776 0.336636 -0.424287
v -0.163865 0.378496 -0.420862
v -0.272660 0.335690 -0.392060
v -0.242061 0.375566 -0.455519
v -0.219866 0.373677 -0.391170
v -0.161137 0.370776 -0.422030
v -0.176853 0.372113 -0.467594
v -0.238423 0.365271 -0.457076
v -0.281047 0.328916 -0.425454
v -0.269932 0.327970 -0.393228
v -0.216228 0.363382 -0.392727
v -0.148558 0.422085 -0.482646
v -0.243544 0.385483 -0.546959
v -0.178484 0.424116 -0.444895
v -0.264710 0.386920 -0.520259
v -0.191614 0.420489 -0.529386
v -0.233878 0.423358 -0.476070
v -0.176698 0.416252 -0.443056
v -0.146772 0.414221 -0.480807
v -0.189233 0.410003 -0.526934
v -0.241758 0.377618 -0.545121
v -0.262924 0.379055 -0.518420
v -0.231497 0.412872 -0.473619
v 0.157515 0.460414 -0.326453
v 0.319761 0.424633 -0.336207
v 0.157515 0.460414 -0.393099
v 0.319761 0.424633 -0.383344
v 0.244046 0.467044 -0.312715
v 0.244046 0.467044 -0.406837
v 0.155053 0.449250 -0.393099
v 0.155053 0.449250 -0.326453
v 0.240763 0.452158 -0.312715
v 0.317298 0.413468 -0.336207
v 0.317298 0.413468 -0.383344
v 0.240763 0.452158 -0.406837
v 0.117760 0.197436 -0.393657
v 0.117760 0.539091 -0.372579
v 0.141717 0.197436 -0.383733
v 0.126813 0.539090 -0.368829
v 0.151640 0.197436 -0.359776
v 0.130563 0.539090 -0.359776
v 0.141717 0.197436 -0.335818
v 0.126813 0.539090 -0.350723
v 0.117760 0.197436 -0.325895
v 0.117760 0.539090 -0.346973
v 0.093802 0.197436 -0.335818
v 0.108706 0.539090 -0.350723
v 0.083879 0.197436 -0.359776
v 0.104956 0.539090 -0.359776
v 0.093802 0.197436 -0.383733
v 0.108706 0.539090 -0.368829
v 0.154948 0.489446 -0.385546
v 0.158067 0.429738 -0.540865
v 0.088502 0.487597 -0.390355
v 0.111071 0.428430 -0.544267
v 0.175067 0.483546 -0.470872
v 0.081227 0.480935 -0.477664
v 0.088502 0.476926 -0.386253
v 0.154948 0.478774 -0.381443
v 0.175067 0.469318 -0.465403
v 0.158067 0.419066 -0.536763
v 0.111071 0.417759 -0.540165
v 0.081227 0.466707 -0.472195
v 0.115542 0.409251 -0.302698
v 0.209315 0.368798 -0.171286
v 0.172708 0.419330 -0.335441
v 0.249747 0.375927 -0.194444
v 0.146461 0.410208 -0.220459
v 0.227195 0.424443 -0.266701
v 0.172708 0.408403 -0.338805
v 0.115542 0.398324 -0.306062
v 0.146461 0.395639 -0.224943
v 0.209315 0.357871 -0.174649
v 0.249747 0.365000 -0.197808
v 0.227195 0.409874 -0.271185
v 0.073554 0.441521 -0.369418
v -0.042211 0.381813 -0.265821
v 0.115331 0.439672 -0.317524
v -0.012663 0.380505 -0.229118
v -0.002590 0.435621 -0.325972
v 0.056411 0.433010 -0.252684
v 0.118333 0.429001 -0.320321
v 0.076556 0.430849 -0.372214
v 0.001412 0.421393 -0.329701
v -0.039210 0.371141 -0.268617
v -0.009662 0.369834 -0.231914
v 0.060413 0.418782 -0.256413
v 0.106303 0.499921 -0.405040
v -0.047341 0.449329 -0.444193
v 0.085065 0.502729 -0.341931
v -0.062362 0.451315 -0.399557
v 0.028422 0.497715 -0.445659
v -0.001571 0.501680 -0.356531
v 0.088249 0.491858 -0.340376
v 0.109486 0.489051 -0.403485
v 0.032666 0.483221 -0.443586
v -0.044158 0.438459 -0.442638
v -0.059179 0.440445 -0.398002
v 0.002673 0.487187 -0.354458
v -0.049946 0.464796 0.329173
v -0.085266 0.423575 0.145289
v -0.126078 0.464796 0.339104
v -0.139112 0.423575 0.152313
v -0.047147 0.472434 0.228279
v -0.154666 0.472434 0.242305
v -0.125711 0.451934 0.341917
v -0.049580 0.451934 0.331985
v -0.046658 0.455285 0.232029
v -0.084899 0.410713 0.148102
v -0.138745 0.410713 0.155126
v -0.154177 0.455285 0.246055
v -0.120791 0.279900 0.384601
v -0.096713 0.555431 0.381460
v -0.113025 0.279900 0.355755
v -0.093779 0.555431 0.370560
v -0.087137 0.279900 0.340849
v -0.083996 0.555431 0.364927
v -0.058291 0.279900 0.348615
v -0.073095 0.555431 0.367862
v -0.043385 0.279900 0.374504
v -0.067462 0.555431 0.377645
v -0.051150 0.279900 0.403350
v -0.070397 0.555431 0.388545
v -0.077039 0.279900 0.418256
v -0.080180 0.555431 0.394178
v -0.105885 0.279900 0.410490
v -0.091081 0.555431 0.391243
v -0.117067 0.498240 0.340912
v -0.294958 0.429456 0.360493
v -0.112659 0.496110 0.417531
v -0.291841 0.427950 0.414685
v -0.217536 0.491444 0.330643
v -0.211311 0.488436 0.438853
v -0.107973 0.483817 0.416920
v -0.112381 0.485947 0.340300
v -0.211288 0.475052 0.329828
v -0.290272 0.417163 0.359882
v -0.287154 0.415656 0.414074
v -0.205063 0.472044 0.438037
v -0.016556 0.405855 0.373580
v 0.119587 0.359254 0.246878
v -0.062477 0.417467 0.313157
v 0.087107 0.367466 0.204142
v 0.072781 0.406958 0.326006
v 0.007927 0.423356 0.240671
v -0.066320 0.404879 0.313658
v -0.020398 0.393267 0.374082
v 0.067658 0.390174 0.326674
v 0.115744 0.346666 0.247380
v 0.083265 0.354878 0.204643
v 0.002804 0.406572 0.241340
v -0.086514 0.443030 0.431486
v 0.049078 0.374246 0.548291
v -0.033461 0.440901 0.376030
v 0.086602 0.372740 0.509068
v -0.025539 0.436234 0.511994
v 0.049388 0.433226 0.433674
v -0.037102 0.428607 0.373018
v -0.090156 0.430737 0.428474
v -0.030395 0.419842 0.507978
v 0.045436 0.361953 0.545279
v 0.082960 0.360446 0.506056
v 0.044533 0.416835 0.429658
v -0.132087 0.510308 0.399385
v -0.153917 0.452025 0.580731
v -0.056831 0.513542 0.414241
v -0.100690 0.454313 0.591238
v -0.166881 0.507766 0.494403
v -0.060599 0.512335 0.515384
v -0.055529 0.501020 0.410373
v -0.130785 0.497785 0.395517
v -0.165146 0.491070 0.489246
v -0.152615 0.439503 0.576863
v -0.099388 0.441791 0.587371
v -0.058863 0.495638 0.510227
v 0.112014 0.456340 0.096533
v 0.056146 0.425616 0.224424
v 0.162984 0.456340 0.122547
v 0.092196 0.425616 0.242822
v 0.067732 0.462032 0.157348
v 0.139716 0.462032 0.194086
v 0.163945 0.446753 0.120664
v 0.112975 0.446753 0.094650
v 0.069014 0.449251 0.154838
v 0.057107 0.416030 0.222541
v 0.093157 0.416030 0.240939
v 0.140998 0.449251 0.191576
v 0.178928 0.216051 0.092360
v 0.162808 0.523893 0.084133
v 0.161988 0.216051 0.106809
v 0.156407 0.523894 0.089593
v 0.139792 0.216051 0.105047
v 0.148019 0.523894 0.088927
v 0.125343 0.216051 0.088106
v 0.142559 0.523894 0.082525
v 0.127105 0.216051 0.065911
v 0.143225 0.523894 0.074138
v 0.144046 0.216051 0.051462
v 0.149627 0.523894 0.068678
v 0.166241 0.216051 0.053224
v 0.158014 0.523894 0.069344
v 0.180690 0.216051 0.070164
v 0.163474 0.523894 0.075745
v 0.158210 0.481267 0.117635
v 0.275778 0.430000 0.180645
v 0.187823 0.479680 0.068695
v 0.296723 0.428877 0.146031
v 0.215613 0.476201 0.166327
v 0.257436 0.473960 0.097210
v 0.184686 0.470517 0.067094
v 0.155072 0.472104 0.116034
v 0.211430 0.463984 0.164192
v 0.272641 0.420837 0.179044
v 0.293586 0.419714 0.144430
v 0.253253 0.461742 0.095075
v 0.110230 0.412409 0.055161
v -0.026874 0.377675 0.075583
v 0.112958 0.421064 0.111661
v -0.024945 0.383796 0.115545
v 0.035266 0.413231 0.046707
v 0.039119 0.425453 0.126501
v 0.115530 0.411681 0.112974
v 0.112802 0.403027 0.056473
v 0.038696 0.400721 0.048457
v -0.024302 0.368293 0.076896
v -0.022372 0.374414 0.116858
v 0.042549 0.412944 0.128251
v 0.177645 0.440117 0.049091
v 0.143601 0.388850 -0.079881
v 0.121651 0.438530 0.060786
v 0.103998 0.387727 -0.071609
v 0.174139 0.435052 -0.026100
v 0.095060 0.432810 -0.009584
v 0.122618 0.429367 0.064173
v 0.178612 0.430954 0.052478
v 0.175429 0.422834 -0.021584
v 0.144568 0.379687 -0.076494
v 0.104965 0.378564 -0.068222
v 0.096350 0.420592 -0.005068
v 0.192105 0.490261 0.088041
v 0.282020 0.446821 -0.014181
v 0.152130 0.492672 0.047166
v 0.253746 0.448527 -0.043092
v 0.253569 0.488367 0.044333
v 0.197113 0.491772 -0.013394
v 0.149699 0.483339 0.048994
v 0.189674 0.480928 0.089869
v 0.250327 0.475922 0.046770
v 0.279588 0.437488 -0.012354
v 0.251315 0.439193 -0.041264
v 0.193871 0.479327 -0.010957
v -0.071932 0.416562 -0.090945
v -0.017163 0.404183 -0.207674
v -0.043904 0.382664 -0.242070
v -0.104695 0.423910 -0.132932
v -0.026291 0.423910 -0.118391
v -0.081200 0.404183 -0.219551
v -0.056886 0.425276 -0.172072
v -0.072415 0.404545 -0.088339
v -0.017669 0.391603 -0.204947
v -0.044387 0.370648 -0.239464
v -0.105201 0.411331 -0.130204
v -0.026797 0.411331 -0.115664
v -0.081706 0.391603 -0.216823
v -0.057612 0.407205 -0.168154
v -0.113420 0.416241 -0.180531
v -0.067432 0.376656 -0.245086
v -0.106652 0.410554 -0.096037
v -0.020858 0.376656 -0.236448
v -0.001078 0.416241 -0.159696
v -0.037695 0.410554 -0.083248
v -0.102371 0.172782 -0.078190
v -0.085296 0.491977 -0.067098
v -0.095844 0.445778 -0.065351
v -0.093999 0.280012 -0.086196
v -0.083524 0.172782 -0.091140
v -0.079293 0.491977 -0.071223
v -0.071943 0.280012 -0.090882
v -0.061040 0.172782 -0.086970
v -0.072132 0.491977 -0.069895
v -0.053034 0.280012 -0.078599
v -0.048090 0.172782 -0.068123
v -0.068007 0.491977 -0.063892
v -0.048349 0.280012 -0.056543
v -0.052260 0.172782 -0.045639
v -0.069336 0.491977 -0.056731
v -0.060632 0.280012 -0.037633
v -0.071107 0.172782 -0.032689
v -0.075338 0.491977 -0.052607
v -0.082688 0.280012 -0.032948
v -0.093591 0.172782 -0.036859
v -0.082499 0.491977 -0.053935
v -0.101597 0.280012 -0.045231
v -0.106541 0.172782 -0.055706
v -0.086624 0.491977 -0.059937
v -0.095748 0.442208 -0.068472
v -0.204893 0.412369 -0.131525
v -0.237547 0.385900 -0.107146
v -0.140678 0.443129 -0.038963
v -0.120522 0.445341 -0.116083
v -0.221355 0.410562 -0.068536
v -0.175919 0.438584 -0.089529
v -0.091406 0.430722 -0.067667
v -0.200348 0.400345 -0.130682
v -0.233206 0.374414 -0.106341
v -0.136133 0.431105 -0.038120
v -0.115978 0.433317 -0.115240
v -0.216810 0.398538 -0.067693
v -0.169390 0.421311 -0.088318
v -0.187094 0.428362 -0.033672
v -0.241363 0.379500 -0.083838
v -0.102440 0.435492 -0.034156
v -0.229390 0.380814 -0.129649
v -0.158215 0.431532 -0.144175
v -0.084714 0.437437 -0.101984
v -0.043015 0.376073 -0.076426
v 0.083919 0.353856 -0.089565
v 0.098608 0.336353 -0.132449
v -0.022162 0.387927 -0.124541
v 0.003885 0.375867 -0.050145
v 0.062645 0.363706 -0.150329
v 0.035398 0.381329 -0.103028
v -0.046575 0.364312 -0.077087
v 0.080193 0.341544 -0.090256
v 0.095048 0.324592 -0.133109
v -0.025889 0.375615 -0.125232
v 0.000158 0.363555 -0.050836
v 0.058919 0.351394 -0.151020
v 0.030045 0.363643 -0.104021
v 0.014061 0.381126 -0.156824
v 0.089092 0.334054 -0.154876
v -0.056249 0.375495 -0.109473
v 0.104564 0.326890 -0.110683
v 0.051383 0.363846 -0.050225
v -0.033341 0.364889 -0.044040
v -0.106282 0.280012 -0.067287
v -0.087987 0.445778 -0.077446
v -0.073879 0.445778 -0.080443
v -0.061784 0.445778 -0.072586
v -0.058787 0.445778 -0.058479
v -0.066644 0.445778 -0.046384
v -0.080752 0.445778 -0.043387
v -0.092847 0.445778 -0.051243
v -0.069548 0.399897 -0.043959
v -0.041278 0.370058 0.078879
v -0.001181 0.343589 0.086152
v -0.017330 0.400818 -0.031202
v -0.087494 0.403030 0.006623
v 0.016030 0.368251 0.047984
v -0.030303 0.396273 0.029052
v -0.071919 0.388411 -0.047684
v -0.043759 0.358034 0.074979
v -0.003552 0.332103 0.082426
v -0.019811 0.388794 -0.035102
v -0.089975 0.391006 0.002723
v 0.013548 0.356227 0.044085
v -0.033867 0.379000 0.023450
v 0.018183 0.386052 -0.000848
v 0.018473 0.337189 0.073054
v -0.039879 0.393181 -0.062455
v -0.023206 0.338503 0.095524
v -0.082353 0.389221 0.053350
v -0.101589 0.395127 -0.029188
v -0.090058 0.453212 -0.049843
v -0.177434 0.427674 0.042309
v -0.161136 0.404895 0.082016
v -0.072836 0.458845 0.000774
v -0.142446 0.455486 -0.037980
v -0.120579 0.430418 0.073962
v -0.130445 0.454039 0.022629
v -0.087787 0.441512 -0.052906
v -0.175057 0.415426 0.039102
v -0.158865 0.393195 0.078952
v -0.070459 0.446598 -0.002433
v -0.140069 0.443238 -0.041187
v -0.118202 0.418170 0.070755
v -0.127031 0.436445 0.018022
v -0.078868 0.447649 0.048090
v -0.139326 0.400042 0.091995
v -0.058311 0.448839 -0.034332
v -0.180675 0.398047 0.068974
v -0.178608 0.442835 -0.007439
v -0.119534 0.445884 -0.068417
v -0.129091 0.393178 -0.440829
v -0.041943 0.383033 -0.381082
v -0.010586 0.365399 -0.398153
v -0.090798 0.399200 -0.461766
v -0.112938 0.399200 -0.400285
v -0.023859 0.383033 -0.431297
v -0.065475 0.400319 -0.417920
v -0.131134 0.383330 -0.441565
v -0.044082 0.372725 -0.381852
v -0.012629 0.355552 -0.398889
v -0.092937 0.388891 -0.462537
v -0.115077 0.388891 -0.401055
v -0.025998 0.372725 -0.432067
v -0.068548 0.385510 -0.419026
v -0.051149 0.392915 -0.462520
v -0.005032 0.360476 -0.416782
v -0.120376 0.388254 -0.468234
v -0.018184 0.360476 -0.380261
v -0.082873 0.392915 -0.374426
v -0.139849 0.388254 -0.414161
v -0.135376 0.174906 -0.467135
v -0.146607 0.454978 -0.454794
v -0.146623 0.416734 -0.463556
v -0.130010 0.271643 -0.459305
v -0.127398 0.174906 -0.450178
v -0.144066 0.454978 -0.449394
v -0.129141 0.271643 -0.440847
v -0.133748 0.174906 -0.432548
v -0.146088 0.454978 -0.443779
v -0.141578 0.271643 -0.427181
v -0.150704 0.174906 -0.424570
v -0.151489 0.454978 -0.441238
v -0.160035 0.271643 -0.426313
v -0.168335 0.174906 -0.430920
v -0.157104 0.454978 -0.443260
v -0.173701 0.271643 -0.438750
v -0.176312 0.174906 -0.447876
v -0.159645 0.454978 -0.448661
v -0.174570 0.271643 -0.457207
v -0.169963 0.174906 -0.465507
v -0.157622 0.454978 -0.454276
v -0.162133 0.271643 -0.470873
v -0.153006 0.174906 -0.473484
v -0.152222 0.454978 -0.456817
v -0.144112 0.414194 -0.463065
v -0.078669 0.389741 -0.542983
v -0.094061 0.368051 -0.572619
v -0.162027 0.414949 -0.503308
v -0.102328 0.416761 -0.476797
v -0.127429 0.388261 -0.564636
v -0.116468 0.411224 -0.525112
v -0.145338 0.404781 -0.459661
v -0.079953 0.379888 -0.539420
v -0.095286 0.358639 -0.569215
v -0.163311 0.405095 -0.499744
v -0.103611 0.406908 -0.473233
v -0.128713 0.378408 -0.561073
v -0.118311 0.397069 -0.519993
v -0.160160 0.402848 -0.541546
v -0.112405 0.362806 -0.578791
v -0.170978 0.408690 -0.473021
v -0.076942 0.363883 -0.563043
v -0.074619 0.405445 -0.503560
v -0.118472 0.410285 -0.449705
v -0.144661 0.359998 -0.419367
v -0.150843 0.341792 -0.314974
v -0.118107 0.327448 -0.297417
v -0.108511 0.369712 -0.396132
v -0.172125 0.359829 -0.384918
v -0.098886 0.349863 -0.324133
v -0.133531 0.364305 -0.352431
v -0.143656 0.350360 -0.422158
v -0.149791 0.331702 -0.317896
v -0.117101 0.317810 -0.300209
v -0.107459 0.359623 -0.399054
v -0.171073 0.349740 -0.387840
v -0.097833 0.339774 -0.327055
v -0.132019 0.349812 -0.356629
v -0.087200 0.364139 -0.362564
v -0.098710 0.325565 -0.302144
v -0.116184 0.359525 -0.425694
v -0.136498 0.319694 -0.295482
v -0.178349 0.349979 -0.346496
v -0.172133 0.350833 -0.415831
v -0.143675 0.271643 -0.471742
v -0.137882 0.416734 -0.455601
v -0.137326 0.416734 -0.443795
v -0.145282 0.416734 -0.435054
v -0.157087 0.416734 -0.434498
v -0.165828 0.416734 -0.442453
v -0.166384 0.416734 -0.454259
v -0.158429 0.416734 -0.463000
v -0.167405 0.379521 -0.445123
v -0.270488 0.355069 -0.438525
v -0.281679 0.333379 -0.407062
v -0.184635 0.380276 -0.404583
v -0.205935 0.382089 -0.466333
v -0.253091 0.353588 -0.388089
v -0.231646 0.376551 -0.423052
v -0.164078 0.370109 -0.446547
v -0.267005 0.345215 -0.440015
v -0.278352 0.323966 -0.408486
v -0.181153 0.370423 -0.406073
v -0.202452 0.372235 -0.467824
v -0.249609 0.343735 -0.389580
v -0.226643 0.362397 -0.425193
v -0.213885 0.368175 -0.379883
v -0.273689 0.328134 -0.389433
v -0.156375 0.374018 -0.418680
v -0.286341 0.329211 -0.426114
v -0.244404 0.370773 -0.468363
v -0.175108 0.375612 -0.472990
v -0.159931 0.423211 -0.460930
v -0.222886 0.402284 -0.543793
v -0.257155 0.383617 -0.535871
v -0.203145 0.427828 -0.453705
v -0.162588 0.425075 -0.504868
v -0.256012 0.404533 -0.502006
v -0.213192 0.423890 -0.503188
v -0.157754 0.413624 -0.458689
v -0.220607 0.392247 -0.541447
v -0.254978 0.374029 -0.533629
v -0.200867 0.417791 -0.451358
v -0.160309 0.415038 -0.502521
v -0.253733 0.394496 -0.499659
v -0.209918 0.409472 -0.499817
v -0.240612 0.418653 -0.464848
v -0.268113 0.379640 -0.519554
v -0.176678 0.419628 -0.437310
v -0.244021 0.378005 -0.549946
v -0.182499 0.414708 -0.538157
v -0.141007 0.417207 -0.482309
v 0.151203 0.459965 -0.359776
v 0.292516 0.445944 -0.322890
v 0.325299 0.421570 -0.359776
v 0.191196 0.468289 -0.404937
v 0.191196 0.468289 -0.314615
v 0.292516 0.445944 -0.396662
v 0.244661 0.469836 -0.359776
v 0.148201 0.446354 -0.359776
v 0.289374 0.431695 -0.322890
v 0.322297 0.407958 -0.359776
v 0.188054 0.454040 -0.404937
v 0.188054 0.454040 -0.314615
v 0.289374 0.431695 -0.396662
v 0.240147 0.449367 -0.359776
v 0.242404 0.459601 -0.424485
v 0.323798 0.414764 -0.386603
v 0.149702 0.453159 -0.399495
v 0.323798 0.414764 -0.332949
v 0.242404 0.459601 -0.295067
v 0.149702 0.453159 -0.320056
v 0.130710 0.197436 -0.391042
v 0.121884 0.545387 -0.369734
v 0.117760 0.493340 -0.381120
v 0.141356 0.312378 -0.383372
v 0.149025 0.197436 -0.372727
v 0.127717 0.545387 -0.363901
v 0.151130 0.312378 -0.359776
v 0.149025 0.197436 -0.346825
v 0.127717 0.545387 -0.355651
v 0.141356 0.312378 -0.336180
v 0.130710 0.197436 -0.328510
v 0.121884 0.545387 -0.349818
v 0.117760 0.312378 -0.326406
v 0.104809 0.197436 -0.328510
v 0.113635 0.545387 -0.349818
v 0.094163 0.312378 -0.336180
v 0.086494 0.197436 -0.346825
v 0.107802 0.545387 -0.355651
v 0.084390 0.312378 -0.359776
v 0.086494 0.197436 -0.372727
v 0.107802 0.545387 -0.363901
v 0.094163 0.312378 -0.383372
v 0.104809 0.197436 -0.391042
v 0.113635 0.545387 -0.369734
v 0.121256 0.489014 -0.381658
v 0.168933 0.455215 -0.516236
v 0.135038 0.425235 -0.547568
v 0.079110 0.490057 -0.425601
v 0.169162 0.492563 -0.419084
v 0.095382 0.453169 -0.521560
v 0.128147 0.484909 -0.475294
v 0.121256 0.476004 -0.376657
v 0.168933 0.441596 -0.511001
v 0.135038 0.412225 -0.542567
v 0.079110 0.476438 -0.420366
v 0.169162 0.478943 -0.413848
v 0.095382 0.439549 -0.516324
v 0.128147 0.465344 -0.467773
v 0.063631 0.473331 -0.476203
v 0.108292 0.417986 -0.547003
v 0.081655 0.481407 -0.382024
v 0.161785 0.419474 -0.543131
v 0.192663 0.476921 -0.466864
v 0.160856 0.483611 -0.376291
v 0.141006 0.414103 -0.324573
v 0.181856 0.388939 -0.185920
v 0.232650 0.369113 -0.178419
v 0.198898 0.427530 -0.311287
v 0.121423 0.413870 -0.266912
v 0.245135 0.400095 -0.222164
v 0.186828 0.420057 -0.242739
v 0.141006 0.400782 -0.328674
v 0.181856 0.374993 -0.190213
v 0.232650 0.355791 -0.182520
v 0.198898 0.413585 -0.315580
v 0.121423 0.399925 -0.271205
v 0.245135 0.386150 -0.226457
v 0.186828 0.400025 -0.248905
v 0.242333 0.419827 -0.277613
v 0.255661 0.366509 -0.193650
v 0.175076 0.413450 -0.346138
v 0.209639 0.358395 -0.167290
v 0.131323 0.400255 -0.214031
v 0.106936 0.401436 -0.307109
v 0.117760 0.312378 -0.393146
v 0.132852 0.493340 -0.374869
v 0.139104 0.493340 -0.359776
v 0.132852 0.493340 -0.344683
v 0.117760 0.493340 -0.338431
v 0.102667 0.493340 -0.344683
v 0.096415 0.493340 -0.359776
v 0.102667 0.493340 -0.374869
v 0.099366 0.441089 -0.347417
v -0.031598 0.407290 -0.290560
v -0.031416 0.377310 -0.244403
v 0.095945 0.442132 -0.286626
v 0.039327 0.444638 -0.356955
v 0.014645 0.405244 -0.233118
v 0.026160 0.436984 -0.288629
v 0.103025 0.428079 -0.350826
v -0.027768 0.393671 -0.294129
v -0.027757 0.364300 -0.247812
v 0.099776 0.428513 -0.290195
v 0.043157 0.431018 -0.360524
v 0.018476 0.391624 -0.236687
v 0.031663 0.417419 -0.293756
v 0.069475 0.425406 -0.240807
v -0.012771 0.370061 -0.225219
v 0.126094 0.433482 -0.318194
v -0.046403 0.371549 -0.266996
v -0.011651 0.428997 -0.341578
v 0.076298 0.435686 -0.380049
v 0.101683 0.501478 -0.371473
v -0.018993 0.472552 -0.449750
v -0.059849 0.446749 -0.423398
v 0.048868 0.507859 -0.341838
v 0.077651 0.504054 -0.427367
v -0.042502 0.475660 -0.379893
v 0.012630 0.502415 -0.401484
v 0.105564 0.488225 -0.369578
v -0.014931 0.458679 -0.447766
v -0.055968 0.433497 -0.421502
v 0.052931 0.493986 -0.339854
v 0.081713 0.490181 -0.425383
v -0.038439 0.461787 -0.377909
v 0.018465 0.482486 -0.398633
v -0.005073 0.495177 -0.338783
v -0.066457 0.441254 -0.397047
v 0.090966 0.496525 -0.332914
v -0.049360 0.438993 -0.447853
v 0.036168 0.489725 -0.461334
v 0.116281 0.493178 -0.408137
v -0.087071 0.464278 0.341350
v -0.065994 0.448125 0.174426
v -0.113015 0.420046 0.142474
v -0.144620 0.473867 0.302393
v -0.041442 0.473867 0.288934
v -0.150265 0.448125 0.185420
v -0.100998 0.475649 0.234589
v -0.086624 0.448598 0.344779
v -0.065525 0.431711 0.178016
v -0.112567 0.404366 0.145903
v -0.144152 0.457452 0.305983
v -0.040974 0.457452 0.292523
v -0.149797 0.431711 0.189009
v -0.100326 0.452069 0.239745
v -0.174581 0.463859 0.246810
v -0.143436 0.412206 0.148187
v -0.132220 0.456438 0.348983
v -0.082146 0.412206 0.140191
v -0.026743 0.463859 0.227524
v -0.041475 0.456438 0.337145
v -0.119734 0.279900 0.369418
v -0.094078 0.562685 0.376325
v -0.106470 0.505186 0.382733
v -0.112559 0.355745 0.356114
v -0.101541 0.279900 0.345767
v -0.088283 0.562685 0.368792
v -0.087060 0.355745 0.341433
v -0.071953 0.279900 0.341907
v -0.078860 0.562685 0.367563
v -0.058649 0.355745 0.349082
v -0.048302 0.279900 0.360099
v -0.071327 0.562685 0.373357
v -0.043968 0.355745 0.374580
v -0.044442 0.279900 0.389687
v -0.070098 0.562685 0.382780
v -0.051617 0.355745 0.402991
v -0.062635 0.279900 0.413339
v -0.075892 0.562685 0.390313
v -0.077115 0.355745 0.417672
v -0.092223 0.279900 0.417198
v -0.085316 0.562685 0.391542
v -0.105526 0.355745 0.410023
v -0.115874 0.279900 0.399006
v -0.092848 0.562685 0.385748
v -0.107606 0.497743 0.378820
v -0.268443 0.458806 0.344411
v -0.299183 0.424269 0.387799
v -0.151523 0.498944 0.433512
v -0.157497 0.501831 0.329671
v -0.263563 0.456449 0.429223
v -0.215595 0.493013 0.384901
v -0.101892 0.482755 0.378074
v -0.262462 0.443117 0.343631
v -0.293470 0.409281 0.387053
v -0.145542 0.483255 0.432731
v -0.151516 0.486141 0.328891
v -0.257583 0.440759 0.428443
v -0.207004 0.470475 0.383780
v -0.207020 0.479676 0.458734
v -0.294552 0.415917 0.418268
v -0.102122 0.488979 0.424111
v -0.298101 0.417632 0.356584
v -0.215579 0.483812 0.309947
v -0.107376 0.491518 0.332783
v -0.045339 0.411445 0.347752
v 0.106961 0.382455 0.280426
v 0.107960 0.359616 0.221285
v -0.038789 0.426913 0.279640
v 0.023447 0.411177 0.361529
v 0.056130 0.395308 0.213542
v 0.041315 0.418304 0.283213
v -0.050023 0.396099 0.348363
v 0.102058 0.366390 0.281066
v 0.103276 0.344269 0.221896
v -0.043693 0.410848 0.280280
v 0.018543 0.395112 0.362169
v 0.051226 0.379243 0.214182
v 0.034270 0.395226 0.284132
v -0.006795 0.418039 0.225005
v 0.087133 0.356616 0.197268
v -0.075049 0.410692 0.312046
v 0.124103 0.347269 0.245912
v 0.082380 0.395491 0.342340
v -0.020312 0.396852 0.384069
v -0.120207 0.355745 0.384525
v -0.101578 0.505186 0.364561
v -0.085268 0.505186 0.355170
v -0.067096 0.505186 0.360063
v -0.057705 0.505186 0.376372
v -0.062598 0.505186 0.394544
v -0.078907 0.505186 0.403935
v -0.097080 0.505186 0.399043
v -0.065229 0.442533 0.398722
v 0.019236 0.403597 0.539854
v 0.071936 0.369059 0.532768
v 0.004724 0.443734 0.393571
v -0.067178 0.446621 0.468728
v 0.077963 0.401239 0.478469
v 0.012835 0.437804 0.473587
v -0.069669 0.427545 0.395050
v 0.014588 0.387907 0.536010
v 0.067496 0.354071 0.529096
v 0.000076 0.428045 0.389727
v -0.071826 0.430931 0.464884
v 0.073315 0.385549 0.474625
v 0.006159 0.415265 0.468065
v 0.061009 0.424466 0.416982
v 0.091072 0.360708 0.508610
v -0.035830 0.433769 0.363836
v 0.048360 0.362422 0.553255
v -0.042016 0.428602 0.524670
v -0.099068 0.436308 0.429937
v -0.093054 0.512101 0.399660
v -0.164489 0.478778 0.549177
v -0.128298 0.449054 0.591920
v -0.051331 0.519452 0.455576
v -0.153323 0.515069 0.435442
v -0.081187 0.482359 0.565622
v -0.114066 0.513181 0.505861
v -0.091467 0.496834 0.394945
v -0.162828 0.462797 0.544241
v -0.126711 0.433787 0.587205
v -0.049670 0.503471 0.450640
v -0.151661 0.499087 0.430506
v -0.079526 0.466377 0.560685
v -0.111679 0.490223 0.498770
v -0.039803 0.504843 0.516740
v -0.097212 0.442722 0.595542
v -0.047410 0.506396 0.406157
v -0.157797 0.440118 0.583582
v -0.185942 0.498561 0.487891
v -0.137112 0.502540 0.388449
v 0.139963 0.455954 0.104712
v 0.056595 0.443914 0.198389
v 0.072009 0.422986 0.237859
v 0.158891 0.463101 0.152926
v 0.089814 0.463101 0.117671
v 0.113015 0.443914 0.227184
v 0.103484 0.464429 0.176188
v 0.141135 0.444267 0.102416
v 0.057822 0.431680 0.195986
v 0.073181 0.411299 0.235563
v 0.160118 0.450866 0.150523
v 0.091041 0.450866 0.115268
v 0.114242 0.431680 0.224781
v 0.105246 0.446854 0.172736
v 0.153854 0.455642 0.199719
v 0.093112 0.417143 0.247182
v 0.170926 0.450110 0.119068
v 0.052078 0.417143 0.226240
v 0.054876 0.455641 0.149205
v 0.110172 0.450110 0.088061
v 0.171873 0.216051 0.101244
v 0.159022 0.529300 0.086177
v 0.169341 0.484309 0.087467
v 0.161853 0.321686 0.106391
v 0.150717 0.216051 0.108102
v 0.152284 0.529300 0.088361
v 0.139992 0.321686 0.104656
v 0.130908 0.216051 0.097992
v 0.145975 0.529300 0.085141
v 0.125761 0.321686 0.087971
v 0.124050 0.216051 0.076836
v 0.143791 0.529300 0.078403
v 0.127496 0.321686 0.066110
v 0.134160 0.216051 0.057027
v 0.147011 0.529300 0.072094
v 0.144181 0.321686 0.051879
v 0.155316 0.216051 0.050169
v 0.153749 0.529300 0.069910
v 0.166042 0.321686 0.053614
v 0.175125 0.216051 0.060279
v 0.160058 0.529300 0.073130
v 0.180273 0.321686 0.070299
v 0.181983 0.216051 0.081435
v 0.162242 0.529300 0.079868
v 0.168387 0.480896 0.090350
v 0.252701 0.451876 0.179342
v 0.289893 0.426133 0.165649
v 0.218445 0.481792 0.075270
v 0.178311 0.483943 0.141597
v 0.285481 0.450118 0.125169
v 0.237309 0.477371 0.132169
v 0.164562 0.469725 0.088398
v 0.248697 0.440181 0.177299
v 0.286068 0.414962 0.163697
v 0.214441 0.470098 0.073227
v 0.174307 0.472249 0.139553
v 0.281477 0.438424 0.123126
v 0.231557 0.460572 0.129233
v 0.263186 0.467431 0.083183
v 0.299901 0.419909 0.144974
v 0.184124 0.474364 0.060207
v 0.276060 0.421187 0.184373
v 0.205680 0.470513 0.178219
v 0.148826 0.476257 0.118541
v 0.117021 0.416575 0.083173
v -0.004964 0.394968 0.060296
v -0.030527 0.377945 0.096215
v 0.084263 0.428104 0.122263
v 0.080566 0.416375 0.045690
v -0.001945 0.404548 0.122837
v 0.036549 0.421688 0.086276
v 0.120157 0.405137 0.084774
v -0.001681 0.382994 0.061971
v -0.027391 0.366507 0.097815
v 0.087546 0.416130 0.123938
v 0.083849 0.404401 0.047366
v 0.001339 0.392574 0.124512
v 0.041266 0.404487 0.088683
v 0.041556 0.421490 0.142338
v -0.027861 0.375710 0.119758
v 0.120215 0.416014 0.117647
v -0.030057 0.368742 0.074272
v 0.036259 0.404685 0.032621
v 0.116963 0.405698 0.050301
v 0.178538 0.321686 0.092160
v 0.158668 0.484309 0.096569
v 0.144685 0.484309 0.095459
v 0.135583 0.484309 0.084787
v 0.136693 0.484309 0.070804
v 0.147365 0.484309 0.061701
v 0.161348 0.484309 0.062811
v 0.170451 0.484309 0.073484
v 0.150744 0.439746 0.060244
v 0.158379 0.410726 -0.062108
v 0.123008 0.384983 -0.079985
v 0.105587 0.440642 0.033900
v 0.181474 0.442793 0.018050
v 0.096398 0.408969 -0.049162
v 0.134358 0.436221 -0.018689
v 0.151923 0.428575 0.064374
v 0.159613 0.399032 -0.057785
v 0.124187 0.373812 -0.075856
v 0.106822 0.428948 0.038223
v 0.182708 0.431099 0.022373
v 0.097633 0.397274 -0.044840
v 0.136131 0.419423 -0.012479
v 0.080877 0.426281 -0.004229
v 0.101058 0.378759 -0.073213
v 0.117962 0.433215 0.069279
v 0.146136 0.380037 -0.082628
v 0.189611 0.429363 -0.026939
v 0.184705 0.435107 0.055339
v 0.168238 0.491598 0.071406
v 0.275205 0.466761 0.009667
v 0.270998 0.444607 -0.031864
v 0.166188 0.497077 0.019447
v 0.220365 0.493810 0.074843
v 0.230956 0.469430 -0.035578
v 0.225949 0.492403 0.015013
v 0.165273 0.480219 0.073634
v 0.272102 0.454850 0.012000
v 0.268034 0.433228 -0.029636
v 0.163085 0.485165 0.021779
v 0.217262 0.481898 0.077176
v 0.227853 0.457518 -0.033246
v 0.221491 0.475291 0.018363
v 0.184906 0.486188 -0.022999
v 0.253425 0.439888 -0.047203
v 0.142931 0.487345 0.048159
v 0.285607 0.437947 -0.014297
v 0.262534 0.481506 0.056376
v 0.190580 0.484472 0.096881
v -0.049003 0.406175 -0.214577
v -0.065502 0.426130 -0.125611
v -0.049699 0.388865 -0.210823
v -0.066198 0.408820 -0.121858
v -0.093050 0.397520 -0.220804
v -0.119624 0.417475 -0.133708
v -0.005651 0.397520 -0.204595
v -0.012076 0.417475 -0.113762
v -0.042365 0.368715 -0.250365
v -0.074397 0.407455 -0.077651
v -0.093029 0.446072 -0.072122
v -0.081209 0.446072 -0.080243
v -0.067109 0.446072 -0.077628
v -0.058987 0.446072 -0.065808
v -0.061602 0.446072 -0.051708
v -0.073422 0.446072 -0.043587
v -0.077316 0.504734 -0.061915
v -0.087522 0.446072 -0.046202
v -0.095644 0.446072 -0.058021
v -0.214361 0.413289 -0.100301
v -0.130885 0.446437 -0.077534
v -0.208107 0.396744 -0.099141
v -0.124631 0.429891 -0.076374
v -0.222467 0.403784 -0.056737
v -0.141582 0.436647 -0.024061
v -0.200000 0.406249 -0.142705
v -0.113935 0.439681 -0.129848
v -0.243511 0.370859 -0.109136
v -0.081454 0.435210 -0.064937
v 0.074381 0.360709 -0.120019
v -0.008990 0.384091 -0.087039
v 0.069254 0.343767 -0.120970
v -0.014118 0.367150 -0.087990
v 0.057300 0.358959 -0.161960
v -0.029419 0.383892 -0.138540
v 0.086335 0.345516 -0.079029
v 0.006311 0.367349 -0.036490
v 0.105309 0.322232 -0.137084
v -0.056546 0.367627 -0.073058
v -0.106100 0.280012 -0.055800
v -0.093345 0.280012 -0.037237
v -0.071201 0.280012 -0.033130
v -0.052638 0.280012 -0.045885
v -0.048531 0.280012 -0.068030
v -0.061286 0.280012 -0.086592
v -0.083430 0.280012 -0.090699
v -0.101993 0.280012 -0.077945
v -0.011979 0.370979 0.064521
v -0.052226 0.404126 -0.012073
v -0.015394 0.354433 0.059155
v -0.055640 0.387580 -0.017440
v 0.025421 0.361473 0.040755
v -0.005810 0.394336 -0.040699
v -0.052793 0.363939 0.082920
v -0.102056 0.397370 0.011186
v 0.001428 0.328548 0.091871
v -0.076706 0.392900 -0.056826
v -0.149643 0.430935 0.059115
v -0.107800 0.459378 -0.018509
v -0.146372 0.414081 0.054702
v -0.104530 0.442525 -0.022921
v -0.109210 0.424380 0.078508
v -0.058423 0.453256 0.005865
v -0.186805 0.420635 0.035308
v -0.153907 0.448647 -0.047295
v -0.164035 0.390219 0.088495
v -0.082803 0.445438 -0.062200
v -0.032145 0.384666 -0.405917
v -0.101907 0.401019 -0.431040
v -0.035089 0.370481 -0.406977
v -0.104851 0.386833 -0.432100
v -0.021277 0.377573 -0.440714
v -0.088194 0.393926 -0.473737
v -0.045957 0.377573 -0.372180
v -0.118564 0.393926 -0.389403
v -0.004082 0.353968 -0.395811
v -0.139516 0.385715 -0.444584
v -0.141520 0.416975 -0.460383
v -0.136518 0.416975 -0.449749
v -0.140499 0.416975 -0.438692
v -0.151133 0.416975 -0.433689
v -0.162190 0.416975 -0.437671
v -0.167193 0.416975 -0.448305
v -0.151855 0.465433 -0.449027
v -0.163211 0.416975 -0.459362
v -0.152577 0.416975 -0.464365
v -0.102666 0.390496 -0.554774
v -0.132131 0.417660 -0.490281
v -0.104432 0.376937 -0.549870
v -0.133897 0.404101 -0.485377
v -0.136824 0.382706 -0.567098
v -0.173959 0.409637 -0.506012
v -0.070275 0.384727 -0.537546
v -0.092069 0.412123 -0.469647
v -0.091662 0.355725 -0.577178
v -0.148863 0.408460 -0.451974
v -0.124951 0.347407 -0.318655
v -0.140584 0.366569 -0.390445
v -0.123503 0.333524 -0.322676
v -0.139136 0.352686 -0.394466
v -0.088771 0.345974 -0.326916
v -0.096230 0.366405 -0.400147
v -0.159683 0.334957 -0.314415
v -0.183489 0.352849 -0.384764
v -0.115246 0.315877 -0.291385
v -0.145594 0.353077 -0.430755
v -0.152989 0.271643 -0.473115
v -0.169690 0.271643 -0.465258
v -0.175943 0.271643 -0.447893
v -0.168086 0.271643 -0.431193
v -0.150721 0.271643 -0.424939
v -0.134021 0.271643 -0.432796
v -0.127767 0.271643 -0.450161
v -0.135624 0.271643 -0.466862
v -0.262756 0.355823 -0.412930
v -0.195485 0.382987 -0.435336
v -0.257964 0.342264 -0.414981
v -0.190693 0.369428 -0.437387
v -0.248488 0.348033 -0.379538
v -0.178480 0.374964 -0.394009
v -0.272232 0.350054 -0.448373
v -0.207697 0.377451 -0.478714
v -0.286650 0.321053 -0.405709
v -0.156051 0.373787 -0.449208
v -0.240156 0.404956 -0.523544
v -0.182922 0.428265 -0.479427
v -0.237021 0.391145 -0.520315
v -0.179786 0.414453 -0.476199
v -0.261194 0.399585 -0.493413
v -0.209171 0.423247 -0.442723
v -0.215983 0.396516 -0.550446
v -0.153537 0.419471 -0.512903
v -0.262011 0.371590 -0.539073
v -0.150898 0.416841 -0.453427
v 0.293626 0.448200 -0.359776
v 0.191138 0.470803 -0.359776
v 0.289302 0.428593 -0.359776
v 0.186814 0.451196 -0.359776
v 0.291464 0.438396 -0.410118
v 0.188976 0.460999 -0.421724
v 0.291464 0.438397 -0.309434
v 0.188976 0.460999 -0.297828
v 0.334855 0.405769 -0.359776
v 0.135887 0.449649 -0.359776
v 0.125881 0.493674 -0.379384
v 0.137367 0.493674 -0.367898
v 0.137367 0.493674 -0.351654
v 0.125881 0.493674 -0.340168
v 0.109638 0.493674 -0.340168
v 0.098152 0.493674 -0.351654
v 0.117760 0.559836 -0.359776
v 0.098152 0.493674 -0.367898
v 0.109638 0.493674 -0.379384
v 0.132204 0.456258 -0.520331
v 0.124090 0.493804 -0.422662
v 0.132204 0.437517 -0.513127
v 0.124090 0.475063 -0.415458
v 0.082012 0.445491 -0.520362
v 0.062328 0.482715 -0.423530
v 0.182395 0.448284 -0.513096
v 0.185853 0.486152 -0.414590
v 0.136023 0.408198 -0.554621
v 0.120271 0.481088 -0.365009
v 0.213803 0.396701 -0.202833
v 0.159853 0.423186 -0.288871
v 0.213803 0.377511 -0.208740
v 0.159853 0.403996 -0.294779
v 0.256984 0.394719 -0.230519
v 0.212990 0.422960 -0.322260
v 0.170621 0.379492 -0.181053
v 0.106716 0.404222 -0.261390
v 0.239196 0.353119 -0.171914
v 0.134460 0.404537 -0.338947
v 0.105004 0.312378 -0.390570
v 0.086965 0.312378 -0.372531
v 0.086965 0.312378 -0.347020
v 0.105004 0.312378 -0.328981
v 0.130515 0.312378 -0.328982
v 0.148554 0.312378 -0.347020
v 0.148554 0.312378 -0.372531
v 0.130515 0.312378 -0.390570
v -0.009557 0.408333 -0.260896
v 0.067433 0.445879 -0.321539
v -0.004285 0.389592 -0.265807
v 0.072705 0.427138 -0.326450
v 0.024636 0.397566 -0.224153
v 0.108901 0.434790 -0.275759
v -0.038478 0.400359 -0.302550
v 0.031237 0.438227 -0.372230
v -0.037248 0.360273 -0.240315
v 0.112218 0.433163 -0.358046
v -0.031970 0.476245 -0.415328
v 0.063122 0.508463 -0.384761
v -0.026380 0.457155 -0.412598
v 0.068712 0.489373 -0.382030
v -0.045217 0.468821 -0.366292
v 0.046176 0.501528 -0.324735
v -0.013132 0.464579 -0.461633
v 0.085657 0.496308 -0.442056
v -0.067664 0.430127 -0.425288
v 0.116944 0.492673 -0.365946
v -0.108295 0.450725 0.178655
v -0.093022 0.476763 0.295730
v -0.107650 0.428137 0.183594
v -0.092378 0.454176 0.300670
v -0.165480 0.439431 0.188626
v -0.163465 0.465470 0.307431
v -0.050465 0.439431 0.173623
v -0.021935 0.465470 0.288968
v -0.114439 0.401844 0.131559
v -0.084789 0.452395 0.358845
v -0.105697 0.505571 0.373197
v -0.094288 0.505571 0.358364
v -0.075732 0.505571 0.355944
v -0.060899 0.505571 0.367353
v -0.058479 0.505571 0.385909
v -0.069888 0.505571 0.400741
v -0.082088 0.579331 0.379552
v -0.088444 0.505571 0.403162
v -0.103276 0.505571 0.391752
v -0.267647 0.460008 0.386978
v -0.154868 0.503261 0.381692
v -0.259417 0.438418 0.385904
v -0.146638 0.481671 0.380618
v -0.260203 0.447604 0.444317
v -0.146656 0.490486 0.452375
v -0.266862 0.450822 0.328564
v -0.154850 0.494446 0.309936
v -0.307386 0.404642 0.387725
v -0.088440 0.488612 0.377463
v 0.082881 0.391397 0.246452
v -0.007364 0.421908 0.320902
v 0.076133 0.369291 0.247333
v -0.014112 0.399802 0.321782
v 0.044819 0.389115 0.201251
v -0.053423 0.421648 0.265178
v 0.114195 0.371573 0.292535
v 0.031947 0.400062 0.377506
v 0.114416 0.341191 0.212838
v -0.060783 0.400424 0.357372
v -0.115364 0.355745 0.398712
v -0.092070 0.355745 0.416631
v -0.062928 0.355745 0.412829
v -0.045010 0.355745 0.389535
v -0.048811 0.355745 0.360393
v -0.072106 0.355745 0.342475
v -0.101248 0.355745 0.346276
v -0.119166 0.355745 0.369570
v 0.049838 0.404798 0.510255
v -0.030909 0.448051 0.431344
v 0.043442 0.383208 0.504965
v -0.037305 0.426461 0.426054
v 0.086715 0.392394 0.465720
v 0.015207 0.435276 0.377152
v 0.006565 0.395612 0.549500
v -0.083421 0.439236 0.480246
v 0.077474 0.349432 0.538820
v -0.079286 0.433402 0.385625
v -0.123235 0.483033 0.558871
v -0.102487 0.520148 0.445690
v -0.120948 0.461041 0.552078
v -0.100201 0.498156 0.438898
v -0.065245 0.474480 0.566696
v -0.031393 0.512158 0.456103
v -0.178937 0.469593 0.544253
v -0.171295 0.506145 0.428485
v -0.129293 0.429904 0.601129
v -0.089014 0.501958 0.381404
v 0.084372 0.445852 0.213636
v 0.124375 0.465260 0.135254
v 0.086060 0.429017 0.210329
v 0.126063 0.448424 0.131947
v 0.123717 0.437434 0.231632
v 0.172596 0.456842 0.157781
v 0.046715 0.437434 0.192333
v 0.077842 0.456842 0.109421
v 0.068280 0.409419 0.245167
v 0.145941 0.447097 0.092999
v 0.164842 0.484596 0.093000
v 0.151575 0.484596 0.097301
v 0.139152 0.484596 0.090961
v 0.134851 0.484596 0.077693
v 0.141191 0.484596 0.065270
v 0.154459 0.484596 0.060969
v 0.153017 0.541707 0.079135
v 0.166882 0.484596 0.067310
v 0.171183 0.484596 0.080577
v 0.270169 0.452771 0.152851
v 0.198640 0.485009 0.108523
v 0.264659 0.436679 0.150038
v 0.193131 0.468917 0.105711
v 0.289783 0.443526 0.114477
v 0.223412 0.475488 0.061627
v 0.245045 0.445924 0.188412
v 0.168359 0.478439 0.152607
v 0.294903 0.411505 0.169155
v 0.156039 0.474091 0.083099
v -0.004499 0.401633 0.091329
v 0.082360 0.424374 0.083652
v 0.000019 0.385156 0.093635
v 0.086878 0.407897 0.085958
v -0.000180 0.399932 0.135161
v 0.087155 0.424180 0.137323
v -0.004301 0.386857 0.049804
v 0.082083 0.408091 0.032288
v -0.038057 0.364212 0.098682
v 0.130568 0.408361 0.083777
v 0.181547 0.321686 0.081400
v 0.174792 0.321686 0.060563
v 0.155281 0.321686 0.050605
v 0.134444 0.321686 0.057360
v 0.124487 0.321686 0.076871
v 0.131242 0.321686 0.097708
v 0.150752 0.321686 0.107665
v 0.171589 0.321686 0.100910
v 0.127089 0.411621 -0.056829
v 0.143417 0.443859 0.025722
v 0.128787 0.395529 -0.050881
v 0.145116 0.427767 0.031670
v 0.085642 0.402376 -0.045021
v 0.092219 0.434338 0.039567
v 0.170234 0.404774 -0.062689
v 0.196313 0.437289 0.017825
v 0.122158 0.370355 -0.086040
v 0.153856 0.432941 0.074222
v 0.253945 0.469932 -0.013692
v 0.193451 0.497595 0.047101
v 0.249675 0.453541 -0.010483
v 0.189181 0.481204 0.050311
v 0.221614 0.463558 -0.042963
v 0.154159 0.491641 0.010712
v 0.282006 0.459915 0.018788
v 0.228474 0.487159 0.086700
v 0.275494 0.430334 -0.037103
v 0.158054 0.484038 0.080920
vn -1.0000 -0.0000 -0.0000
vn 1.0000 -0.0000 -0.0000
vn -0.0000 -0.0000 1.0000
vn -0.0000 -1.0000 -0.0000
vn -0.0000 -0.0000 -1.0000
vn -0.0000 1.0000 -0.0000
vn 0.2889 0.9403 -0.1802
vn 0.3627 0.7847 -0.5027
vn 0.0962 0.8494 -0.5189
vn 0.0397 0.9760 -0.2141
vn -0.1583 0.7847 -0.5993
vn -0.2051 0.9403 -0.2718
vn 0.1436 0.6161 -0.7745
vn -0.1038 0.6265 -0.7725
vn 0.3739 0.6265 -0.6839
vn 0.1108 0.8959 0.4302
vn 0.2081 0.9600 0.1875
vn -0.0214 0.9931 0.1155
vn -0.0810 0.8960 0.4366
vn -0.2615 0.9600 0.1004
vn -0.2577 0.8959 0.3619
vn 0.2215 -0.9486 0.2261
vn -0.0388 -0.9771 0.2091
vn -0.0834 -0.8894 0.4496
vn 0.2311 -0.8877 0.3983
vn -0.0512 -0.9597 0.2762
vn 0.2242 -0.9058 0.3595
vn -0.3585 -0.8877 0.2889
vn -0.3382 -0.9058 0.2552
vn -0.2878 -0.9486 0.1316
vn 0.1932 -0.9734 0.1228
vn -0.0235 -0.9916 0.1269
vn 0.0083 -0.9990 -0.0447
vn 0.2498 -0.9667 0.0556
vn -0.2531 -0.9667 -0.0377
vn -0.2244 -0.9734 0.0454
vn -0.5277 -0.4004 -0.7492
vn -0.8538 -0.1184 -0.5069
vn -0.9566 0.0681 -0.2833
vn -0.9964 0.0335 0.0778
vn -0.7813 -0.1151 0.6135
vn 0.9946 0.0681 0.0786
vn 0.9788 -0.1184 -0.1670
vn 0.7612 -0.4004 -0.5102
vn 0.5093 -0.1151 0.8528
vn 0.9022 0.0335 0.4300
vn 0.1514 -0.5571 -0.8165
vn -0.1801 -0.1578 0.9709
vn -0.8381 0.0340 -0.5444
vn -0.8318 0.1272 -0.5403
vn -0.5618 0.1256 -0.8177
vn -0.5660 0.0341 -0.8237
vn -0.9754 0.1256 -0.1809
vn -0.9508 0.2546 -0.1763
vn -0.7361 0.4791 -0.4782
vn -0.5476 0.2546 -0.7970
vn -0.4255 0.0318 -0.9044
vn -0.4225 0.1226 -0.8980
vn -0.0467 0.1242 -0.9912
vn -0.0470 0.0318 -0.9984
vn -0.2077 0.0340 -0.9776
vn -0.2061 0.1272 -0.9702
vn 0.1809 0.1256 -0.9754
vn 0.1822 0.0341 -0.9827
vn -0.1824 0.4791 -0.8586
vn 0.1763 0.2546 -0.9508
vn -0.9827 0.0341 -0.1822
vn 0.5444 0.0340 -0.8381
vn 0.5403 0.1272 -0.8318
vn 0.8177 0.1256 -0.5618
vn 0.8237 0.0341 -0.5660
vn 0.4782 0.4791 -0.7361
vn 0.7970 0.2546 -0.5476
vn 0.9776 0.0340 -0.2077
vn 0.9702 0.1272 -0.2061
vn 0.9754 0.1256 0.1809
vn 0.9827 0.0341 0.1822
vn 0.8586 0.4791 -0.1824
vn 0.9508 0.2546 0.1763
vn 0.8381 0.0340 0.5444
vn 0.8318 0.1272 0.5403
vn 0.5618 0.1256 0.8177
vn 0.5660 0.0341 0.8237
vn 0.7361 0.4791 0.4782
vn 0.5476 0.2546 0.7970
vn 0.2077 0.0340 0.9776
vn 0.2061 0.1272 0.9702
vn -0.1809 0.1256 0.9754
vn -0.1822 0.0341 0.9827
vn 0.1824 0.4791 0.8586
vn -0.1763 0.2546 0.9508
vn -0.8586 0.4791 0.1824
vn -0.7970 0.2546 0.5476
vn -0.4782 0.4791 0.7361
vn -0.5444 0.0340 0.8381
vn -0.5403 0.1272 0.8318
vn -0.8177 0.1256 0.5618
vn -0.8237 0.0341 0.5660
vn -0.9776 0.0340 0.2077
vn -0.9702 0.1272 0.2061
vn -0.2977 0.9024 -0.3116
vn -0.5867 0.7000 -0.4072
vn -0.6322 0.7614 -0.1434
vn -0.3550 0.9325 -0.0660
vn -0.7207 0.6853 0.1052
vn -0.4246 0.8884 0.1742
vn -0.8456 0.4922 -0.2069
vn -0.8635 0.5027 0.0399
vn -0.7407 0.5162 -0.4300
vn 0.2975 0.9506 -0.0888
vn 0.0558 0.9773 -0.2043
vn -0.0372 0.9991 0.0189
vn 0.2896 0.9516 0.1030
vn -0.0649 0.9641 0.2576
vn 0.2028 0.9402 0.2738
vn 0.3821 -0.9036 -0.1939
vn 0.3503 -0.9344 0.0648
vn 0.5708 -0.8114 0.1259
vn 0.5434 -0.8174 -0.1915
vn 0.4129 -0.9071 0.0819
vn 0.5074 -0.8411 -0.1872
vn 0.3918 -0.8340 0.3885
vn 0.3628 -0.8570 0.3659
vn 0.2512 -0.9179 0.3071
vn 0.2819 -0.9437 -0.1730
vn 0.2726 -0.9611 0.0437
vn 0.1069 -0.9943 -0.0006
vn 0.2188 -0.9472 -0.2345
vn 0.0895 -0.9614 0.2603
vn 0.1746 -0.9555 0.2378
vn -0.7175 -0.5089 0.4756
vn -0.5453 -0.1938 0.8155
vn -0.3605 0.0244 0.9324
vn -0.0023 0.0446 0.9990
vn 0.5641 -0.0214 0.8254
vn 0.1411 0.0794 -0.9868
vn -0.0742 -0.1421 -0.9871
vn -0.3862 -0.4726 -0.7922
vn 0.8959 0.0150 -0.4440
vn 0.4858 0.0982 -0.8685
vn -0.7099 -0.6739 -0.2048
vn 0.9675 -0.0095 0.2526
vn 0.3817 0.8813 0.2784
vn 0.6835 0.7122 0.1601
vn 0.5719 0.8175 -0.0677
vn 0.2915 0.9551 0.0528
vn 0.5104 0.7923 -0.3342
vn 0.2176 0.9573 -0.1902
vn 0.7958 0.5765 -0.1852
vn 0.6731 0.6254 -0.3947
vn 0.8318 0.5519 0.0586
vn -0.2383 0.8728 0.4258
vn 0.0254 0.9179 0.3959
vn -0.0224 0.9856 0.1676
vn -0.3384 0.9030 0.2648
vn -0.1306 0.9902 -0.0497
vn -0.3608 0.9295 0.0761
vn -0.1707 -0.9687 0.1804
vn -0.2868 -0.9564 -0.0546
vn -0.5091 -0.8598 0.0389
vn -0.3096 -0.9079 0.2826
vn -0.3495 -0.9365 -0.0294
vn -0.2811 -0.9252 0.2549
vn -0.5055 -0.8172 -0.2769
vn -0.4679 -0.8387 -0.2786
vn -0.3399 -0.8903 -0.3029
vn -0.0975 -0.9901 0.1012
vn -0.2094 -0.9742 -0.0846
vn -0.0459 -0.9885 -0.1442
vn -0.0107 -0.9931 0.1169
vn -0.1778 -0.9157 -0.3603
vn -0.2362 -0.9258 -0.2950
vn 0.3530 -0.3223 -0.8784
vn 0.0076 0.0101 -0.9999
vn -0.2201 0.2131 -0.9519
vn -0.5554 0.1896 -0.8097
vn -0.9262 0.0158 -0.3766
vn 0.4281 -0.0870 0.8995
vn 0.6164 -0.2718 0.7390
vn 0.7812 -0.5205 0.3446
vn -0.4975 -0.1827 0.8480
vn 0.0754 -0.1025 0.9919
vn 0.7320 -0.5839 -0.3509
vn -0.9432 -0.1157 0.3115
vn -0.8242 0.0042 0.5663
vn -0.9782 0.0042 0.2078
vn -0.9832 0.0042 -0.1823
vn -0.1823 0.0042 0.9832
vn -0.5447 0.0042 0.8386
vn 0.5663 0.0042 0.8242
vn 0.2078 0.0042 0.9782
vn 0.9832 0.0042 0.1823
vn 0.8386 0.0042 0.5447
vn 0.8242 0.0042 -0.5663
vn 0.9782 0.0042 -0.2078
vn 0.1823 0.0042 -0.9832
vn 0.5447 0.0042 -0.8386
vn -0.5663 0.0042 -0.8242
vn -0.2078 0.0042 -0.9782
vn -0.8386 0.0042 -0.5447
vn -0.0251 0.9024 0.4302
vn 0.1020 0.7000 0.7069
vn 0.3261 0.7614 0.5603
vn 0.1937 0.9325 0.3048
vn 0.5683 0.6853 0.4555
vn 0.4169 0.8884 0.1919
vn 0.4251 0.4922 0.7597
vn 0.6179 0.5027 0.6046
vn 0.1904 0.5162 0.8350
vn -0.2678 0.9506 -0.1572
vn -0.1876 0.9773 0.0984
vn 0.0392 0.9991 0.0143
vn -0.1221 0.9516 -0.2821
vn 0.2327 0.9641 -0.1281
vn 0.0621 0.9402 -0.3350
vn -0.4023 -0.9036 -0.1474
vn -0.1914 -0.9344 -0.3005
vn -0.2970 -0.8114 -0.5035
vn -0.5105 -0.8174 -0.2670
vn -0.2216 -0.9071 -0.3580
vn -0.4828 -0.8411 -0.2436
vn 0.0172 -0.8340 -0.5515
vn 0.0204 -0.8570 -0.5149
vn 0.0535 -0.9179 -0.3931
vn -0.3187 -0.9437 -0.0884
vn -0.1539 -0.9611 -0.2292
vn -0.0733 -0.9943 -0.0778
vn -0.3207 -0.9472 -0.0003
vn 0.1294 -0.9614 -0.2429
vn 0.0550 -0.9555 -0.2898
vn 0.8371 -0.5089 0.2007
vn 0.9684 -0.1938 -0.1570
vn 0.9280 0.0244 -0.3719
vn 0.7325 0.0446 -0.6793
vn 0.2194 -0.0214 -0.9754
vn -0.8182 0.0794 0.5695
vn -0.6716 -0.1421 0.7272
vn -0.3164 -0.4726 0.8225
vn -0.9356 0.0150 -0.3528
vn -0.9666 0.0982 0.2366
vn 0.3340 -0.6739 0.6590
vn -0.4747 -0.0095 -0.8801
vn -0.4077 0.9028 0.1372
vn -0.5657 0.7161 0.4089
vn -0.3241 0.7947 0.5133
vn -0.1856 0.9500 0.2510
vn -0.1032 0.7384 0.6664
vn 0.0308 0.9239 0.3813
vn -0.4297 0.5379 0.7253
vn -0.1959 0.5630 0.8029
vn -0.6200 0.5425 0.5668
vn -0.0442 0.9214 -0.3861
vn -0.2177 0.9586 -0.1835
vn -0.0259 0.9989 -0.0401
vn 0.1392 0.9333 -0.3309
vn 0.1993 0.9787 0.0486
vn 0.2830 0.9372 -0.2039
vn -0.0600 -0.9371 -0.3439
vn 0.1832 -0.9516 -0.2467
vn 0.2935 -0.8411 -0.4543
vn -0.0202 -0.8623 -0.5060
vn 0.2146 -0.9278 -0.3051
vn -0.0243 -0.8833 -0.4683
vn 0.5033 -0.8370 -0.2146
vn 0.4750 -0.8592 -0.1903
vn 0.3922 -0.9153 -0.0922
vn -0.0636 -0.9690 -0.2388
vn 0.1443 -0.9740 -0.1747
vn 0.0610 -0.9979 -0.0230
vn -0.1388 -0.9714 -0.1928
vn 0.3078 -0.9498 0.0558
vn 0.3072 -0.9511 -0.0324
vn 0.2975 -0.4314 0.8517
vn 0.6586 -0.1111 0.7443
vn 0.8105 0.0997 0.5772
vn 0.9642 0.0985 0.2462
vn 0.9409 -0.0160 -0.3383
vn -0.9218 0.0161 -0.3872
vn -0.9685 -0.1896 -0.1616
vn -0.8468 -0.4866 0.2146
vn -0.2049 -0.0713 -0.9762
vn -0.7215 0.0172 -0.6922
vn -0.3530 -0.6330 0.6890
vn 0.4878 -0.0631 -0.8707
vn 0.1311 0.9403 0.3142
vn 0.4375 0.7847 0.4391
vn 0.4965 0.8494 0.1788
vn 0.2049 0.9760 0.0738
vn 0.6170 0.7847 -0.0594
vn 0.3013 0.9403 -0.1584
vn 0.7411 0.6161 0.2669
vn 0.7791 0.6265 0.0224
vn 0.6145 0.6265 0.4795
vn -0.4425 0.8959 0.0399
vn -0.2187 0.9600 0.1751
vn -0.1105 0.9931 -0.0398
vn -0.4178 0.8960 -0.1505
vn -0.0568 0.9600 -0.2743
vn -0.3155 0.8959 -0.3128
vn -0.2589 -0.9486 0.1821
vn -0.2001 -0.9771 -0.0721
vn -0.4302 -0.8894 -0.1549
vn -0.4304 -0.8877 0.1637
vn -0.2643 -0.9597 -0.0952
vn -0.3910 -0.9058 0.1631
vn -0.2272 -0.8877 -0.4005
vn -0.1972 -0.9058 -0.3750
vn -0.0834 -0.9486 -0.3053
vn -0.1524 -0.9734 0.1708
vn -0.1215 -0.9916 -0.0437
vn 0.0427 -0.9990 0.0154
vn -0.0952 -0.9667 0.2376
vn 0.0781 -0.9667 -0.2437
vn -0.0085 -0.9734 -0.2288
vn 0.8246 -0.4004 -0.3997
vn 0.6382 -0.1184 -0.7607
vn 0.4341 0.0681 -0.8983
vn 0.0842 0.0335 -0.9959
vn -0.4792 -0.1151 -0.8701
vn -0.2383 0.0681 0.9688
vn 0.0067 -0.1184 0.9929
vn 0.3805 -0.4004 0.8336
vn -0.9239 -0.1151 0.3648
vn -0.5701 0.0335 0.8209
vn 0.7813 -0.5571 0.2814
vn -0.9291 -0.1578 -0.3346
vn 0.6727 0.0318 -0.7392
vn 0.6679 0.1242 -0.7338
vn 0.8980 0.1226 -0.4225
vn 0.9044 0.0318 -0.4255
vn 0.3363 0.1226 -0.9338
vn 0.3278 0.2530 -0.9102
vn 0.5910 0.4787 -0.6493
vn 0.8754 0.2530 -0.4118
vn -0.7067 0.0354 -0.7067
vn -0.7013 0.1274 -0.7013
vn -0.3795 0.1289 -0.9162
vn -0.3824 0.0353 -0.9233
vn 0.9984 0.0318 -0.0470
vn 0.9912 0.1242 -0.0467
vn 0.9338 0.1226 0.3363
vn 0.9404 0.0318 0.3386
vn 0.8770 0.4787 -0.0413
vn 0.9102 0.2530 0.3278
vn 0.3386 0.0318 -0.9404
vn 0.7392 0.0318 0.6727
vn 0.7338 0.1242 0.6679
vn 0.4225 0.1226 0.8980
vn 0.4255 0.0318 0.9044
vn 0.6493 0.4787 0.5910
vn 0.4118 0.2530 0.8754
vn 0.0470 0.0318 0.9984
vn 0.0467 0.1242 0.9912
vn -0.3363 0.1226 0.9338
vn -0.3386 0.0318 0.9404
vn 0.0413 0.4787 0.8770
vn -0.3278 0.2530 0.9102
vn -0.6727 0.0318 0.7392
vn -0.6679 0.1242 0.7338
vn -0.8980 0.1226 0.4225
vn -0.9044 0.0318 0.4255
vn -0.5910 0.4787 0.6493
vn -0.8754 0.2530 0.4118
vn -0.9984 0.0318 0.0470
vn -0.9912 0.1242 0.0467
vn -0.9338 0.1226 -0.3363
vn -0.9404 0.0318 -0.3386
vn -0.8770 0.4787 0.0413
vn -0.9102 0.2530 -0.3278
vn -0.0413 0.4787 -0.8770
vn -0.4118 0.2530 -0.8754
vn -0.6493 0.4787 -0.5910
vn -0.7392 0.0318 -0.6727
vn -0.7338 0.1242 -0.6679
vn 0.3556 0.9024 -0.2434
vn 0.4966 0.7000 -0.5132
vn 0.2436 0.7614 -0.6007
vn 0.1225 0.9325 -0.3397
vn 0.0126 0.6853 -0.7282
vn -0.1033 0.8884 -0.4472
vn 0.3408 0.4922 -0.8010
vn 0.1001 0.5027 -0.8586
vn 0.5440 0.5162 -0.6615
vn 0.0395 0.9506 0.3080
vn 0.1926 0.9773 0.0881
vn -0.0127 0.9991 -0.0398
vn -0.1484 0.9516 0.2691
vn -0.2438 0.9641 -0.1057
vn -0.3029 0.9402 0.1559
vn 0.1296 -0.9036 0.4084
vn -0.1205 -0.9344 0.3353
vn -0.2165 -0.8114 0.5430
vn 0.1011 -0.8174 0.5672
vn -0.1475 -0.9071 0.3943
vn 0.1028 -0.8411 0.5310
vn -0.4467 -0.8340 0.3239
vn -0.4197 -0.8570 0.2989
vn -0.3437 -0.9179 0.1982
vn 0.1251 -0.9437 0.3062
vn -0.0872 -0.9611 0.2620
vn -0.0167 -0.9943 0.1056
vn 0.1960 -0.9472 0.2538
vn -0.2713 -0.9614 0.0463
vn -0.2629 -0.9555 0.1339
vn -0.3534 -0.5089 -0.7849
vn -0.7167 -0.1938 -0.6699
vn -0.8619 0.0244 -0.5064
vn -0.9855 0.0446 -0.1637
vn -0.9057 -0.0214 0.4233
vn 0.9510 0.0794 0.2987
vn 0.9861 -0.1421 0.0863
vn 0.8442 -0.4726 -0.2531
vn 0.2934 0.0150 0.9559
vn 0.7786 0.0982 0.6197
vn 0.3169 -0.6739 -0.6674
vn -0.4056 -0.0095 0.9140
vn -0.3365 0.8813 0.3317
vn -0.2684 0.7122 0.6486
vn -0.0256 0.8175 0.5753
vn -0.0992 0.9551 0.2791
vn 0.2474 0.7923 0.5577
vn 0.1526 0.9573 0.2455
vn 0.0542 0.5765 0.8153
vn 0.2807 0.6254 0.7280
vn -0.1922 0.5519 0.8114
vn -0.3817 0.8728 -0.3040
vn -0.3948 0.9179 -0.0389
vn -0.1618 0.9856 -0.0492
vn -0.2067 0.9030 -0.3767
vn 0.0702 0.9902 -0.1209
vn -0.0168 0.9295 -0.3683
vn -0.1504 -0.9687 -0.1976
vn 0.1002 -0.9564 -0.2742
vn 0.0439 -0.8598 -0.5087
vn -0.2289 -0.9079 -0.3512
vn 0.0855 -0.9365 -0.3401
vn -0.2062 -0.9252 -0.3186
vn 0.3549 -0.8172 -0.4541
vn 0.3506 -0.8387 -0.4167
vn 0.3539 -0.8903 -0.2865
vn -0.0842 -0.9901 -0.1125
vn 0.1173 -0.9742 -0.1930
vn 0.1497 -0.9885 -0.0220
vn -0.1137 -0.9931 -0.0295
vn 0.3843 -0.9157 -0.1173
vn 0.3293 -0.9258 -0.1854
vn 0.8098 -0.3223 0.4903
vn 0.9856 0.0101 0.1690
vn 0.9750 0.2131 -0.0634
vn 0.8888 0.1896 -0.4173
vn 0.5213 0.0158 -0.8532
vn -0.9569 -0.0870 0.2771
vn -0.8289 -0.2718 0.4889
vn -0.4663 -0.5205 0.7152
vn -0.7565 -0.1827 -0.6280
vn -0.9910 -0.1025 -0.0859
vn 0.2281 -0.5839 0.7791
vn -0.1550 -0.1157 -0.9811
vn -0.4257 0.0038 -0.9049
vn -0.0470 0.0038 -0.9989
vn 0.3388 0.0038 -0.9408
vn -0.9408 0.0038 -0.3388
vn -0.7396 0.0038 -0.6731
vn -0.9049 0.0038 0.4257
vn -0.9989 0.0038 0.0470
vn -0.3388 0.0038 0.9408
vn -0.6731 0.0038 0.7396
vn 0.4257 0.0038 0.9049
vn 0.0470 0.0038 0.9989
vn 0.9408 0.0038 0.3388
vn 0.7396 0.0038 0.6731
vn 0.9049 0.0038 -0.4257
vn 0.9989 0.0038 -0.0470
vn 0.6731 0.0038 -0.7396
vn -0.4205 0.9024 -0.0943
vn -0.7141 0.7000 -0.0135
vn -0.6056 0.7614 0.2312
vn -0.3321 0.9325 0.1419
vn -0.5414 0.6853 0.4872
vn -0.2568 0.8884 0.3804
vn -0.8184 0.4922 0.2967
vn -0.6965 0.5027 0.5121
vn -0.8548 0.5162 0.0529
vn 0.1984 0.9506 -0.2389
vn -0.0668 0.9773 -0.2010
vn -0.0205 0.9991 0.0364
vn 0.2981 0.9516 -0.0749
vn 0.0889 0.9641 0.2504
vn 0.3205 0.9402 0.1154
vn 0.2105 -0.9036 -0.3732
vn 0.3274 -0.9344 -0.1404
vn 0.5449 -0.8114 -0.2118
vn 0.3460 -0.8174 -0.4606
vn 0.3891 -0.9071 -0.1608
vn 0.3184 -0.8411 -0.4371
vn 0.5415 -0.8340 0.1060
vn 0.5048 -0.8570 0.1033
vn 0.3793 -0.9179 0.1163
vn 0.1387 -0.9437 -0.3003
vn 0.2511 -0.9611 -0.1148
vn 0.0887 -0.9943 -0.0598
vn 0.0521 -0.9472 -0.3164
vn 0.2188 -0.9614 0.1670
vn 0.2771 -0.9555 0.1011
vn -0.3334 -0.5089 0.7936
vn -0.0016 -0.1938 0.9810
vn 0.2170 0.0244 0.9759
vn 0.5521 0.0446 0.8326
vn 0.9272 -0.0214 0.3741
vn -0.4298 0.0794 -0.8994
vn -0.6091 -0.1421 -0.7803
vn -0.7606 -0.4726 -0.4451
vn 0.4993 0.0150 -0.8663
vn -0.0774 0.0982 -0.9922
vn -0.7043 -0.6739 0.2232
vn 0.9452 -0.0095 -0.3263
vn -0.0695 0.9028 -0.4245
vn -0.3122 0.7161 -0.6243
vn -0.4541 0.7947 -0.4028
vn -0.2177 0.9500 -0.2237
vn -0.6410 0.7384 -0.2095
vn -0.3813 0.9239 -0.0312
vn -0.6463 0.5379 -0.5413
vn -0.7607 0.5630 -0.3231
vn -0.4592 0.5425 -0.7035
vn 0.3881 0.9214 0.0187
vn 0.2163 0.9586 -0.1852
vn 0.0438 0.9989 -0.0190
vn 0.3041 0.9333 0.1908
vn -0.0802 0.9787 0.1888
vn 0.1555 0.9372 0.3122
vn 0.3491 -0.9371 -0.0037
vn 0.2138 -0.9516 0.2207
vn 0.4009 -0.8411 0.3631
vn 0.5026 -0.8623 0.0619
vn 0.2664 -0.9278 0.2611
vn 0.4660 -0.8833 0.0517
vn 0.1304 -0.8370 0.5314
vn 0.1111 -0.8592 0.4995
vn 0.0276 -0.9153 0.4019
vn 0.2459 -0.9690 -0.0241
vn 0.1491 -0.9740 0.1706
vn 0.0129 -0.9979 0.0639
vn 0.2127 -0.9714 -0.1058
vn -0.1048 -0.9498 0.2947
vn -0.0177 -0.9511 0.3084
vn -0.8886 -0.4314 0.1560
vn -0.8409 -0.1111 0.5297
vn -0.7006 0.0997 0.7066
vn -0.3988 0.0985 0.9117
vn 0.1818 -0.0160 0.9832
vn 0.5311 0.0161 -0.8472
vn 0.3159 -0.1896 -0.9296
vn -0.0750 -0.4866 -0.8704
vn 0.9965 -0.0713 -0.0445
vn 0.7997 0.0172 -0.6002
vn -0.6229 -0.6330 -0.4597
vn 0.7804 -0.0631 0.6221
vn 0.2298 0.9403 0.2512
vn 0.5604 0.7847 0.2649
vn 0.5277 0.8494 -0.0000
vn 0.2178 0.9760 -0.0000
vn 0.5604 0.7847 -0.2649
vn 0.2298 0.9403 -0.2512
vn 0.7877 0.6161 -0.0000
vn 0.7406 0.6265 -0.2429
vn 0.7406 0.6265 0.2429
vn -0.4028 0.8959 0.1874
vn -0.1464 0.9600 0.2388
vn -0.1174 0.9931 -0.0000
vn -0.4441 0.8960 -0.0000
vn -0.1464 0.9600 -0.2388
vn -0.4028 0.8959 -0.1874
vn -0.1819 -0.9486 0.2590
vn -0.2127 -0.9771 -0.0000
vn -0.4572 -0.8894 -0.0000
vn -0.3495 -0.8877 0.2998
vn -0.2809 -0.9597 -0.0000
vn -0.3126 -0.9058 0.2860
vn -0.3495 -0.8877 -0.2998
vn -0.3126 -0.9058 -0.2860
vn -0.1819 -0.9486 -0.2590
vn -0.0855 -0.9734 0.2123
vn -0.1291 -0.9916 -0.0000
vn 0.0454 -0.9990 -0.0000
vn -0.0091 -0.9667 0.2558
vn -0.0091 -0.9667 -0.2558
vn -0.0855 -0.9734 -0.2123
vn 0.6404 -0.4004 -0.6554
vn 0.3427 -0.1184 -0.9319
vn 0.1041 0.0681 -0.9922
vn -0.2582 0.0335 -0.9655
vn -0.7457 -0.1151 -0.6563
vn 0.1041 0.0681 0.9922
vn 0.3427 -0.1184 0.9319
vn 0.6404 -0.4004 0.6554
vn -0.7457 -0.1151 0.6563
vn -0.2582 0.0335 0.9655
vn 0.8304 -0.5571 -0.0000
vn -0.9875 -0.1578 -0.0000
vn 0.3824 0.0353 -0.9233
vn 0.3795 0.1289 -0.9162
vn 0.7013 0.1274 -0.7013
vn 0.7067 0.0354 -0.7067
vn -0.0000 0.1274 -0.9919
vn -0.0000 0.2554 -0.9668
vn 0.3359 0.4793 -0.8109
vn 0.6836 0.2554 -0.6836
vn -0.6089 0.0500 0.7916
vn -0.6033 0.1449 0.7843
vn -0.8573 0.1459 0.4936
vn -0.8655 0.0499 0.4984
vn 0.9233 0.0353 -0.3824
vn 0.9162 0.1289 -0.3795
vn 0.9919 0.1274 -0.0000
vn 0.9994 0.0354 -0.0000
vn 0.8109 0.4793 -0.3359
vn 0.9668 0.2554 -0.0000
vn -0.0000 0.0354 -0.9994
vn 0.9233 0.0353 0.3824
vn 0.9162 0.1289 0.3795
vn 0.7013 0.1274 0.7013
vn 0.7067 0.0354 0.7067
vn 0.8109 0.4793 0.3359
vn 0.6836 0.2554 0.6836
vn 0.3824 0.0353 0.9233
vn 0.3795 0.1289 0.9162
vn -0.0000 0.1274 0.9919
vn -0.0000 0.0354 0.9994
vn 0.3359 0.4793 0.8109
vn -0.0000 0.2554 0.9668
vn -0.3824 0.0353 0.9233
vn -0.3795 0.1289 0.9162
vn -0.7013 0.1274 0.7013
vn -0.7067 0.0354 0.7067
vn -0.3359 0.4793 0.8109
vn -0.6836 0.2554 0.6836
vn -0.9233 0.0353 0.3824
vn -0.9162 0.1289 0.3795
vn -0.9919 0.1274 -0.0000
vn -0.9994 0.0354 -0.0000
vn -0.8109 0.4793 0.3359
vn -0.9668 0.2554 -0.0000
vn -0.3359 0.4793 -0.8109
vn -0.6836 0.2554 -0.6836
vn -0.8109 0.4793 -0.3359
vn -0.9233 0.0353 -0.3824
vn -0.9162 0.1289 -0.3795
vn 0.2521 0.9024 -0.3495
vn 0.2934 0.7000 -0.6511
vn 0.0257 0.7614 -0.6477
vn 0.0002 0.9325 -0.3611
vn -0.2349 0.6853 -0.6894
vn -0.2487 0.8884 -0.3858
vn 0.0492 0.4922 -0.8691
vn -0.1967 0.5027 -0.8418
vn 0.2877 0.5162 -0.8067
vn 0.1415 0.9506 0.2763
vn 0.2111 0.9773 0.0176
vn -0.0254 0.9991 -0.0331
vn -0.0484 0.9516 0.3035
vn -0.2652 0.9641 -0.0168
vn -0.2322 0.9402 0.2493
vn 0.2603 -0.9036 0.3403
vn 0.0002 -0.9344 0.3563
vn -0.0197 -0.8114 0.5842
vn 0.2873 -0.8174 0.4994
vn -0.0052 -0.9071 0.4210
vn 0.2766 -0.8411 0.4647
vn -0.3105 -0.8340 0.4561
vn -0.2936 -0.8570 0.4235
vn -0.2562 -0.9179 0.3030
vn 0.2215 -0.9437 0.2457
vn 0.0068 -0.9611 0.2760
vn 0.0201 -0.9943 0.1050
vn 0.2704 -0.9472 0.1724
vn -0.2396 -0.9614 0.1355
vn -0.2020 -0.9555 0.2150
vn -0.5985 -0.5089 -0.6187
vn -0.9013 -0.1938 -0.3874
vn -0.9825 0.0244 -0.1844
vn -0.9827 0.0446 0.1799
vn -0.7087 -0.0214 0.7052
vn 0.9960 0.0794 -0.0412
vn 0.9570 -0.1421 -0.2529
vn 0.7085 -0.4726 -0.5241
vn 0.5999 0.0150 0.7999
vn 0.9426 0.0982 0.3193
vn 0.0720 -0.6739 -0.7353
vn -0.0719 -0.0095 0.9974
vn -0.2042 0.8813 0.4261
vn -0.0328 0.7122 0.7012
vn 0.1709 0.8175 0.5500
vn 0.0013 0.9551 0.2962
vn 0.4217 0.7923 0.4409
vn 0.2267 0.9573 0.1793
vn 0.3272 0.5765 0.7487
vn 0.5108 0.6254 0.5899
vn 0.0940 0.5519 0.8286
vn -0.4622 0.8728 -0.1567
vn -0.3846 0.9179 0.0972
vn -0.1689 0.9856 0.0085
vn -0.3221 0.9030 -0.2844
vn 0.0251 0.9902 -0.1375
vn -0.1406 0.9295 -0.3409
vn -0.2085 -0.9687 -0.1350
vn 0.0014 -0.9564 -0.2920
vn -0.1311 -0.8598 -0.4935
vn -0.3343 -0.9079 -0.2529
vn -0.0348 -0.9365 -0.3490
vn -0.3019 -0.9252 -0.2299
vn 0.1800 -0.8172 -0.5475
vn 0.1886 -0.8387 -0.5109
vn 0.2359 -0.8903 -0.3895
vn -0.1173 -0.9901 -0.0774
vn 0.0450 -0.9742 -0.2213
vn 0.1334 -0.9885 -0.0714
vn -0.1169 -0.9931 0.0108
vn 0.3219 -0.9157 -0.2406
vn 0.2470 -0.9258 -0.2860
vn 0.9280 -0.3223 0.1869
vn 0.9845 0.0101 -0.1749
vn 0.8958 0.2131 -0.3900
vn 0.6948 0.1896 -0.6937
vn 0.2014 0.0158 -0.9794
vn -0.8064 -0.0870 0.5849
vn -0.6142 -0.2718 0.7408
vn -0.1964 -0.5205 0.8309
vn -0.9245 -0.1827 -0.3345
vn -0.9615 -0.1025 0.2550
vn 0.4785 -0.5839 0.6557
vn -0.4782 -0.1157 -0.8706
vn -0.7071 0.0044 -0.7071
vn -0.3827 0.0044 -0.9239
vn -0.0000 0.0044 -1.0000
vn -1.0000 0.0044 -0.0000
vn -0.9239 0.0044 -0.3827
vn -0.7071 0.0044 0.7071
vn -0.9239 0.0044 0.3827
vn -0.0000 0.0044 1.0000
vn -0.3827 0.0044 0.9239
vn 0.7071 0.0044 0.7071
vn 0.3827 0.0044 0.9239
vn 1.0000 0.0044 -0.0000
vn 0.9239 0.0044 0.3827
vn 0.7071 0.0044 -0.7071
vn 0.9239 0.0044 -0.3827
vn 0.3827 0.0044 -0.9239
vn -0.4276 0.9024 0.0538
vn -0.6764 0.7000 0.2292
vn -0.4914 0.7614 0.4228
vn -0.2643 0.9325 0.2460
vn -0.3443 0.6853 0.6418
vn -0.1127 0.8884 0.4449
vn -0.6694 0.4922 0.5565
vn -0.4818 0.5027 0.7177
vn -0.7863 0.5162 0.3394
vn 0.1057 0.9506 -0.2919
vn -0.1310 0.9773 -0.1665
vn -0.0069 0.9991 0.0412
vn 0.2551 0.9516 -0.1714
vn 0.1684 0.9641 0.2055
vn 0.3407 0.9402 -0.0001
vn 0.0716 -0.9036 -0.4224
vn 0.2605 -0.9344 -0.2430
vn 0.4409 -0.8114 -0.3838
vn 0.1695 -0.8174 -0.5506
vn 0.3116 -0.9071 -0.2831
vn 0.1515 -0.8411 -0.5192
vn 0.5454 -0.8340 -0.0837
vn 0.5100 -0.8570 -0.0738
vn 0.3963 -0.9179 -0.0191
vn 0.0288 -0.9437 -0.3295
vn 0.1973 -0.9611 -0.1931
vn 0.0632 -0.9943 -0.0863
vn -0.0582 -0.9472 -0.3154
vn 0.2625 -0.9614 0.0830
vn 0.2950 -0.9555 0.0012
vn -0.0447 -0.5089 0.8596
vn 0.3309 -0.1938 0.9235
vn 0.5348 0.0244 0.8446
vn 0.8015 0.0446 0.5963
vn 0.9991 -0.0214 0.0378
vn -0.7091 0.0794 -0.7006
vn -0.8374 -0.1421 -0.5278
vn -0.8664 -0.4726 -0.1611
vn 0.1763 0.0150 -0.9842
vn -0.4089 0.0982 -0.9073
vn -0.5870 -0.6739 0.4486
vn 0.7787 -0.0095 -0.6273
vn -0.2092 0.9028 -0.3758
vn -0.5052 0.7161 -0.4817
vn -0.5638 0.7947 -0.2251
vn -0.2807 0.9500 -0.1367
vn -0.6741 0.7384 0.0201
vn -0.3693 0.9239 0.0999
vn -0.7915 0.5379 -0.2903
vn -0.8252 0.5630 -0.0462
vn -0.6704 0.5425 -0.5063
vn 0.3715 0.9214 -0.1139
vn 0.1408 0.9586 -0.2475
vn 0.0347 0.9989 -0.0328
vn 0.3508 0.9333 0.0765
vn -0.0115 0.9787 0.2048
vn 0.2521 0.9372 0.2411
vn 0.3272 -0.9371 -0.1217
vn 0.2759 -0.9516 0.1352
vn 0.5002 -0.8411 0.2058
vn 0.4938 -0.8623 -0.1121
vn 0.3391 -0.9278 0.1554
vn 0.4560 -0.8833 -0.1092
vn 0.3027 -0.8370 0.4557
vn 0.2737 -0.8592 0.4323
vn 0.1621 -0.9153 0.3688
vn 0.2232 -0.9690 -0.1060
vn 0.1981 -0.9740 0.1100
vn 0.0338 -0.9979 0.0558
vn 0.1643 -0.9714 -0.1716
vn 0.0013 -0.9498 0.3128
vn 0.0879 -0.9511 0.2961
vn -0.7832 -0.4314 0.4478
vn -0.6117 -0.1111 0.7833
vn -0.4197 0.0997 0.9022
vn -0.0663 0.0985 0.9929
vn 0.5042 -0.0160 0.8635
vn 0.2126 0.0161 -0.9770
vn -0.0177 -0.1896 -0.9817
vn -0.3654 -0.4866 -0.7935
vn 0.9225 -0.0713 -0.3795
vn 0.5491 0.0172 -0.8356
vn -0.7418 -0.6330 -0.2215
vn 0.9450 -0.0631 0.3208
vn 0.2193 0.9403 -0.2604
vn 0.1902 0.7847 -0.5900
vn -0.0683 0.8494 -0.5233
vn -0.0282 0.9760 -0.2160
vn -0.3352 0.7847 -0.5214
vn -0.2788 0.9403 -0.1954
vn -0.1019 0.6161 -0.7811
vn -0.3367 0.6265 -0.7030
vn 0.1451 0.6265 -0.7658
vn 0.2380 0.8959 0.3752
vn 0.2558 0.9600 0.1143
vn 0.0152 0.9931 0.1165
vn 0.0574 0.8960 0.4403
vn -0.2179 0.9600 0.1761
vn -0.1337 0.8959 0.4237
vn 0.2804 -0.9486 0.1469
vn 0.0275 -0.9771 0.2109
vn 0.0591 -0.8894 0.4534
vn 0.3425 -0.8877 0.3077
vn 0.0363 -0.9597 0.2786
vn 0.3240 -0.9058 0.2730
vn -0.2521 -0.8877 0.3853
vn -0.2431 -0.9058 0.3470
vn -0.2333 -0.9486 0.2139
vn 0.2216 -0.9734 0.0573
vn 0.0167 -0.9916 0.1280
vn -0.0059 -0.9990 -0.0450
vn 0.2548 -0.9667 -0.0241
vn -0.2525 -0.9667 0.0421
vn -0.1995 -0.9734 0.1123
vn -0.7328 -0.4004 -0.5502
vn -0.9684 -0.1184 -0.2193
vn -0.9974 0.0681 0.0251
vn -0.9240 0.0335 0.3809
vn -0.5543 -0.1151 0.8243
vn 0.9704 0.0681 -0.2316
vn 0.8798 -0.1184 -0.4604
vn 0.5671 -0.4004 -0.7198
vn 0.7472 -0.1151 0.6545
vn 0.9908 0.0335 0.1312
vn -0.1074 -0.5571 -0.8235
vn 0.1277 -0.1578 0.9792
vn -0.9644 0.0499 -0.2596
vn -0.9553 0.1459 -0.2572
vn -0.7843 0.1449 -0.6033
vn -0.7916 0.0500 -0.6089
vn -0.9811 0.1449 0.1280
vn -0.9569 0.2621 0.1248
vn -0.8466 0.4809 -0.2279
vn -0.7649 0.2621 -0.5884
vn 0.9507 0.0338 -0.3082
vn 0.9438 0.1252 -0.3060
vn 0.9888 0.1268 0.0785
vn 0.9963 0.0337 0.0791
vn -0.4984 0.0499 -0.8655
vn -0.4936 0.1459 -0.8573
vn -0.1280 0.1449 -0.9811
vn -0.1292 0.0500 -0.9904
vn -0.4375 0.4809 -0.7598
vn -0.1248 0.2621 -0.9569
vn -0.9904 0.0500 0.1292
vn 0.2596 0.0499 -0.9644
vn 0.2572 0.1459 -0.9553
vn 0.6033 0.1449 -0.7843
vn 0.6089 0.0500 -0.7916
vn 0.2279 0.4809 -0.8466
vn 0.5884 0.2621 -0.7649
vn 0.8655 0.0499 -0.4984
vn 0.8573 0.1459 -0.4936
vn 0.9811 0.1449 -0.1280
vn 0.9904 0.0500 -0.1292
vn 0.7598 0.4809 -0.4375
vn 0.9569 0.2621 -0.1248
vn 0.9644 0.0499 0.2596
vn 0.9553 0.1459 0.2572
vn 0.7843 0.1449 0.6033
vn 0.7916 0.0500 0.6089
vn 0.8466 0.4809 0.2279
vn 0.7649 0.2621 0.5884
vn 0.4984 0.0499 0.8655
vn 0.4936 0.1459 0.8573
vn 0.1280 0.1449 0.9811
vn 0.1292 0.0500 0.9904
vn 0.4375 0.4809 0.7598
vn 0.1248 0.2621 0.9569
vn -0.7598 0.4809 0.4375
vn -0.5884 0.2621 0.7649
vn -0.2279 0.4809 0.8466
vn -0.2596 0.0499 0.9644
vn -0.2572 0.1459 0.9553
vn -0.3792 0.9024 -0.2048
vn -0.6836 0.7000 -0.2067
vn -0.6456 0.7614 0.0583
vn -0.3581 0.9325 0.0465
vn -0.6532 0.6853 0.3221
vn -0.3503 0.8884 0.2965
vn -0.8682 0.4922 0.0636
vn -0.8093 0.5027 0.3040
vn -0.8371 0.5162 -0.1809
vn 0.2557 0.9506 -0.1761
vn -0.0098 0.9773 -0.2116
vn -0.0296 0.9991 0.0295
vn 0.3072 0.9516 0.0088
vn 0.0176 0.9641 0.2651
vn 0.2772 0.9402 0.1980
vn 0.3038 -0.9036 -0.3021
vn 0.3532 -0.9344 -0.0463
vn 0.5819 -0.8114 -0.0560
vn 0.4580 -0.8174 -0.3495
vn 0.4181 -0.9071 -0.0493
vn 0.4251 -0.8411 -0.3344
vn 0.4924 -0.8340 0.2489
vn 0.4579 -0.8570 0.2364
vn 0.3335 -0.9179 0.2148
vn 0.2149 -0.9437 -0.2514
vn 0.2728 -0.9611 -0.0424
vn 0.1016 -0.9943 -0.0335
vn 0.1360 -0.9472 -0.2905
vn 0.1653 -0.9614 0.2201
vn 0.2393 -0.9555 0.1724
vn -0.5361 -0.5089 0.6735
vn -0.2676 -0.1938 0.9438
vn -0.0558 0.0244 0.9981
vn 0.3055 0.0446 0.9511
vn 0.7909 -0.0214 0.6115
vn -0.1697 0.0794 -0.9823
vn -0.3746 -0.1420 -0.9162
vn -0.6114 -0.4726 -0.6347
vn 0.7156 0.0150 -0.6984
vn 0.1947 0.0982 -0.9759
vn -0.7384 -0.6739 0.0238
vn 0.9983 -0.0095 -0.0577
vn 0.4489 0.8813 0.1473
vn 0.6995 0.7122 -0.0582
vn 0.5232 0.8175 -0.2406
vn 0.2936 0.9551 -0.0396
vn 0.3826 0.7923 -0.4752
vn 0.1484 0.9573 -0.2480
vn 0.7001 0.5765 -0.4213
vn 0.5188 0.6254 -0.5828
vn 0.8094 0.5519 -0.2004
vn -0.0956 0.8728 0.4785
vn 0.1461 0.9179 0.3688
vn 0.0303 0.9856 0.1664
vn -0.2404 0.9030 0.3562
vn -0.1396 0.9902 -0.0071
vn -0.3198 0.9295 0.1835
vn -0.1069 -0.9687 0.2242
vn -0.2897 -0.9564 0.0364
vn -0.4724 -0.8598 0.1938
vn -0.2075 -0.9079 0.3642
vn -0.3416 -0.9365 0.0796
vn -0.1889 -0.9252 0.3291
vn -0.5662 -0.8172 -0.1077
vn -0.5310 -0.8387 -0.1210
vn -0.4167 -0.8903 -0.1835
vn -0.0615 -0.9901 0.1263
vn -0.2253 -0.9742 -0.0160
vn -0.0880 -0.9885 -0.1230
vn 0.0258 -0.9931 0.1146
vn -0.2802 -0.9157 -0.2880
vn -0.3156 -0.9258 -0.2079
vn 0.0653 -0.3223 -0.9444
vn -0.3008 0.0101 -0.9536
vn -0.5026 0.2131 -0.8378
vn -0.7778 0.1896 -0.5993
vn -0.9972 0.0158 -0.0730
vn 0.6843 -0.0870 0.7240
vn 0.8141 -0.2718 0.5132
vn 0.8494 -0.5205 0.0873
vn -0.2121 -0.1827 0.9600
vn 0.3772 -0.1025 0.9204
vn 0.5883 -0.5839 -0.5593
vn -0.8014 -0.1157 0.5868
vn -0.6097 0.0078 0.7926
vn -0.8666 0.0078 0.4990
vn -0.9916 0.0078 0.1294
vn 0.1293 0.0078 0.9916
vn -0.2600 0.0078 0.9656
vn 0.7926 0.0078 0.6097
vn 0.4990 0.0078 0.8666
vn 0.9916 0.0078 -0.1294
vn 0.9656 0.0078 0.2600
vn 0.6097 0.0078 -0.7926
vn 0.8666 0.0078 -0.4990
vn -0.1293 0.0078 -0.9916
vn 0.2600 0.0078 -0.9656
vn -0.7926 0.0078 -0.6097
vn -0.4990 0.0077 -0.8666
vn -0.9656 0.0078 -0.2600
vn 0.1086 0.9024 0.4170
vn 0.3148 0.7000 0.6411
vn 0.4828 0.7614 0.4326
vn 0.2782 0.9325 0.2303
vn 0.6809 0.6853 0.2584
vn 0.4558 0.8884 0.0542
vn 0.6384 0.4922 0.5918
vn 0.7740 0.5027 0.3849
vn 0.4383 0.5162 0.7358
vn -0.3032 0.9506 -0.0670
vn -0.1481 0.9773 0.1514
vn 0.0417 0.9991 0.0015
vn -0.2030 0.9516 -0.2307
vn 0.1820 0.9641 -0.1936
vn -0.0441 0.9402 -0.3378
vn -0.4282 -0.9036 -0.0163
vn -0.2747 -0.9344 -0.2269
vn -0.4376 -0.8114 -0.3875
vn -0.5679 -0.8174 -0.0968
vn -0.3211 -0.9071 -0.2723
vn -0.5344 -0.8411 -0.0831
vn -0.1535 -0.8340 -0.5300
vn -0.1392 -0.8570 -0.4961
vn -0.0702 -0.9179 -0.3905
vn -0.3304 -0.9437 0.0141
vn -0.2170 -0.9611 -0.1707
vn -0.0937 -0.9943 -0.0515
vn -0.3052 -0.9472 0.0985
vn 0.0483 -0.9614 -0.2710
vn -0.0370 -0.9555 -0.2927
vn 0.8582 -0.5089 -0.0668
vn 0.8730 -0.1938 -0.4476
vn 0.7683 0.0244 -0.6396
vn 0.4876 0.0446 -0.8719
vn -0.0917 -0.0214 -0.9956
vn -0.6030 0.0794 0.7938
vn -0.4150 -0.1421 0.8987
vn -0.0476 -0.4726 0.8800
vn -0.9988 0.0150 -0.0475
vn -0.8467 0.0982 0.5229
vn 0.5208 -0.6739 0.5241
vn -0.7227 -0.0095 -0.6911
vn -0.3456 0.9028 0.2561
vn -0.4123 0.7161 0.5633
vn -0.1503 0.7947 0.5881
vn -0.0993 0.9500 0.2960
vn 0.1071 0.7384 0.6658
vn 0.1468 0.9239 0.3533
vn -0.1855 0.5379 0.8224
vn 0.0609 0.5630 0.8242
vn -0.4153 0.5425 0.7302
vn -0.1610 0.9214 -0.3537
vn -0.2636 0.9586 -0.1076
vn -0.0370 0.9989 -0.0302
vn 0.0305 0.9333 -0.3577
vn 0.2046 0.9787 -0.0151
vn 0.2064 0.9372 -0.2811
vn -0.1630 -0.9371 -0.3087
vn 0.0984 -0.9516 -0.2911
vn 0.1393 -0.8411 -0.5226
vn -0.1750 -0.8623 -0.4752
vn 0.1102 -0.9278 -0.3563
vn -0.1673 -0.8833 -0.4380
vn 0.4128 -0.8370 -0.3591
vn 0.3933 -0.8592 -0.3274
vn 0.3447 -0.9153 -0.2085
vn -0.1340 -0.9690 -0.2076
vn 0.0834 -0.9740 -0.2106
vn 0.0509 -0.9979 -0.0407
vn -0.1914 -0.9714 -0.1407
vn 0.3100 -0.9498 -0.0417
vn 0.2823 -0.9511 -0.1254
vn 0.5453 -0.4314 0.7187
vn 0.8558 -0.1111 0.5052
vn 0.9489 0.0997 0.2995
vn 0.9932 0.0985 -0.0627
vn 0.7910 -0.0160 -0.6116
vn -0.9963 0.0161 -0.0845
vn -0.9712 -0.1896 0.1446
vn -0.7396 -0.4866 0.4650
vn -0.4956 -0.0713 -0.8656
vn -0.8996 0.0172 -0.4364
vn -0.1237 -0.6330 0.7642
vn 0.1959 -0.0631 -0.9786
vn -0.3282 0.9403 0.0905
vn -0.4907 0.7847 0.3787
vn -0.2399 0.8494 0.4700
vn -0.0990 0.9760 0.1940
vn -0.0188 0.7847 0.6196
vn 0.1192 0.9403 0.3189
vn -0.3581 0.6161 0.7016
vn -0.1203 0.6265 0.7701
vn -0.5530 0.6265 0.5492
vn 0.0162 0.8959 -0.4440
vn -0.1462 0.9600 -0.2390
vn 0.0534 0.9931 -0.1046
vn 0.2019 0.8960 -0.3955
vn 0.2793 0.9600 -0.0218
vn 0.3500 0.8959 -0.2736
vn -0.1480 -0.9486 -0.2798
vn 0.0967 -0.9771 -0.1894
vn 0.2078 -0.8894 -0.4072
vn -0.1082 -0.8877 -0.4476
vn 0.1277 -0.9597 -0.2502
vn -0.1126 -0.9058 -0.4084
vn 0.4259 -0.8877 -0.1750
vn 0.3968 -0.9058 -0.1484
vn 0.3134 -0.9486 -0.0443
vn -0.1503 -0.9734 -0.1727
vn 0.0587 -0.9916 -0.1150
vn -0.0206 -0.9990 0.0405
vn -0.2237 -0.9667 -0.1244
vn 0.2320 -0.9667 0.1082
vn 0.2280 -0.9734 0.0203
vn 0.2927 -0.4004 0.8684
vn 0.6743 -0.1184 0.7289
vn 0.8365 0.0681 0.5438
vn 0.9774 0.0335 0.2089
vn 0.9235 -0.1151 -0.3658
vn -0.9311 0.0681 -0.3584
vn -0.9859 -0.1184 -0.1184
vn -0.8749 -0.4004 0.2725
vn -0.2456 -0.1151 -0.9625
vn -0.7426 0.0335 -0.6689
vn -0.3775 -0.5571 0.7397
vn 0.4489 -0.1578 -0.8795
vn 0.6486 0.0337 0.7604
vn 0.6437 0.1268 0.7547
vn 0.3060 0.1252 0.9438
vn 0.3082 0.0338 0.9507
vn 0.8837 0.1252 0.4510
vn 0.8614 0.2544 0.4396
vn 0.5696 0.4790 0.6679
vn 0.2982 0.2544 0.9200
vn -0.0791 0.0337 0.9963
vn -0.0785 0.1268 0.9888
vn -0.4510 0.1252 0.8837
vn -0.4543 0.0338 0.8902
vn -0.0695 0.4790 0.8751
vn -0.4396 0.2544 0.8614
vn 0.8902 0.0338 0.4543
vn -0.7604 0.0337 0.6486
vn -0.7547 0.1268 0.6437
vn -0.9438 0.1252 0.3060
vn -0.9507 0.0338 0.3082
vn -0.6679 0.4790 0.5696
vn -0.9200 0.2544 0.2982
vn -0.9963 0.0337 -0.0791
vn -0.9888 0.1268 -0.0785
vn -0.8837 0.1252 -0.4510
vn -0.8902 0.0338 -0.4543
vn -0.8751 0.4790 -0.0695
vn -0.8614 0.2544 -0.4396
vn -0.6486 0.0337 -0.7604
vn -0.6437 0.1268 -0.7547
vn -0.3060 0.1252 -0.9438
vn -0.3082 0.0338 -0.9507
vn -0.5696 0.4790 -0.6679
vn -0.2982 0.2544 -0.9200
vn 0.0791 0.0337 -0.9963
vn 0.0785 0.1268 -0.9888
vn 0.4510 0.1252 -0.8837
vn 0.4543 0.0338 -0.8902
vn 0.0695 0.4790 -0.8751
vn 0.4396 0.2544 -0.8614
vn 0.8751 0.4790 0.0695
vn 0.9200 0.2544 -0.2982
vn 0.6679 0.4790 -0.5696
vn 0.7604 0.0337 -0.6486
vn 0.7547 0.1268 -0.6437
vn 0.1967 0.9024 0.3834
vn 0.4466 0.7000 0.5573
vn 0.5653 0.7614 0.3173
vn 0.3216 0.9325 0.1643
vn 0.7208 0.6853 0.1042
vn 0.4567 0.8884 -0.0462
vn 0.7517 0.4922 0.4389
vn 0.8392 0.5027 0.2074
vn 0.5878 0.5162 0.6230
vn -0.3105 0.9506 0.0004
vn -0.1117 0.9773 0.1800
vn 0.0411 0.9991 -0.0076
vn -0.2483 0.9516 -0.1811
vn 0.1355 0.9641 -0.2285
vn -0.1165 0.9402 -0.3201
vn -0.4215 -0.9036 0.0771
vn -0.3174 -0.9344 -0.1618
vn -0.5114 -0.8114 -0.2831
vn -0.5754 -0.8174 0.0289
vn -0.3726 -0.9071 -0.1960
vn -0.5397 -0.8411 0.0351
vn -0.2651 -0.8340 -0.4839
vn -0.2437 -0.8570 -0.4540
vn -0.1534 -0.9179 -0.3659
vn -0.3195 -0.9437 0.0856
vn -0.2489 -0.9611 -0.1194
vn -0.1027 -0.9943 -0.0299
vn -0.2765 -0.9472 0.1625
vn -0.0118 -0.9614 -0.2750
vn -0.0997 -0.9555 -0.2776
vn 0.8232 -0.5089 -0.2518
vn 0.7548 -0.1938 -0.6267
vn 0.6109 0.0244 -0.7913
vn 0.2864 0.0446 -0.9571
vn -0.3059 -0.0214 -0.9518
vn -0.4160 0.0794 0.9059
vn -0.2097 -0.1421 0.9674
vn 0.1448 -0.4726 0.8693
vn -0.9852 0.0150 0.1708
vn -0.7129 0.0982 0.6944
vn 0.6222 -0.6739 0.3984
vn -0.8557 -0.0095 -0.5175
vn -0.2867 0.8813 -0.3755
vn -0.6096 0.7122 -0.3480
vn -0.5675 0.8175 -0.0978
vn -0.2644 0.9551 -0.1335
vn -0.5844 0.7923 0.1752
vn -0.2627 0.9573 0.1204
vn -0.8156 0.5765 -0.0489
vn -0.7576 0.6254 0.1868
vn -0.7808 0.5519 -0.2929
vn 0.3497 0.8728 -0.3404
vn 0.0883 0.9179 -0.3868
vn 0.0692 0.9856 -0.1543
vn 0.3997 0.9030 -0.1576
vn 0.1111 0.9902 0.0849
vn 0.3675 0.9295 0.0297
vn 0.2150 -0.9687 -0.1243
vn 0.2594 -0.9564 0.1340
vn 0.4991 -0.8598 0.1076
vn 0.3772 -0.9079 -0.1828
vn 0.3267 -0.9365 0.1277
vn 0.3420 -0.9252 -0.1644
vn 0.4058 -0.8172 0.4092
vn 0.3693 -0.8387 0.4003
vn 0.2397 -0.8903 0.3871
vn 0.1222 -0.9901 -0.0693
vn 0.1767 -0.9742 0.1407
vn 0.0029 -0.9885 0.1513
vn 0.0436 -0.9931 -0.1090
vn 0.0680 -0.9157 0.3960
vn 0.1425 -0.9258 0.3500
vn -0.5883 -0.3223 0.7416
vn -0.2918 0.0101 0.9564
vn -0.0598 0.2131 0.9752
vn 0.3020 0.1896 0.9343
vn 0.7808 0.0158 0.6246
vn -0.1544 -0.0870 -0.9842
vn -0.3806 -0.2718 -0.8839
vn -0.6508 -0.5205 -0.5527
vn 0.7182 -0.1827 -0.6714
vn 0.2100 -0.1025 -0.9723
vn -0.8016 -0.5839 0.1282
vn 0.9928 -0.1157 -0.0302
vn 0.9513 0.0042 -0.3084
vn 0.9969 0.0041 0.0791
vn 0.8907 0.0042 0.4546
vn 0.4546 0.0042 -0.8907
vn 0.7608 0.0041 -0.6489
vn -0.3084 0.0042 -0.9513
vn 0.0791 0.0041 -0.9969
vn -0.8907 0.0042 -0.4546
vn -0.6489 0.0041 -0.7608
vn -0.9513 0.0042 0.3084
vn -0.9969 0.0041 -0.0791
vn -0.4546 0.0042 0.8907
vn -0.7608 0.0041 0.6489
vn 0.3084 0.0042 0.9513
vn -0.0791 0.0041 0.9969
vn 0.6489 0.0041 0.7608
vn 0.1465 0.9024 -0.4053
vn 0.1033 0.7000 -0.7067
vn -0.1532 0.7614 -0.6299
vn -0.0990 0.9325 -0.3473
vn -0.4152 0.6853 -0.5984
vn -0.3451 0.8884 -0.3026
vn -0.1913 0.4922 -0.8492
vn -0.4203 0.5027 -0.7554
vn 0.0551 0.5162 -0.8547
vn 0.2120 0.9506 0.2269
vn 0.2078 0.9773 -0.0410
vn -0.0335 0.9991 -0.0249
vn 0.0368 0.9516 0.3051
vn -0.2596 0.9641 0.0566
vn -0.1548 0.9402 0.3035
vn 0.3437 -0.9036 0.2558
vn 0.0980 -0.9344 0.3425
vn 0.1415 -0.8114 0.5672
vn 0.4134 -0.8174 0.4013
vn 0.1106 -0.9071 0.4062
vn 0.3936 -0.8411 0.3709
vn -0.1734 -0.8340 0.5238
vn -0.1661 -0.8570 0.4878
vn -0.1631 -0.9179 0.3617
vn 0.2804 -0.9437 0.1754
vn 0.0823 -0.9611 0.2635
vn 0.0481 -0.9943 0.0955
vn 0.3074 -0.9472 0.0915
vn -0.1932 -0.9614 0.1961
vn -0.1352 -0.9555 0.2622
vn -0.7453 -0.5089 -0.4306
vn -0.9730 -0.1938 -0.1251
vn -0.9954 0.0244 0.0924
vn -0.8955 0.0446 0.4428
vn -0.4878 -0.0214 0.8727
vn 0.9464 0.0794 -0.3131
vn 0.8508 -0.1421 -0.5060
vn 0.5373 -0.4726 -0.6985
vn 0.7965 0.0150 0.6044
vn 0.9940 0.0982 0.0482
vn -0.1327 -0.6739 -0.7268
vn 0.2047 -0.0095 0.9788
vn 0.4299 0.9028 -0.0155
vn 0.6587 0.7161 -0.2311
vn 0.4567 0.7947 -0.3998
vn 0.2494 0.9500 -0.1878
vn 0.2885 0.7384 -0.6095
vn 0.0789 0.9239 -0.3744
vn 0.6183 0.5379 -0.5730
vn 0.4163 0.5630 -0.7140
vn 0.7557 0.5425 -0.3670
vn -0.0674 0.9214 0.3827
vn 0.1565 0.9586 0.2379
vn 0.0134 0.9989 0.0458
vn -0.2276 0.9333 0.2776
vn -0.1772 0.9787 -0.1033
vn -0.3293 0.9372 0.1149
vn -0.0403 -0.9371 0.3468
vn -0.2459 -0.9516 0.1843
vn -0.4107 -0.8411 0.3520
vn -0.1247 -0.8623 0.4908
vn -0.2925 -0.9278 0.2314
vn -0.1100 -0.8833 0.4558
vn -0.5436 -0.8370 0.0625
vn -0.5095 -0.8592 0.0473
vn -0.4022 -0.9153 -0.0232
vn -0.0070 -0.9690 0.2470
vn -0.1880 -0.9740 0.1264
vn -0.0650 -0.9979 0.0047
vn 0.0782 -0.9714 0.2243
vn -0.2792 -0.9498 -0.1411
vn -0.3037 -0.9511 -0.0564
vn -0.0428 -0.4314 -0.9011
vn -0.4196 -0.1111 -0.9009
vn -0.6127 0.0997 -0.7840
vn -0.8543 0.0985 -0.5104
vn -0.9983 -0.0160 0.0566
vn 0.7736 0.0161 0.6335
vn 0.8825 -0.1896 0.4305
vn 0.8729 -0.4866 0.0352
vn -0.0813 -0.0713 0.9941
vn 0.4947 0.0172 0.8689
vn 0.5345 -0.6330 -0.5601
vn -0.7154 -0.0631 0.6959
vt 0.604357 0.306895
vt 0.576452 0.305879
vt 0.576452 0.200609
vt 0.604357 0.201626
vt 0.620794 0.102517
vt 0.648716 0.102535
vt 0.648716 0.210039
vt 0.620794 0.210021
vt 0.468949 0.210113
vt 0.496808 0.210020
vt 0.496808 0.263765
vt 0.468949 0.263857
vt 0.271545 0.187873
vt 0.271545 0.232208
vt 0.266302 0.232225
vt 0.266302 0.187891
vt 0.522701 0.102517
vt 0.576452 0.102519
vt 0.576452 0.210022
vt 0.522701 0.210020
vt 0.550596 0.262141
vt 0.522701 0.260367
vt 0.522701 0.210022
vt 0.550596 0.211796
vt 0.517996 0.205315
vt 0.517996 0.107222
vt 0.522701 0.210020
vt 0.473654 0.205315
vt 0.468949 0.210020
vt 0.473654 0.107222
vt 0.468949 0.102517
vt 0.492278 0.783648
vt 0.536619 0.783648
vt 0.536619 0.881741
vt 0.492278 0.881741
vt 0.648716 0.200610
vt 0.648716 0.102517
vt 0.653970 0.102520
vt 0.653970 0.200613
vt 0.653970 0.198570
vt 0.653970 0.102517
vt 0.659222 0.102708
vt 0.659222 0.198762
vt 0.271545 0.229404
vt 0.276794 0.188207
vt 0.276794 0.229738
vt 0.922816 0.838524
vt 0.922941 0.838052
vt 0.923306 0.838060
vt 0.923281 0.838542
vt 0.923669 0.838090
vt 0.923745 0.838572
vt 0.923322 0.837749
vt 0.923552 0.837816
vt 0.923087 0.837792
vt 0.922908 0.839386
vt 0.922808 0.839047
vt 0.923254 0.839070
vt 0.923233 0.839465
vt 0.923699 0.839093
vt 0.923565 0.839420
vt 0.932320 0.835177
vt 0.931856 0.835207
vt 0.931830 0.834723
vt 0.932194 0.834704
vt 0.931812 0.834399
vt 0.932047 0.834436
vt 0.931466 0.834741
vt 0.931582 0.834460
vt 0.931391 0.835225
vt 0.932228 0.836030
vt 0.931902 0.836115
vt 0.931883 0.835733
vt 0.932328 0.835698
vt 0.931437 0.835744
vt 0.931570 0.836064
vt 0.917241 0.835008
vt 0.917139 0.835032
vt 0.917280 0.834609
vt 0.917394 0.834699
vt 0.923802 0.838108
vt 0.923918 0.838598
vt 0.931332 0.834727
vt 0.931217 0.835217
vt 0.931547 0.834397
vt 0.923864 0.839124
vt 0.923624 0.839500
vt 0.931271 0.835743
vt 0.931510 0.836119
vt 0.922641 0.838532
vt 0.922808 0.838056
vt 0.915704 0.836589
vt 0.915803 0.836613
vt 0.915771 0.837021
vt 0.915704 0.836937
vt 0.932326 0.834676
vt 0.932076 0.834370
vt 0.932494 0.835151
vt 0.922840 0.839460
vt 0.922641 0.839061
vt 0.932494 0.835680
vt 0.932294 0.836079
vt 0.917394 0.835378
vt 0.917313 0.835452
vt 0.917143 0.835326
vt 0.917290 0.835231
vt 0.931805 0.834275
vt 0.923225 0.839617
vt 0.931909 0.836236
vt 0.193335 0.812973
vt 0.193511 0.808033
vt 0.193709 0.808057
vt 0.193646 0.812997
vt 0.194207 0.798121
vt 0.194125 0.796887
vt 0.194197 0.796705
vt 0.194388 0.798091
vt 0.193670 0.806642
vt 0.193759 0.806822
vt 0.276603 0.871377
vt 0.276624 0.858652
vt 0.277148 0.858617
vt 0.277425 0.871357
vt 0.193989 0.812998
vt 0.193928 0.808049
vt 0.194135 0.808045
vt 0.194312 0.812978
vt 0.193882 0.806650
vt 0.194015 0.806814
vt 0.194313 0.803055
vt 0.194598 0.803023
vt 0.136690 0.857796
vt 0.136947 0.852874
vt 0.137099 0.852910
vt 0.136930 0.857838
vt 0.194068 0.806630
vt 0.194294 0.808011
vt 0.137175 0.851495
vt 0.137223 0.851680
vt 0.137247 0.857861
vt 0.137302 0.852915
vt 0.137521 0.852924
vt 0.137590 0.857861
vt 0.137355 0.851516
vt 0.137476 0.851688
vt 0.194565 0.812938
vt 0.137909 0.857838
vt 0.137723 0.852900
vt 0.137882 0.852882
vt 0.138154 0.857796
vt 0.137569 0.851508
vt 0.137693 0.851663
vt 0.160216 0.858374
vt 0.160276 0.853436
vt 0.160495 0.853446
vt 0.160560 0.858375
vt 0.160075 0.853429
vt 0.160203 0.852200
vt 0.160335 0.852036
vt 0.160455 0.852210
vt 0.193837 0.806226
vt 0.193996 0.796718
vt 0.193998 0.796293
vt 0.193866 0.796887
vt 0.193795 0.796703
vt 0.160398 0.851610
vt 0.160549 0.852029
vt 0.160157 0.852013
vt 0.137412 0.851092
vt 0.193354 0.803019
vt 0.193595 0.798089
vt 0.193775 0.798119
vt 0.193638 0.803053
vt 0.160699 0.853421
vt 0.159902 0.858349
vt 0.193976 0.803065
vt 0.193991 0.798118
vt 0.160881 0.858352
vt 0.912975 0.840374
vt 0.912898 0.840820
vt 0.912534 0.840848
vt 0.912511 0.840402
vt 0.912170 0.840848
vt 0.912046 0.840410
vt 0.912332 0.841663
vt 0.912034 0.841876
vt 0.911994 0.841648
vt 0.912192 0.841357
vt 0.912434 0.841967
vt 0.912149 0.842037
vt 0.912805 0.839524
vt 0.912935 0.839860
vt 0.912488 0.839881
vt 0.912474 0.839475
vt 0.912043 0.839895
vt 0.912147 0.839550
vt 0.912046 0.838435
vt 0.912511 0.838447
vt 0.912483 0.838898
vt 0.912120 0.838885
vt 0.912464 0.839191
vt 0.912234 0.839138
vt 0.912848 0.838921
vt 0.912700 0.839161
vt 0.912975 0.838480
vt 0.912225 0.837600
vt 0.912557 0.837545
vt 0.912538 0.837929
vt 0.912092 0.837923
vt 0.912984 0.837967
vt 0.912883 0.837632
vt 0.911886 0.841661
vt 0.912080 0.841256
vt 0.912311 0.840848
vt 0.912434 0.840987
vt 0.912980 0.838957
vt 0.913150 0.838515
vt 0.912729 0.839228
vt 0.911873 0.840390
vt 0.911878 0.839869
vt 0.912082 0.839465
vt 0.913150 0.837994
vt 0.912949 0.837588
vt 0.924074 0.834270
vt 0.924217 0.834220
vt 0.924203 0.834757
vt 0.924079 0.834786
vt 0.924217 0.835211
vt 0.924130 0.835148
vt 0.911987 0.838908
vt 0.912199 0.839202
vt 0.911873 0.838453
vt 0.912866 0.839435
vt 0.913101 0.839821
vt 0.913150 0.840340
vt 0.911927 0.837934
vt 0.912165 0.837550
vt 0.912062 0.842104
vt 0.911873 0.841956
vt 0.912457 0.839310
vt 0.912469 0.839310
vt 0.912564 0.837429
vt 0.917591 0.839416
vt 0.917740 0.838952
vt 0.918097 0.838952
vt 0.918047 0.839424
vt 0.918460 0.838976
vt 0.918510 0.839447
vt 0.930240 0.831374
vt 0.930535 0.831552
vt 0.930422 0.831734
vt 0.930141 0.831703
vt 0.930378 0.831048
vt 0.930574 0.831315
vt 0.917700 0.840278
vt 0.917587 0.839938
vt 0.918024 0.839952
vt 0.918024 0.840351
vt 0.918469 0.839967
vt 0.918351 0.840299
vt 0.919957 0.838095
vt 0.919493 0.838121
vt 0.919441 0.837648
vt 0.919805 0.837631
vt 0.919395 0.837334
vt 0.919636 0.837371
vt 0.919085 0.837660
vt 0.919176 0.837389
vt 0.919038 0.838132
vt 0.919859 0.838947
vt 0.919532 0.839029
vt 0.919521 0.838646
vt 0.919966 0.838614
vt 0.919084 0.838650
vt 0.919208 0.838973
vt 0.930509 0.831802
vt 0.930165 0.831838
vt 0.918602 0.838994
vt 0.918693 0.839473
vt 0.918962 0.837641
vt 0.918875 0.838118
vt 0.919143 0.837326
vt 0.918643 0.839998
vt 0.918421 0.840382
vt 0.918929 0.838643
vt 0.919153 0.839026
vt 0.930141 0.830734
vt 0.930263 0.830590
vt 0.930489 0.830943
vt 0.930682 0.831325
vt 0.919945 0.837601
vt 0.919667 0.837305
vt 0.920139 0.838068
vt 0.917645 0.840356
vt 0.917432 0.839958
vt 0.917428 0.839430
vt 0.920139 0.838595
vt 0.919929 0.838995
vt 0.930696 0.831625
vt 0.919386 0.837211
vt 0.918033 0.840507
vt 0.919543 0.839149
vt 0.193624 0.806214
vt 0.193966 0.806226
vt 0.194308 0.806216
vt 0.160570 0.861529
vt 0.160896 0.861506
vt 0.193335 0.806179
vt 0.159902 0.861503
vt 0.160221 0.861528
vt 0.137599 0.861022
vt 0.137923 0.860998
vt 0.138172 0.860955
vt 0.136929 0.860999
vt 0.137251 0.861022
vt 0.194327 0.816142
vt 0.194583 0.816101
vt 0.136685 0.860956
vt 0.193651 0.816161
vt 0.193999 0.816162
vt 0.194598 0.806183
vt 0.193335 0.816137
vt 0.919964 0.840212
vt 0.919889 0.840660
vt 0.919525 0.840688
vt 0.919499 0.840240
vt 0.919161 0.840688
vt 0.919035 0.840248
vt 0.912532 0.841668
vt 0.912825 0.841891
vt 0.912713 0.842044
vt 0.912434 0.841962
vt 0.912668 0.841370
vt 0.912863 0.841666
vt 0.919793 0.839363
vt 0.919922 0.839699
vt 0.919476 0.839719
vt 0.919462 0.839313
vt 0.919031 0.839733
vt 0.919135 0.839388
vt 0.921147 0.838629
vt 0.921611 0.838641
vt 0.921580 0.839090
vt 0.921217 0.839079
vt 0.921557 0.839382
vt 0.921329 0.839331
vt 0.921945 0.839112
vt 0.921794 0.839352
vt 0.922075 0.838672
vt 0.921324 0.837795
vt 0.921656 0.837739
vt 0.921638 0.838123
vt 0.921193 0.838118
vt 0.922083 0.838160
vt 0.921982 0.837825
vt 0.915669 0.836523
vt 0.915582 0.836589
vt 0.915598 0.836147
vt 0.915720 0.836164
vt 0.915582 0.835602
vt 0.915722 0.835636
vt 0.922078 0.839149
vt 0.922251 0.838707
vt 0.921823 0.839419
vt 0.918862 0.840228
vt 0.918866 0.839707
vt 0.919071 0.839304
vt 0.922251 0.838186
vt 0.922049 0.837781
vt 0.912434 0.840985
vt 0.912557 0.840848
vt 0.912779 0.841271
vt 0.912970 0.841680
vt 0.921085 0.839103
vt 0.921294 0.839395
vt 0.920974 0.838648
vt 0.919855 0.839274
vt 0.920089 0.839660
vt 0.920139 0.840179
vt 0.921028 0.838130
vt 0.921265 0.837745
vt 0.912985 0.841973
vt 0.912800 0.842111
vt 0.921550 0.839502
vt 0.919458 0.839149
vt 0.921663 0.837623
vt 0.933550 0.839087
vt 0.933684 0.839539
vt 0.933376 0.839733
vt 0.933154 0.839327
vt 0.933054 0.839905
vt 0.932746 0.839554
vt 0.929859 0.830120
vt 0.929691 0.830435
vt 0.929564 0.830242
vt 0.929615 0.829898
vt 0.933687 0.839826
vt 0.933510 0.839989
vt 0.933003 0.838413
vt 0.933275 0.838646
vt 0.932892 0.838871
vt 0.932687 0.838525
vt 0.932504 0.839094
vt 0.932434 0.838744
vt 0.910772 0.838485
vt 0.911237 0.838454
vt 0.911268 0.838919
vt 0.910904 0.838940
vt 0.911292 0.839226
vt 0.911055 0.839192
vt 0.911631 0.838905
vt 0.911520 0.839170
vt 0.911700 0.838441
vt 0.910865 0.837633
vt 0.911192 0.837547
vt 0.911209 0.837931
vt 0.910764 0.837967
vt 0.911654 0.837925
vt 0.911523 0.837602
vt 0.929473 0.830299
vt 0.929473 0.829852
vt 0.929491 0.829390
vt 0.929658 0.829466
vt 0.911763 0.838925
vt 0.911873 0.838455
vt 0.911555 0.839234
vt 0.932582 0.839623
vt 0.932344 0.839154
vt 0.932335 0.838705
vt 0.911818 0.837932
vt 0.911582 0.837550
vt 0.924069 0.830650
vt 0.924219 0.830586
vt 0.924232 0.831114
vt 0.924103 0.831153
vt 0.924256 0.831571
vt 0.924166 0.831513
vt 0.910770 0.838973
vt 0.911026 0.839259
vt 0.910596 0.838516
vt 0.933013 0.838311
vt 0.933402 0.838540
vt 0.933687 0.838982
vt 0.910596 0.837990
vt 0.910798 0.837587
vt 0.924184 0.831821
vt 0.924069 0.831680
vt 0.929581 0.830574
vt 0.911299 0.839347
vt 0.932603 0.838388
vt 0.911184 0.837429
vt 0.885848 0.858494
vt 0.885367 0.861612
vt 0.883023 0.861803
vt 0.882855 0.858688
vt 0.880673 0.861854
vt 0.879860 0.858803
vt 0.883136 0.863819
vt 0.881618 0.863544
vt 0.884617 0.863389
vt 0.884693 0.853034
vt 0.885553 0.855138
vt 0.882679 0.855282
vt 0.882552 0.852742
vt 0.879807 0.855434
vt 0.880452 0.853253
vt 0.778295 0.852473
vt 0.775300 0.852360
vt 0.775471 0.849239
vt 0.777816 0.849354
vt 0.775589 0.847146
vt 0.777069 0.847539
vt 0.773123 0.849112
vt 0.774070 0.847385
vt 0.772306 0.852165
vt 0.777141 0.857883
vt 0.775000 0.858211
vt 0.775124 0.855752
vt 0.778000 0.855820
vt 0.772254 0.855525
vt 0.772901 0.857665
vt 0.795754 0.815493
vt 0.795081 0.815603
vt 0.796061 0.813054
vt 0.796808 0.813680
vt 0.879816 0.861831
vt 0.878734 0.858757
vt 0.772270 0.848933
vt 0.771185 0.852001
vt 0.773883 0.846960
vt 0.878734 0.855348
vt 0.880022 0.852776
vt 0.771185 0.855409
vt 0.772475 0.857983
vt 0.886968 0.858332
vt 0.886223 0.861501
vt 0.892586 0.800532
vt 0.893292 0.800533
vt 0.893292 0.803310
vt 0.892791 0.802832
vt 0.778676 0.849263
vt 0.777297 0.847136
vt 0.779419 0.852425
vt 0.885077 0.852516
vt 0.886617 0.854942
vt 0.779068 0.855814
vt 0.777529 0.858243
vt 0.796808 0.818117
vt 0.796281 0.818589
vt 0.795112 0.817538
vt 0.796082 0.816998
vt 0.775631 0.846347
vt 0.882505 0.851767
vt 0.774958 0.858993
vt 0.283566 0.839301
vt 0.284167 0.826608
vt 0.284589 0.826685
vt 0.284233 0.839388
vt 0.283886 0.826550
vt 0.284405 0.823598
vt 0.284666 0.823235
vt 0.284827 0.823678
vt 0.190083 0.837062
vt 0.190213 0.831670
vt 0.190456 0.831668
vt 0.190463 0.837075
vt 0.285039 0.839424
vt 0.285105 0.826686
vt 0.285629 0.826696
vt 0.285858 0.839405
vt 0.285143 0.823275
vt 0.285451 0.823685
vt 0.278149 0.871287
vt 0.277613 0.858595
vt 0.277933 0.858502
vt 0.278659 0.871176
vt 0.237665 0.873225
vt 0.238277 0.860556
vt 0.238692 0.860639
vt 0.238321 0.873321
vt 0.285637 0.823245
vt 0.286078 0.826627
vt 0.238786 0.857187
vt 0.238940 0.857634
vt 0.239123 0.873362
vt 0.239205 0.860643
vt 0.239731 0.860654
vt 0.239945 0.873344
vt 0.239257 0.857232
vt 0.239563 0.857643
vt 0.286566 0.839331
vt 0.197260 0.866687
vt 0.197683 0.853973
vt 0.198161 0.854032
vt 0.198014 0.866745
vt 0.239755 0.857201
vt 0.240185 0.860584
vt 0.198065 0.850583
vt 0.198280 0.851018
vt 0.198842 0.866748
vt 0.198690 0.854012
vt 0.199189 0.854001
vt 0.199620 0.866697
vt 0.198576 0.850602
vt 0.198896 0.851000
vt 0.240662 0.873269
vt 0.285175 0.822249
vt 0.277250 0.855602
vt 0.276931 0.855213
vt 0.276715 0.854197
vt 0.277330 0.855154
vt 0.276656 0.855636
vt 0.276407 0.855208
vt 0.198464 0.849579
vt 0.199023 0.850554
vt 0.239304 0.856200
vt 0.275805 0.871341
vt 0.276116 0.858607
vt 0.275695 0.858576
vt 0.276099 0.855590
vt 0.275151 0.871258
vt 0.919007 0.841259
vt 0.919104 0.840902
vt 0.919403 0.840908
vt 0.919389 0.841273
vt 0.919700 0.840937
vt 0.919768 0.841303
vt 0.917428 0.832797
vt 0.917303 0.833088
vt 0.917212 0.832951
vt 0.917251 0.832654
vt 0.919217 0.840717
vt 0.919409 0.840688
vt 0.919080 0.841965
vt 0.919001 0.841681
vt 0.919366 0.841699
vt 0.919346 0.842032
vt 0.919731 0.841723
vt 0.919618 0.841996
vt 0.930361 0.841066
vt 0.929980 0.841056
vt 0.930003 0.840690
vt 0.930301 0.840700
vt 0.930019 0.840453
vt 0.930207 0.840495
vt 0.929704 0.840671
vt 0.929826 0.840476
vt 0.929599 0.841029
vt 0.930214 0.841749
vt 0.929942 0.841794
vt 0.929958 0.841480
vt 0.930323 0.841484
vt 0.929593 0.841449
vt 0.929675 0.841723
vt 0.917139 0.833001
vt 0.917141 0.832625
vt 0.917139 0.832197
vt 0.917268 0.832247
vt 0.929596 0.840641
vt 0.929456 0.841000
vt 0.929802 0.840422
vt 0.919908 0.841333
vt 0.919863 0.841757
vt 0.919664 0.842070
vt 0.929456 0.841426
vt 0.929621 0.841758
vt 0.918862 0.841273
vt 0.918992 0.840914
vt 0.929474 0.833861
vt 0.929568 0.833861
vt 0.929547 0.834219
vt 0.929485 0.834157
vt 0.930410 0.840680
vt 0.930236 0.840442
vt 0.930503 0.841050
vt 0.919022 0.842033
vt 0.918862 0.841700
vt 0.930458 0.841474
vt 0.930263 0.841789
vt 0.917417 0.833136
vt 0.917372 0.833212
vt 0.917214 0.833207
vt 0.930025 0.840355
vt 0.919336 0.842167
vt 0.929937 0.841889
vt 0.920811 0.841581
vt 0.920689 0.841963
vt 0.920396 0.841963
vt 0.920437 0.841574
vt 0.920099 0.841943
vt 0.920057 0.841556
vt 0.934290 0.833853
vt 0.934018 0.833808
vt 0.934063 0.833628
vt 0.934290 0.833560
vt 0.934259 0.834149
vt 0.934043 0.834004
vt 0.920720 0.840875
vt 0.920813 0.841153
vt 0.920455 0.841142
vt 0.920454 0.840815
vt 0.920090 0.841129
vt 0.920186 0.840857
vt 0.932484 0.840853
vt 0.932864 0.840831
vt 0.932906 0.841221
vt 0.932608 0.841236
vt 0.932943 0.841481
vt 0.932746 0.841450
vt 0.933198 0.841211
vt 0.933123 0.841435
vt 0.933238 0.840821
vt 0.932564 0.840155
vt 0.932832 0.840087
vt 0.932841 0.840401
vt 0.932477 0.840427
vt 0.933200 0.840396
vt 0.933098 0.840132
vt 0.933979 0.833596
vt 0.934238 0.833453
vt 0.919982 0.841929
vt 0.919908 0.841535
vt 0.933299 0.841225
vt 0.933371 0.840831
vt 0.933150 0.841486
vt 0.919948 0.841104
vt 0.920129 0.840790
vt 0.933327 0.840401
vt 0.933143 0.840088
vt 0.920943 0.841569
vt 0.920788 0.841955
vt 0.934196 0.834257
vt 0.933957 0.834024
vt 0.932493 0.841259
vt 0.932721 0.841505
vt 0.932335 0.840875
vt 0.920765 0.840811
vt 0.920940 0.841137
vt 0.932335 0.840443
vt 0.932507 0.840115
vt 0.933875 0.833794
vt 0.932950 0.841582
vt 0.920447 0.840688
vt 0.932823 0.839989
vt 0.276625 0.879781
vt 0.277460 0.879761
vt 0.278195 0.879690
vt 0.275151 0.879660
vt 0.275815 0.879745
vt 0.198025 0.875141
vt 0.198866 0.875144
vt 0.199656 0.875092
vt 0.239934 0.881721
vt 0.240662 0.881645
vt 0.197260 0.875082
vt 0.238285 0.881697
vt 0.239099 0.881739
vt 0.285847 0.847800
vt 0.286566 0.847725
vt 0.237619 0.881600
vt 0.284197 0.847783
vt 0.285015 0.847819
vt 0.278712 0.879577
vt 0.283520 0.847695
vt 0.911500 0.841715
vt 0.911437 0.842081
vt 0.911138 0.842104
vt 0.911119 0.841738
vt 0.910840 0.842104
vt 0.910738 0.841744
vt 0.933446 0.833859
vt 0.933730 0.833895
vt 0.933683 0.834078
vt 0.933446 0.834154
vt 0.933475 0.833562
vt 0.933702 0.833700
vt 0.911360 0.841019
vt 0.911466 0.841294
vt 0.911101 0.841311
vt 0.911089 0.840978
vt 0.910736 0.841322
vt 0.910821 0.841040
vt 0.931045 0.841169
vt 0.931426 0.841179
vt 0.931403 0.841549
vt 0.931105 0.841539
vt 0.931386 0.841789
vt 0.931198 0.841747
vt 0.931701 0.841567
vt 0.931579 0.841765
vt 0.931807 0.841205
vt 0.931192 0.840484
vt 0.931463 0.840439
vt 0.931448 0.840754
vt 0.931083 0.840750
vt 0.931813 0.840785
vt 0.931731 0.840510
vt 0.933768 0.834109
vt 0.933496 0.834261
vt 0.929456 0.837145
vt 0.929362 0.837141
vt 0.929349 0.836694
vt 0.929456 0.836709
vt 0.931810 0.841597
vt 0.931950 0.841234
vt 0.931603 0.841820
vt 0.910596 0.841728
vt 0.910600 0.841301
vt 0.910768 0.840970
vt 0.931950 0.840807
vt 0.931785 0.840475
vt 0.911643 0.841687
vt 0.911546 0.842060
vt 0.933536 0.833453
vt 0.933789 0.833679
vt 0.930996 0.841558
vt 0.931169 0.841799
vt 0.930903 0.841184
vt 0.911410 0.840946
vt 0.911602 0.841262
vt 0.930948 0.840758
vt 0.931143 0.840444
vt 0.933875 0.833907
vt 0.931380 0.841888
vt 0.911085 0.840843
vt 0.931469 0.840344
vt 0.917569 0.841107
vt 0.917678 0.840738
vt 0.917976 0.840741
vt 0.917949 0.841117
vt 0.918274 0.840765
vt 0.918330 0.841142
vt 0.917998 0.840507
vt 0.918185 0.840558
vt 0.934803 0.833461
vt 0.934844 0.833747
vt 0.934741 0.833902
vt 0.934603 0.833638
vt 0.917647 0.841814
vt 0.917562 0.841532
vt 0.917926 0.841547
vt 0.917914 0.841877
vt 0.918292 0.841566
vt 0.918186 0.841839
vt 0.915948 0.841032
vt 0.916329 0.841007
vt 0.916357 0.841387
vt 0.916058 0.841404
vt 0.916378 0.841637
vt 0.916184 0.841610
vt 0.916654 0.841377
vt 0.916565 0.841592
vt 0.916709 0.840997
vt 0.916026 0.840335
vt 0.916293 0.840265
vt 0.916307 0.840579
vt 0.915942 0.840608
vt 0.916671 0.840575
vt 0.916564 0.840310
vt 0.924144 0.835535
vt 0.924074 0.835587
vt 0.924074 0.835211
vt 0.924178 0.835237
vt 0.918385 0.840785
vt 0.918474 0.841168
vt 0.916761 0.841394
vt 0.916849 0.841010
vt 0.916593 0.841644
vt 0.918429 0.841596
vt 0.918236 0.841910
vt 0.916805 0.840581
vt 0.916612 0.840267
vt 0.934768 0.833097
vt 0.934905 0.833037
vt 0.934919 0.833425
vt 0.934919 0.833794
vt 0.915948 0.841431
vt 0.916160 0.841664
vt 0.915804 0.841058
vt 0.917595 0.841880
vt 0.917428 0.841550
vt 0.917428 0.841120
vt 0.915804 0.840627
vt 0.915970 0.840297
vt 0.934831 0.834017
vt 0.934651 0.834059
vt 0.934609 0.833979
vt 0.916384 0.841736
vt 0.917911 0.842009
vt 0.916287 0.840168
vt 0.929653 0.837354
vt 0.929738 0.836806
vt 0.930150 0.836773
vt 0.930179 0.837319
vt 0.930562 0.836764
vt 0.930705 0.837299
vt 0.930130 0.836419
vt 0.930397 0.836467
vt 0.929870 0.836494
vt 0.929856 0.838313
vt 0.929705 0.837943
vt 0.930210 0.837918
vt 0.930232 0.838364
vt 0.930715 0.837891
vt 0.930601 0.838275
vt 0.923871 0.831662
vt 0.923345 0.831642
vt 0.923375 0.831094
vt 0.923787 0.831114
vt 0.923395 0.830727
vt 0.923655 0.830796
vt 0.922962 0.831071
vt 0.923128 0.830769
vt 0.922819 0.831607
vt 0.923669 0.832612
vt 0.923292 0.832670
vt 0.923314 0.832238
vt 0.923820 0.832250
vt 0.922810 0.832198
vt 0.922924 0.832574
vt 0.932097 0.831416
vt 0.932214 0.831452
vt 0.931890 0.831717
vt 0.931809 0.831566
vt 0.930713 0.836768
vt 0.930903 0.837308
vt 0.922813 0.831040
vt 0.922622 0.831578
vt 0.923095 0.830694
vt 0.930903 0.837906
vt 0.930677 0.838358
vt 0.922622 0.832177
vt 0.922849 0.832629
vt 0.929456 0.837382
vt 0.929587 0.836826
vt 0.931809 0.830740
vt 0.931890 0.830590
vt 0.932214 0.830852
vt 0.932097 0.830888
vt 0.923938 0.831098
vt 0.923695 0.830725
vt 0.924069 0.831653
vt 0.929789 0.838404
vt 0.929518 0.837978
vt 0.924007 0.832248
vt 0.923737 0.832675
vt 0.932334 0.831152
vt 0.932142 0.831152
vt 0.923402 0.830586
vt 0.930241 0.838536
vt 0.923285 0.832807
vt 0.191176 0.837027
vt 0.190910 0.831638
vt 0.191056 0.831614
vt 0.191402 0.836974
vt 0.190701 0.831671
vt 0.190606 0.830282
vt 0.190690 0.830076
vt 0.190819 0.830248
vt 0.188121 0.839554
vt 0.188367 0.835096
vt 0.188619 0.835107
vt 0.188512 0.839590
vt 0.190865 0.850114
vt 0.190985 0.844715
vt 0.191228 0.844733
vt 0.191247 0.850126
vt 0.190776 0.844703
vt 0.190952 0.843323
vt 0.191099 0.843142
vt 0.191223 0.843341
vt 0.190847 0.837063
vt 0.191628 0.850111
vt 0.191471 0.844714
vt 0.191679 0.844699
vt 0.191951 0.850073
vt 0.191345 0.843141
vt 0.191493 0.843321
vt 0.190540 0.850078
vt 0.191769 0.837052
vt 0.191930 0.831663
vt 0.192172 0.831684
vt 0.192149 0.837069
vt 0.191724 0.831646
vt 0.191913 0.830269
vt 0.192060 0.830090
vt 0.192181 0.830292
vt 0.192532 0.837057
vt 0.192416 0.831666
vt 0.192627 0.831652
vt 0.192860 0.837019
vt 0.192307 0.830092
vt 0.192454 0.830273
vt 0.191449 0.837010
vt 0.135935 0.858550
vt 0.136009 0.853148
vt 0.136258 0.853159
vt 0.136324 0.858550
vt 0.135777 0.853142
vt 0.135919 0.851758
vt 0.136069 0.851572
vt 0.136207 0.851768
vt 0.190923 0.843112
vt 0.191219 0.842664
vt 0.190460 0.830091
vt 0.190467 0.829611
vt 0.190313 0.830282
vt 0.190234 0.830075
vt 0.136129 0.851091
vt 0.136310 0.851563
vt 0.135862 0.851548
vt 0.192190 0.829611
vt 0.191519 0.843110
vt 0.189766 0.837025
vt 0.190012 0.831637
vt 0.136485 0.853132
vt 0.135573 0.858525
vt 0.136681 0.858524
vt 0.917627 0.837747
vt 0.917712 0.837244
vt 0.918125 0.837211
vt 0.918153 0.837715
vt 0.918537 0.837211
vt 0.918679 0.837706
vt 0.935662 0.831913
vt 0.935324 0.832148
vt 0.935278 0.831887
vt 0.935503 0.831562
vt 0.935778 0.832262
vt 0.935454 0.832335
vt 0.917820 0.838709
vt 0.917673 0.838328
vt 0.918179 0.838305
vt 0.918196 0.838765
vt 0.918683 0.838288
vt 0.918565 0.838679
vt 0.917053 0.837208
vt 0.916527 0.837194
vt 0.916559 0.836687
vt 0.916970 0.836701
vt 0.916581 0.836359
vt 0.916840 0.836417
vt 0.916146 0.836661
vt 0.916313 0.836391
vt 0.916001 0.837157
vt 0.916851 0.838152
vt 0.916475 0.838215
vt 0.916496 0.837780
vt 0.917001 0.837786
vt 0.915992 0.837737
vt 0.916106 0.838116
vt 0.935156 0.831902
vt 0.935376 0.831446
vt 0.935638 0.830993
vt 0.935778 0.831152
vt 0.915996 0.836619
vt 0.915804 0.837116
vt 0.916281 0.836316
vt 0.918875 0.837729
vt 0.918870 0.838318
vt 0.918639 0.838776
vt 0.915804 0.837705
vt 0.916031 0.838165
vt 0.917428 0.837786
vt 0.917561 0.837274
vt 0.935752 0.832402
vt 0.935356 0.832411
vt 0.917121 0.836674
vt 0.916880 0.836345
vt 0.917250 0.837186
vt 0.917751 0.838810
vt 0.917485 0.838373
vt 0.917189 0.837772
vt 0.916919 0.838208
vt 0.935141 0.832238
vt 0.916588 0.836224
vt 0.918201 0.838952
vt 0.916467 0.838345
vt 0.932151 0.837658
vt 0.931978 0.838184
vt 0.931573 0.838181
vt 0.931634 0.837644
vt 0.931162 0.838150
vt 0.931110 0.837614
vt 0.931513 0.838522
vt 0.931260 0.838450
vt 0.933656 0.840572
vt 0.933714 0.840967
vt 0.933566 0.841181
vt 0.933371 0.840816
vt 0.932034 0.836681
vt 0.932160 0.837067
vt 0.931664 0.837047
vt 0.931668 0.836595
vt 0.931161 0.837025
vt 0.931297 0.836650
vt 0.922846 0.834309
vt 0.923371 0.834279
vt 0.923430 0.834818
vt 0.923017 0.834837
vt 0.923480 0.835176
vt 0.923208 0.835134
vt 0.923833 0.834803
vt 0.923729 0.835112
vt 0.923888 0.834265
vt 0.922957 0.833344
vt 0.923327 0.833250
vt 0.923340 0.833684
vt 0.922836 0.833720
vt 0.923836 0.833678
vt 0.923695 0.833313
vt 0.915669 0.837027
vt 0.915582 0.837104
vt 0.915704 0.836614
vt 0.931002 0.838129
vt 0.930903 0.837584
vt 0.923973 0.834823
vt 0.924072 0.834279
vt 0.923767 0.835184
vt 0.930964 0.836989
vt 0.931218 0.836557
vt 0.924011 0.833685
vt 0.923757 0.833252
vt 0.933598 0.840071
vt 0.933790 0.839989
vt 0.933818 0.840523
vt 0.933818 0.841033
vt 0.922858 0.834870
vt 0.923173 0.835208
vt 0.922640 0.834339
vt 0.932097 0.836593
vt 0.932335 0.837046
vt 0.932335 0.837644
vt 0.922640 0.833742
vt 0.922877 0.833289
vt 0.933691 0.841341
vt 0.933433 0.841398
vt 0.933376 0.841288
vt 0.923490 0.835315
vt 0.931659 0.836419
vt 0.923315 0.833114
vt 0.190088 0.840454
vt 0.190473 0.840467
vt 0.190863 0.840455
vt 0.136322 0.861939
vt 0.136685 0.861912
vt 0.189766 0.840416
vt 0.135560 0.861913
vt 0.135927 0.861939
vt 0.192138 0.840450
vt 0.192527 0.840438
vt 0.192860 0.840400
vt 0.191427 0.840391
vt 0.191752 0.840433
vt 0.191258 0.853514
vt 0.191645 0.853499
vt 0.191973 0.853460
vt 0.190540 0.853466
vt 0.190870 0.853502
vt 0.191197 0.840418
vt 0.191427 0.840364
vt 0.932389 0.833043
vt 0.932302 0.833550
vt 0.931890 0.833582
vt 0.931863 0.833075
vt 0.931478 0.833582
vt 0.931337 0.833084
vt 0.935252 0.833335
vt 0.935583 0.833579
vt 0.935457 0.833759
vt 0.935141 0.833678
vt 0.935406 0.832990
vt 0.935627 0.833320
vt 0.932197 0.832081
vt 0.932343 0.832461
vt 0.931837 0.832484
vt 0.931821 0.832024
vt 0.931333 0.832500
vt 0.931451 0.832109
vt 0.922838 0.836756
vt 0.923363 0.836769
vt 0.923330 0.837281
vt 0.922919 0.837267
vt 0.923307 0.837614
vt 0.923047 0.837554
vt 0.923743 0.837306
vt 0.923574 0.837579
vt 0.923890 0.836806
vt 0.923039 0.835810
vt 0.923415 0.835747
vt 0.923394 0.836182
vt 0.922889 0.836176
vt 0.923899 0.836224
vt 0.923784 0.835845
vt 0.924175 0.834149
vt 0.924074 0.834220
vt 0.924081 0.833704
vt 0.924230 0.833738
vt 0.924074 0.833099
vt 0.924248 0.833159
vt 0.923894 0.837347
vt 0.924088 0.836845
vt 0.923607 0.837655
vt 0.931140 0.833061
vt 0.931146 0.832471
vt 0.931378 0.832014
vt 0.924088 0.836254
vt 0.923860 0.835795
vt 0.935141 0.832568
vt 0.935280 0.832411
vt 0.935532 0.832876
vt 0.935749 0.833335
vt 0.922769 0.837293
vt 0.923008 0.837627
vt 0.922641 0.836776
vt 0.932266 0.831980
vt 0.932531 0.832417
vt 0.932587 0.833005
vt 0.922703 0.836188
vt 0.922972 0.835753
vt 0.935765 0.833670
vt 0.935556 0.833835
vt 0.923299 0.837749
vt 0.931816 0.831838
vt 0.923423 0.835616
vt 0.929185 0.837571
vt 0.929337 0.838082
vt 0.928989 0.838303
vt 0.928737 0.837845
vt 0.928625 0.838499
vt 0.928277 0.838103
vt 0.935667 0.826797
vt 0.935483 0.827157
vt 0.935344 0.826940
vt 0.935399 0.826547
vt 0.929339 0.838406
vt 0.929139 0.838591
vt 0.928563 0.836810
vt 0.928873 0.837073
vt 0.928440 0.837329
vt 0.928206 0.836937
vt 0.928002 0.837583
vt 0.927920 0.837186
vt 0.914337 0.836796
vt 0.914864 0.836762
vt 0.914902 0.837288
vt 0.914488 0.837311
vt 0.914931 0.837634
vt 0.914662 0.837596
vt 0.915312 0.837273
vt 0.915189 0.837572
vt 0.915388 0.836748
vt 0.914444 0.835832
vt 0.914813 0.835735
vt 0.914833 0.836170
vt 0.914328 0.836210
vt 0.915336 0.836164
vt 0.915188 0.835797
vt 0.935241 0.827004
vt 0.935241 0.826495
vt 0.935254 0.825965
vt 0.935440 0.826050
vt 0.915460 0.837296
vt 0.915582 0.836764
vt 0.915228 0.837644
vt 0.928090 0.838182
vt 0.927820 0.837652
vt 0.927807 0.837142
vt 0.915521 0.836173
vt 0.915254 0.835739
vt 0.917139 0.833281
vt 0.917306 0.833212
vt 0.917319 0.833813
vt 0.917174 0.833855
vt 0.917348 0.834330
vt 0.917245 0.834264
vt 0.914336 0.837348
vt 0.914629 0.837671
vt 0.914137 0.836831
vt 0.928574 0.836694
vt 0.929016 0.836952
vt 0.929339 0.837451
vt 0.914137 0.836236
vt 0.914367 0.835779
vt 0.917268 0.834609
vt 0.917139 0.834449
vt 0.935358 0.827315
vt 0.914939 0.837771
vt 0.928110 0.836783
vt 0.914805 0.835602
vt 0.928035 0.832850
vt 0.928199 0.832234
vt 0.928675 0.832244
vt 0.928642 0.832873
vt 0.929149 0.832283
vt 0.929248 0.832913
vt 0.928697 0.831838
vt 0.928996 0.831925
vt 0.928389 0.831894
vt 0.928155 0.833974
vt 0.928025 0.833532
vt 0.928606 0.833562
vt 0.928580 0.834077
vt 0.929188 0.833592
vt 0.929013 0.834018
vt 0.915577 0.831764
vt 0.914971 0.831803
vt 0.914936 0.831171
vt 0.915412 0.831146
vt 0.914913 0.830748
vt 0.915220 0.830796
vt 0.914462 0.831195
vt 0.914613 0.830827
vt 0.914365 0.831826
vt 0.915456 0.832877
vt 0.915032 0.832987
vt 0.915007 0.832490
vt 0.915587 0.832444
vt 0.914424 0.832503
vt 0.914598 0.832921
vt 0.935112 0.828858
vt 0.935246 0.828893
vt 0.934875 0.829270
vt 0.934781 0.829094
vt 0.929322 0.832306
vt 0.929474 0.832946
vt 0.914288 0.831176
vt 0.914137 0.831816
vt 0.914567 0.830746
vt 0.929403 0.833632
vt 0.929091 0.834124
vt 0.914208 0.832502
vt 0.914520 0.832994
vt 0.927807 0.832860
vt 0.928025 0.832239
vt 0.934781 0.828168
vt 0.934875 0.828006
vt 0.935246 0.828219
vt 0.935112 0.828267
vt 0.915584 0.831110
vt 0.915258 0.830710
vt 0.915804 0.831730
vt 0.928068 0.834071
vt 0.927807 0.833550
vt 0.915804 0.832420
vt 0.915543 0.832941
vt 0.935385 0.828528
vt 0.935163 0.828548
vt 0.914904 0.830586
vt 0.928570 0.834275
vt 0.915040 0.833146
vt 0.189389 0.839573
vt 0.189177 0.835097
vt 0.189404 0.835077
vt 0.189742 0.839524
vt 0.188902 0.835123
vt 0.188872 0.833593
vt 0.189005 0.833359
vt 0.189173 0.833565
vt 0.282861 0.803315
vt 0.283184 0.789062
vt 0.283809 0.789050
vt 0.283839 0.803337
vt 0.192394 0.858461
vt 0.192441 0.853974
vt 0.192728 0.853983
vt 0.192842 0.858457
vt 0.192172 0.853970
vt 0.192320 0.852446
vt 0.192491 0.852230
vt 0.192653 0.852454
vt 0.188958 0.839597
vt 0.193249 0.858423
vt 0.192986 0.853950
vt 0.193183 0.853926
vt 0.193554 0.858367
vt 0.192768 0.852218
vt 0.192926 0.852419
vt 0.191973 0.858437
vt 0.154574 0.857265
vt 0.154802 0.852790
vt 0.155072 0.852819
vt 0.154999 0.857292
vt 0.154584 0.852768
vt 0.154823 0.851258
vt 0.154989 0.851054
vt 0.155116 0.851288
vt 0.155446 0.857288
vt 0.155357 0.852805
vt 0.155615 0.852796
vt 0.155848 0.857256
vt 0.155271 0.851062
vt 0.155442 0.851274
vt 0.154235 0.857212
vt 0.192330 0.849415
vt 0.192566 0.844946
vt 0.192834 0.844977
vt 0.192752 0.849445
vt 0.192351 0.844921
vt 0.192595 0.843413
vt 0.192759 0.843211
vt 0.192884 0.843447
vt 0.192249 0.852206
vt 0.192548 0.851678
vt 0.188721 0.833365
vt 0.188834 0.832813
vt 0.193212 0.843433
vt 0.193040 0.843220
vt 0.192953 0.842664
vt 0.193269 0.843190
vt 0.155176 0.850509
vt 0.155496 0.851032
vt 0.154815 0.851014
vt 0.193200 0.849443
vt 0.193119 0.844964
vt 0.193380 0.844955
vt 0.193606 0.849410
vt 0.191997 0.849358
vt 0.188551 0.833576
vt 0.922413 0.837004
vt 0.922312 0.837586
vt 0.921838 0.837623
vt 0.921807 0.837040
vt 0.921362 0.837623
vt 0.921201 0.837051
vt 0.935764 0.830365
vt 0.935354 0.830571
vt 0.935295 0.830262
vt 0.935566 0.829933
vt 0.935917 0.830807
vt 0.935520 0.830821
vt 0.922191 0.835895
vt 0.922360 0.836334
vt 0.921778 0.836360
vt 0.921759 0.835831
vt 0.921196 0.836379
vt 0.921333 0.835929
vt 0.914364 0.834458
vt 0.914970 0.834474
vt 0.914933 0.835063
vt 0.914459 0.835046
vt 0.914907 0.835446
vt 0.914608 0.835377
vt 0.915409 0.835092
vt 0.915215 0.835407
vt 0.915576 0.834517
vt 0.914597 0.833368
vt 0.915030 0.833296
vt 0.915005 0.833798
vt 0.914424 0.833790
vt 0.915587 0.833847
vt 0.915455 0.833410
vt 0.935153 0.830276
vt 0.935418 0.829801
vt 0.935752 0.829391
vt 0.935917 0.829575
vt 0.915582 0.835140
vt 0.915804 0.834562
vt 0.915253 0.835494
vt 0.920974 0.837025
vt 0.920981 0.836345
vt 0.921247 0.835818
vt 0.915804 0.833882
vt 0.915542 0.833353
vt 0.922641 0.836960
vt 0.922487 0.837552
vt 0.935897 0.830993
vt 0.935408 0.830912
vt 0.914286 0.835077
vt 0.914562 0.835460
vt 0.914137 0.834481
vt 0.922271 0.835779
vt 0.922577 0.836283
vt 0.914208 0.833804
vt 0.914519 0.833303
vt 0.935141 0.830665
vt 0.914899 0.835602
vt 0.921753 0.835616
vt 0.915039 0.833146
vt 0.928019 0.835266
vt 0.928218 0.834662
vt 0.928685 0.834665
vt 0.928614 0.835281
vt 0.929158 0.834700
vt 0.929219 0.835315
vt 0.928754 0.834275
vt 0.929045 0.834357
vt 0.917160 0.840867
vt 0.917225 0.841331
vt 0.917063 0.841569
vt 0.916849 0.841131
vt 0.928154 0.836391
vt 0.928009 0.835946
vt 0.928580 0.835969
vt 0.928576 0.836490
vt 0.929160 0.835993
vt 0.929003 0.836426
vt 0.922384 0.831740
vt 0.921780 0.831773
vt 0.921710 0.831156
vt 0.922186 0.831134
vt 0.921651 0.830746
vt 0.921964 0.830795
vt 0.921246 0.831171
vt 0.921364 0.830819
vt 0.921185 0.831787
vt 0.922256 0.832851
vt 0.921830 0.832958
vt 0.921816 0.832458
vt 0.922396 0.832417
vt 0.921245 0.832463
vt 0.921407 0.832885
vt 0.924177 0.837050
vt 0.924088 0.837150
vt 0.924088 0.836581
vt 0.924207 0.836579
vt 0.929343 0.834726
vt 0.929456 0.835350
vt 0.921087 0.831147
vt 0.920974 0.831770
vt 0.921321 0.830736
vt 0.929386 0.836035
vt 0.929094 0.836534
vt 0.921044 0.832455
vt 0.921336 0.832954
vt 0.917111 0.840259
vt 0.917327 0.840168
vt 0.917343 0.840812
vt 0.917343 0.841408
vt 0.922369 0.831096
vt 0.922005 0.830709
vt 0.922622 0.831704
vt 0.928081 0.836493
vt 0.927807 0.835971
vt 0.927807 0.835283
vt 0.922622 0.832392
vt 0.922348 0.832914
vt 0.917207 0.841756
vt 0.916927 0.841802
vt 0.916859 0.841677
vt 0.921639 0.830586
vt 0.928586 0.836694
vt 0.921844 0.833114
vt 0.188121 0.841791
vt 0.188518 0.841827
vt 0.188970 0.841834
vt 0.192739 0.851678
vt 0.193193 0.851675
vt 0.193606 0.851641
vt 0.191973 0.851589
vt 0.192311 0.851647
vt 0.154986 0.859529
vt 0.155440 0.859525
vt 0.155848 0.859492
vt 0.154210 0.859448
vt 0.154554 0.859502
vt 0.192855 0.860696
vt 0.193268 0.860662
vt 0.193579 0.860605
vt 0.191973 0.860676
vt 0.192400 0.860700
vt 0.189408 0.841810
vt 0.189766 0.841760
vt 0.929641 0.835390
vt 0.929465 0.834826
vt 0.929872 0.834579
vt 0.930166 0.835083
vt 0.930296 0.834365
vt 0.930702 0.834801
vt 0.935706 0.825312
vt 0.935505 0.825775
vt 0.935358 0.825555
vt 0.935419 0.825083
vt 0.929456 0.834479
vt 0.929689 0.834275
vt 0.930340 0.836279
vt 0.929992 0.835963
vt 0.930500 0.835677
vt 0.930755 0.836141
vt 0.931010 0.835399
vt 0.931091 0.835862
vt 0.929248 0.830526
vt 0.928643 0.830511
vt 0.928683 0.829926
vt 0.929156 0.829940
vt 0.928712 0.829546
vt 0.929010 0.829613
vt 0.928207 0.829897
vt 0.928403 0.829585
vt 0.928036 0.830470
vt 0.929016 0.831615
vt 0.928584 0.831688
vt 0.928607 0.831187
vt 0.929188 0.831192
vt 0.928025 0.831139
vt 0.928158 0.831575
vt 0.935241 0.825635
vt 0.935242 0.825037
vt 0.935241 0.824357
vt 0.935448 0.824436
vt 0.928032 0.829849
vt 0.927807 0.830424
vt 0.928365 0.829497
vt 0.930915 0.834723
vt 0.931217 0.835332
vt 0.931216 0.835922
vt 0.927807 0.831103
vt 0.928071 0.831632
vt 0.917183 0.830670
vt 0.917379 0.830586
vt 0.917397 0.831272
vt 0.917228 0.831324
vt 0.917428 0.831869
vt 0.917310 0.831794
vt 0.929329 0.829909
vt 0.929056 0.829529
vt 0.929473 0.830501
vt 0.930320 0.836419
vt 0.929820 0.836107
vt 0.929456 0.835532
vt 0.929402 0.831177
vt 0.929093 0.831679
vt 0.917332 0.832197
vt 0.917183 0.832014
vt 0.935363 0.825965
vt 0.928721 0.829390
vt 0.930856 0.836331
vt 0.928574 0.831838
vt 0.930916 0.833268
vt 0.930750 0.833861
vt 0.930276 0.833861
vt 0.930311 0.833258
vt 0.929800 0.833827
vt 0.929704 0.833225
vt 0.930141 0.831374
vt 0.929702 0.831450
vt 0.929744 0.831139
vt 0.930092 0.830904
vt 0.930141 0.831838
vt 0.929774 0.831736
vt 0.930779 0.832144
vt 0.930919 0.832591
vt 0.930339 0.832572
vt 0.930353 0.832047
vt 0.929756 0.832549
vt 0.929921 0.832113
vt 0.921203 0.834491
vt 0.921810 0.834451
vt 0.921850 0.835058
vt 0.921374 0.835085
vt 0.921881 0.835457
vt 0.921572 0.835414
vt 0.922324 0.835040
vt 0.922178 0.835385
vt 0.922415 0.834434
vt 0.921325 0.833380
vt 0.921751 0.833269
vt 0.921774 0.833769
vt 0.921192 0.833816
vt 0.922355 0.833761
vt 0.922183 0.833339
vt 0.929605 0.831107
vt 0.929993 0.830731
vt 0.929624 0.833798
vt 0.929474 0.833187
vt 0.922496 0.835066
vt 0.922640 0.834452
vt 0.922224 0.835468
vt 0.929537 0.832504
vt 0.929839 0.832001
vt 0.922569 0.833770
vt 0.922260 0.833271
vt 0.924074 0.831855
vt 0.924248 0.831821
vt 0.924222 0.832534
vt 0.924069 0.832548
vt 0.924248 0.833099
vt 0.924137 0.833011
vt 0.921200 0.835128
vt 0.921533 0.835501
vt 0.920974 0.834532
vt 0.930862 0.832038
vt 0.931132 0.832561
vt 0.931140 0.833246
vt 0.920974 0.833847
vt 0.921238 0.833320
vt 0.929640 0.831787
vt 0.929473 0.831474
vt 0.921890 0.835616
vt 0.930356 0.831838
vt 0.921741 0.833114
vt 0.930529 0.839596
vt 0.930407 0.840058
vt 0.930052 0.840050
vt 0.930077 0.839579
vt 0.929698 0.840021
vt 0.929625 0.839550
vt 0.930036 0.840355
vt 0.929812 0.840290
vt 0.930265 0.840314
vt 0.930439 0.838759
vt 0.930537 0.839088
vt 0.930103 0.839065
vt 0.930123 0.838682
vt 0.929670 0.839043
vt 0.929800 0.838726
vt 0.914307 0.838754
vt 0.914759 0.838772
vt 0.914734 0.839245
vt 0.914380 0.839227
vt 0.914717 0.839564
vt 0.914493 0.839504
vt 0.915088 0.839264
vt 0.914946 0.839527
vt 0.915210 0.838801
vt 0.914481 0.837939
vt 0.914804 0.837890
vt 0.914785 0.838260
vt 0.914351 0.838249
vt 0.915218 0.838294
vt 0.915121 0.837972
vt 0.932051 0.840725
vt 0.931950 0.840745
vt 0.932094 0.840344
vt 0.932206 0.840436
vt 0.929570 0.840005
vt 0.929456 0.839526
vt 0.915216 0.839290
vt 0.915379 0.838825
vt 0.914974 0.839591
vt 0.929509 0.839014
vt 0.929742 0.838648
vt 0.915379 0.838311
vt 0.915185 0.837923
vt 0.930699 0.839590
vt 0.930536 0.840055
vt 0.917273 0.837123
vt 0.917394 0.837091
vt 0.917394 0.837537
vt 0.917312 0.837476
vt 0.914250 0.839240
vt 0.914459 0.839564
vt 0.914137 0.838761
vt 0.930505 0.838688
vt 0.930699 0.839075
vt 0.914190 0.838249
vt 0.914423 0.837884
vt 0.932206 0.841103
vt 0.932127 0.841175
vt 0.931954 0.841035
vt 0.932099 0.840947
vt 0.914710 0.839684
vt 0.930130 0.838536
vt 0.914811 0.837771
vt 0.283440 0.868182
vt 0.284007 0.853956
vt 0.284545 0.854039
vt 0.284289 0.868272
vt 0.284415 0.789048
vt 0.284131 0.785514
vt 0.284311 0.784988
vt 0.284901 0.788956
vt 0.284519 0.849976
vt 0.284745 0.850500
vt 0.285264 0.868293
vt 0.285169 0.854027
vt 0.285778 0.854022
vt 0.286217 0.868245
vt 0.285109 0.850012
vt 0.285485 0.850490
vt 0.284786 0.803293
vt 0.285554 0.803189
vt 0.130112 0.869217
vt 0.130569 0.854949
vt 0.131165 0.855009
vt 0.131050 0.869270
vt 0.130081 0.854905
vt 0.130588 0.851402
vt 0.130952 0.850952
vt 0.131239 0.851464
vt 0.132030 0.869255
vt 0.131790 0.854973
vt 0.132350 0.854950
vt 0.132902 0.869178
vt 0.131572 0.850965
vt 0.131949 0.851429
vt 0.286272 0.853924
vt 0.286998 0.868132
vt 0.283568 0.763723
vt 0.283835 0.749435
vt 0.284455 0.749475
vt 0.284541 0.763745
vt 0.283292 0.749408
vt 0.283715 0.745890
vt 0.284090 0.745428
vt 0.284413 0.745930
vt 0.285494 0.763702
vt 0.285062 0.749421
vt 0.285571 0.749383
vt 0.286286 0.763602
vt 0.284713 0.745421
vt 0.285083 0.745875
vt 0.282722 0.763642
vt 0.285056 0.848788
vt 0.283756 0.785036
vt 0.283693 0.783819
vt 0.283392 0.785523
vt 0.283162 0.785001
vt 0.284360 0.744222
vt 0.285131 0.745343
vt 0.131343 0.849753
vt 0.132057 0.850898
vt 0.285669 0.849960
vt 0.282002 0.803229
vt 0.282639 0.788981
vt 0.282242 0.788920
vt 0.282827 0.785438
vt 0.281388 0.803094
vt 0.911668 0.840382
vt 0.911596 0.840816
vt 0.911241 0.840843
vt 0.911215 0.840409
vt 0.910887 0.840843
vt 0.910764 0.840417
vt 0.931713 0.831389
vt 0.931427 0.831610
vt 0.931389 0.831394
vt 0.931579 0.831104
vt 0.931809 0.831670
vt 0.931536 0.831755
vt 0.911501 0.839555
vt 0.911627 0.839882
vt 0.911193 0.839902
vt 0.911179 0.839507
vt 0.910760 0.839916
vt 0.910862 0.839580
vt 0.916877 0.839190
vt 0.916426 0.839179
vt 0.916456 0.838744
vt 0.916809 0.838755
vt 0.916478 0.838461
vt 0.916700 0.838511
vt 0.916101 0.838722
vt 0.916248 0.838490
vt 0.915974 0.839149
vt 0.916704 0.840002
vt 0.916382 0.840056
vt 0.916400 0.839683
vt 0.916833 0.839687
vt 0.915966 0.839647
vt 0.916065 0.839972
vt 0.931284 0.831408
vt 0.931471 0.831008
vt 0.931690 0.830590
vt 0.931809 0.830721
vt 0.915971 0.838686
vt 0.915804 0.839114
vt 0.916219 0.838425
vt 0.910596 0.840397
vt 0.910600 0.839891
vt 0.910799 0.839498
vt 0.915804 0.839621
vt 0.916000 0.840014
vt 0.924088 0.835655
vt 0.924222 0.835616
vt 0.924205 0.836145
vt 0.924088 0.836165
vt 0.924222 0.836579
vt 0.924138 0.836516
vt 0.916937 0.838731
vt 0.916734 0.838448
vt 0.917045 0.839171
vt 0.911561 0.839469
vt 0.911789 0.839844
vt 0.911838 0.840349
vt 0.916992 0.839675
vt 0.916762 0.840049
vt 0.931452 0.831820
vt 0.931271 0.831691
vt 0.916485 0.838345
vt 0.911175 0.839347
vt 0.916375 0.840168
vt 0.922045 0.840562
vt 0.921899 0.841015
vt 0.921552 0.841015
vt 0.921602 0.840554
vt 0.921199 0.840991
vt 0.921152 0.840532
vt 0.932806 0.831067
vt 0.932500 0.831129
vt 0.932526 0.830896
vt 0.932768 0.830717
vt 0.932806 0.831414
vt 0.932551 0.831341
vt 0.921937 0.839724
vt 0.922049 0.840054
vt 0.921624 0.840041
vt 0.921623 0.839653
vt 0.921192 0.840026
vt 0.921305 0.839703
vt 0.932512 0.837445
vt 0.932963 0.837419
vt 0.933016 0.837883
vt 0.932661 0.837899
vt 0.933061 0.838191
vt 0.932827 0.838155
vt 0.933361 0.837870
vt 0.933274 0.838136
vt 0.933405 0.837408
vt 0.932608 0.836616
vt 0.932926 0.836536
vt 0.932936 0.836908
vt 0.932504 0.836939
vt 0.933360 0.836903
vt 0.933240 0.836590
vt 0.932424 0.830875
vt 0.932691 0.830590
vt 0.921060 0.840974
vt 0.920974 0.840508
vt 0.933480 0.837887
vt 0.933562 0.837419
vt 0.933306 0.838198
vt 0.921022 0.839996
vt 0.921237 0.839623
vt 0.933510 0.836908
vt 0.933293 0.836537
vt 0.917259 0.836170
vt 0.917394 0.836156
vt 0.917378 0.836685
vt 0.917260 0.836688
vt 0.917310 0.837025
vt 0.932525 0.837927
vt 0.932797 0.838219
vt 0.932335 0.837471
vt 0.921990 0.839648
vt 0.922198 0.840035
vt 0.922202 0.840548
vt 0.932335 0.836957
vt 0.932539 0.836569
vt 0.932452 0.831381
vt 0.932334 0.831150
vt 0.933070 0.838311
vt 0.921613 0.839502
vt 0.932915 0.836419
vt 0.282820 0.812483
vt 0.283813 0.812505
vt 0.284774 0.812461
vt 0.281324 0.812258
vt 0.281948 0.812395
vt 0.284569 0.772923
vt 0.285537 0.772879
vt 0.286340 0.772777
vt 0.282722 0.772818
vt 0.283581 0.772901
vt 0.131034 0.878438
vt 0.132028 0.878423
vt 0.132914 0.878345
vt 0.286259 0.877392
vt 0.287052 0.877277
vt 0.130081 0.878385
vt 0.284302 0.877420
vt 0.285292 0.877442
vt 0.285554 0.812355
vt 0.283440 0.877329
vt 0.851027 0.806766
vt 0.851101 0.806333
vt 0.851455 0.806305
vt 0.851479 0.806738
vt 0.851810 0.806305
vt 0.851931 0.806730
vt 0.859374 0.798006
vt 0.859070 0.798161
vt 0.859027 0.797930
vt 0.859228 0.797684
vt 0.859487 0.798336
vt 0.859193 0.798346
vt 0.851193 0.807591
vt 0.851067 0.807264
vt 0.851501 0.807244
vt 0.851516 0.807639
vt 0.851935 0.807230
vt 0.851833 0.807566
vt 0.860192 0.806057
vt 0.859740 0.806044
vt 0.859767 0.805609
vt 0.860121 0.805621
vt 0.859786 0.805326
vt 0.860009 0.805377
vt 0.859413 0.805586
vt 0.859556 0.805354
vt 0.859289 0.806012
vt 0.860018 0.806867
vt 0.859695 0.806921
vt 0.859714 0.806548
vt 0.860148 0.806553
vt 0.859281 0.806511
vt 0.859379 0.806836
vt 0.858921 0.797940
vt 0.859118 0.797585
vt 0.859365 0.797278
vt 0.859487 0.797416
vt 0.859284 0.805550
vt 0.859119 0.805978
vt 0.859528 0.805289
vt 0.852100 0.806750
vt 0.852095 0.807256
vt 0.851897 0.807649
vt 0.859119 0.806484
vt 0.859314 0.806878
vt 0.850857 0.806799
vt 0.850971 0.806359
vt 0.859472 0.798474
vt 0.859110 0.798414
vt 0.860250 0.805597
vt 0.860043 0.805315
vt 0.860361 0.806038
vt 0.851134 0.807679
vt 0.850906 0.807303
vt 0.860308 0.806542
vt 0.860077 0.806915
vt 0.858912 0.798230
vt 0.859792 0.805210
vt 0.851520 0.807800
vt 0.859689 0.807033
vt 0.927973 0.839350
vt 0.928055 0.838901
vt 0.928407 0.838868
vt 0.928422 0.839316
vt 0.928762 0.838861
vt 0.928875 0.839298
vt 0.928402 0.838591
vt 0.928630 0.838628
vt 0.928178 0.838654
vt 0.928151 0.840175
vt 0.928017 0.839852
vt 0.928449 0.839826
vt 0.928474 0.840217
vt 0.928883 0.839803
vt 0.928790 0.840138
vt 0.933564 0.835105
vt 0.933112 0.835135
vt 0.933080 0.834687
vt 0.933435 0.834667
vt 0.933057 0.834393
vt 0.933287 0.834425
vt 0.932728 0.834700
vt 0.932835 0.834446
vt 0.932661 0.835147
vt 0.933473 0.835933
vt 0.933155 0.836016
vt 0.933138 0.835642
vt 0.933572 0.835608
vt 0.932706 0.835648
vt 0.932834 0.835962
vt 0.915696 0.837456
vt 0.915625 0.837531
vt 0.915596 0.837104
vt 0.915704 0.837104
vt 0.928895 0.838871
vt 0.929048 0.839311
vt 0.932600 0.834679
vt 0.932494 0.835132
vt 0.932801 0.834384
vt 0.929048 0.839822
vt 0.928858 0.840216
vt 0.932547 0.835639
vt 0.932776 0.836012
vt 0.917045 0.838430
vt 0.917186 0.838345
vt 0.917265 0.838841
vt 0.917142 0.838898
vt 0.917341 0.839281
vt 0.917246 0.839237
vt 0.933566 0.834634
vt 0.933316 0.834360
vt 0.933735 0.835074
vt 0.928097 0.840260
vt 0.927860 0.839889
vt 0.927807 0.839382
vt 0.933735 0.835584
vt 0.933538 0.835977
vt 0.917295 0.839541
vt 0.917167 0.839419
vt 0.917113 0.839584
vt 0.917045 0.839503
vt 0.933050 0.834275
vt 0.928486 0.840373
vt 0.933163 0.836130
s 0
usemtl Assets_Plant2x1_MAT_TEX
f 1/1/1 9/2/1 10/3/1 3/4/1
f 11/5/2 7/6/2 5/7/2 12/8/2
f 7/9/3 11/10/3 9/11/3 1/12/3
f 6/13/3 4/14/3 14/15/3 16/16/3
f 3/17/4 5/18/4 7/19/4 1/20/4
f 3/21/5 10/22/5 12/23/5 5/24/5
f 2/25/6 4/26/6 10/17/6 9/27/6
f 8/28/6 2/25/6 9/27/6 11/29/6
f 4/26/6 6/30/6 12/31/6 10/17/6
f 6/30/6 8/28/6 11/29/6 12/31/6
f 16/32/6 14/33/6 13/34/6 15/35/6
f 4/36/2 2/37/2 13/38/2 14/39/2
f 8/40/1 6/41/1 16/42/1 15/43/1
f 2/44/5 8/13/5 15/45/5 13/46/5
s 1
f 21/47/7 398/48/8 1057/49/9 403/50/10
f 403/50/10 1057/49/9 402/51/11 22/52/12
f 1057/49/9 399/53/13 20/54/14 402/51/11
f 398/48/8 18/55/15 399/53/13 1057/49/9
f 17/56/16 401/57/17 1058/58/18 397/59/19
f 397/59/19 1058/58/18 400/60/20 19/61/21
f 1058/58/18 403/50/10 22/52/12 400/60/20
f 401/57/17 21/47/7 403/50/10 1058/58/18
f 25/62/22 410/63/23 1059/64/24 405/65/25
f 405/65/25 1059/64/24 406/66/26 26/67/27
f 1059/64/24 409/68/28 27/69/29 406/66/26
f 410/63/23 28/70/30 409/68/28 1059/64/24
f 24/71/31 404/72/32 1060/73/33 408/74/34
f 408/74/34 1060/73/33 410/63/23 25/62/22
f 1060/73/33 407/75/35 28/70/30 410/63/23
f 404/72/32 23/76/36 407/75/35 1060/73/33
f 20/77/14 412/78/37 1061/79/38 402/80/11
f 402/51/11 1061/81/38 411/82/39 22/52/12
f 1061/83/38 409/68/28 28/70/30 411/84/39
f 412/85/37 27/69/29 409/68/28 1061/83/38
f 22/52/12 411/82/39 1062/86/40 400/60/20
f 400/60/20 1062/86/40 413/87/41 19/61/21
f 1062/88/40 407/75/35 23/76/36 413/89/41
f 411/84/39 28/70/30 407/75/35 1062/88/40
f 21/47/7 415/90/42 1063/91/43 398/48/8
f 398/92/8 1063/93/43 414/94/44 18/95/15
f 1063/96/43 405/65/25 26/67/27 414/97/44
f 415/98/42 25/62/22 405/65/25 1063/96/43
f 17/56/16 416/99/45 1064/100/46 401/57/17
f 401/57/17 1064/100/46 415/90/42 21/47/7
f 1064/101/46 408/74/34 25/62/22 415/98/42
f 416/102/45 24/71/31 408/74/34 1064/101/46
f 18/103/15 414/104/44 1065/105/47 399/106/13
f 399/106/13 1065/105/47 412/78/37 20/77/14
f 1065/107/47 406/66/26 27/69/29 412/85/37
f 414/97/44 26/67/27 406/66/26 1065/107/47
f 19/61/21 413/87/41 1066/108/48 397/59/19
f 397/59/19 1066/108/48 416/99/45 17/56/16
f 1066/109/48 404/72/32 24/71/31 416/102/45
f 413/89/41 23/76/36 404/72/32 1066/109/48
f 1103/110/49 1067/111/50 482/112/51 420/113/52
f 419/114/53 30/115/54 418/116/55 1067/117/50
f 1067/111/50 418/118/55 32/119/56 482/112/51
f 570/120/57 620/121/58 1142/122/59 1163/123/60
f 1102/124/61 1068/125/62 483/126/63 423/127/64
f 482/112/51 32/119/56 422/128/65 1068/125/62
f 1068/125/62 422/128/65 34/129/66 483/126/63
f 481/130/67 419/114/53 1067/117/50 1103/131/49
f 1101/132/68 1069/133/69 484/134/70 426/135/71
f 483/126/63 34/129/66 425/136/72 1069/137/69
f 1069/133/69 425/138/72 36/139/73 484/134/70
f 420/113/52 482/112/51 1068/125/62 1102/124/61
f 1100/140/74 1070/141/75 485/142/76 429/143/77
f 484/134/70 36/139/73 428/144/78 1070/141/75
f 1070/141/75 428/144/78 38/145/79 485/142/76
f 423/127/64 483/126/63 1069/137/69 1101/146/68
f 1099/147/80 1071/148/81 486/149/82 432/150/83
f 485/142/76 38/145/79 431/151/84 1071/148/81
f 1071/148/81 431/151/84 40/152/85 486/149/82
f 426/135/71 484/134/70 1070/141/75 1100/140/74
f 1098/153/86 1072/154/87 487/155/88 435/156/89
f 486/157/82 40/158/85 434/159/90 1072/154/87
f 1072/154/87 434/159/90 42/160/91 487/155/88
f 429/143/77 485/142/76 1071/148/81 1099/147/80
f 32/119/56 418/118/55 1073/161/6 422/128/65
f 30/115/54 440/162/92 1073/163/6 418/116/55
f 44/164/93 437/165/94 1073/163/6 440/162/92
f 42/160/91 434/159/90 1073/166/6 437/167/94
f 40/158/85 431/168/84 1073/166/6 434/159/90
f 38/145/79 428/144/78 1073/169/6 431/151/84
f 36/139/73 425/138/72 1073/169/6 428/144/78
f 34/129/66 422/128/65 1073/161/6 425/136/72
f 1097/170/95 1074/171/96 488/172/97 438/173/98
f 487/155/88 42/160/91 437/167/94 1074/174/96
f 1074/171/96 437/165/94 44/164/93 488/172/97
f 432/175/83 486/157/82 1072/154/87 1098/153/86
f 1096/176/99 1075/177/100 419/114/53 481/130/67
f 488/172/97 44/164/93 440/162/92 1075/177/100
f 1075/177/100 440/162/92 30/115/54 419/114/53
f 435/156/89 487/155/88 1074/174/96 1097/178/95
f 49/179/101 442/180/102 1076/181/103 447/182/104
f 447/182/104 1076/181/103 446/183/105 50/184/106
f 1076/185/103 443/186/107 48/187/108 446/188/105
f 442/189/102 46/190/109 443/186/107 1076/185/103
f 45/191/110 445/192/111 1077/193/112 441/194/113
f 441/194/113 1077/193/112 444/195/114 47/196/115
f 1077/193/112 447/182/104 50/184/106 444/195/114
f 445/192/111 49/179/101 447/182/104 1077/193/112
f 53/197/116 454/198/117 1078/199/118 449/200/119
f 449/200/119 1078/199/118 450/201/120 54/202/121
f 1078/199/118 453/203/122 55/204/123 450/201/120
f 454/198/117 56/205/124 453/203/122 1078/199/118
f 52/206/125 448/207/126 1079/208/127 452/209/128
f 452/209/128 1079/208/127 454/198/117 53/197/116
f 1079/208/127 451/210/129 56/205/124 454/198/117
f 448/207/126 51/211/130 451/210/129 1079/208/127
f 48/187/108 456/212/131 1080/213/132 446/188/105
f 446/188/105 1080/213/132 455/214/133 50/215/106
f 1080/216/132 453/203/122 56/205/124 455/217/133
f 456/218/131 55/204/123 453/203/122 1080/216/132
f 50/184/106 455/219/133 1081/220/134 444/195/114
f 444/195/114 1081/220/134 457/221/135 47/196/115
f 1081/222/134 451/210/129 51/211/130 457/223/135
f 455/217/133 56/205/124 451/210/129 1081/222/134
f 49/224/101 459/225/136 1082/226/137 442/227/102
f 442/227/102 1082/226/137 458/228/138 46/229/109
f 1082/230/137 449/200/119 54/202/121 458/231/138
f 459/232/136 53/197/116 449/200/119 1082/230/137
f 45/191/110 460/233/139 1083/234/140 445/192/111
f 445/192/111 1083/234/140 459/235/136 49/179/101
f 1083/236/140 452/209/128 53/197/116 459/232/136
f 460/237/139 52/206/125 452/209/128 1083/236/140
f 46/190/109 458/238/138 1084/239/141 443/186/107
f 443/186/107 1084/239/141 456/212/131 48/187/108
f 1084/240/141 450/201/120 55/204/123 456/218/131
f 458/231/138 54/202/121 450/201/120 1084/240/141
f 47/196/115 457/221/135 1085/241/142 441/194/113
f 441/194/113 1085/241/142 460/233/139 45/191/110
f 1085/242/142 448/207/126 52/206/125 460/237/139
f 457/223/135 51/211/130 448/207/126 1085/242/142
f 61/243/143 462/244/144 1086/245/145 467/246/146
f 467/246/146 1086/245/145 466/247/147 62/248/148
f 1086/249/145 463/250/149 60/251/150 466/252/147
f 462/253/144 58/254/151 463/250/149 1086/249/145
f 57/255/152 465/256/153 1087/257/154 461/258/155
f 461/258/155 1087/257/154 464/259/156 59/260/157
f 1087/257/154 467/246/146 62/248/148 464/259/156
f 465/256/153 61/243/143 467/246/146 1087/257/154
f 65/261/158 474/262/159 1088/263/160 469/264/161
f 469/264/161 1088/263/160 470/265/162 66/266/163
f 1088/263/160 473/267/164 67/268/165 470/265/162
f 474/262/159 68/269/166 473/267/164 1088/263/160
f 64/270/167 468/271/168 1089/272/169 472/273/170
f 472/273/170 1089/272/169 474/262/159 65/261/158
f 1089/272/169 471/274/171 68/269/166 474/262/159
f 468/271/168 63/275/172 471/274/171 1089/272/169
f 60/251/150 476/276/173 1090/277/174 466/252/147
f 466/247/147 1090/278/174 475/279/175 62/248/148
f 1090/280/174 473/267/164 68/269/166 475/281/175
f 476/282/173 67/268/165 473/267/164 1090/280/174
f 62/248/148 475/279/175 1091/283/176 464/259/156
f 464/259/156 1091/283/176 477/284/177 59/260/157
f 1091/285/176 471/274/171 63/275/172 477/286/177
f 475/281/175 68/269/166 471/274/171 1091/285/176
f 61/287/143 479/288/178 1092/289/179 462/253/144
f 462/253/144 1092/289/179 478/290/180 58/254/151
f 1092/291/179 469/264/161 66/266/163 478/292/180
f 479/293/178 65/261/158 469/264/161 1092/291/179
f 57/255/152 480/294/181 1093/295/182 465/256/153
f 465/256/153 1093/295/182 479/296/178 61/243/143
f 1093/297/182 472/273/170 65/261/158 479/293/178
f 480/298/181 64/270/167 472/273/170 1093/297/182
f 58/254/151 478/290/180 1094/299/183 463/250/149
f 463/250/149 1094/299/183 476/276/173 60/251/150
f 1094/300/183 470/265/162 67/268/165 476/282/173
f 478/292/180 66/266/163 470/265/162 1094/300/183
f 59/260/157 477/284/177 1095/301/184 461/258/155
f 461/258/155 1095/301/184 480/294/181 57/255/152
f 1095/302/184 468/271/168 64/270/167 480/298/181
f 477/286/177 63/275/172 468/271/168 1095/302/184
f 43/303/185 438/173/98 1096/176/99 439/304/186
f 439/304/186 1096/176/99 481/130/67 29/305/187
f 41/306/188 435/156/89 1097/178/95 436/307/189
f 436/308/189 1097/170/95 438/173/98 43/303/185
f 39/309/190 432/175/83 1098/153/86 433/310/191
f 433/310/191 1098/153/86 435/156/89 41/306/188
f 37/311/192 429/143/77 1099/147/80 430/312/193
f 430/312/193 1099/147/80 432/150/83 39/313/190
f 35/314/194 426/135/71 1100/140/74 427/315/195
f 427/315/195 1100/140/74 429/143/77 37/311/192
f 33/316/196 423/127/64 1101/146/68 424/317/197
f 424/318/197 1101/132/68 426/135/71 35/314/194
f 31/319/198 420/113/52 1102/124/61 421/320/199
f 421/320/199 1102/124/61 423/127/64 33/316/196
f 29/305/187 481/130/67 1103/131/49 417/321/200
f 417/322/200 1103/110/49 420/113/52 31/319/198
f 73/323/201 490/324/202 1104/325/203 495/326/204
f 495/326/204 1104/325/203 494/327/205 74/328/206
f 1104/329/203 491/330/207 72/331/208 494/332/205
f 490/333/202 70/334/209 491/330/207 1104/329/203
f 69/335/210 493/336/211 1105/337/212 489/338/213
f 489/338/213 1105/337/212 492/339/214 71/340/215
f 1105/337/212 495/326/204 74/328/206 492/339/214
f 493/336/211 73/323/201 495/326/204 1105/337/212
f 77/341/216 502/342/217 1106/343/218 497/344/219
f 497/344/219 1106/343/218 498/345/220 78/346/221
f 1106/343/218 501/347/222 79/348/223 498/345/220
f 502/342/217 80/349/224 501/347/222 1106/343/218
f 76/350/225 496/351/226 1107/352/227 500/353/228
f 500/353/228 1107/352/227 502/342/217 77/341/216
f 1107/352/227 499/354/229 80/349/224 502/342/217
f 496/351/226 75/355/230 499/354/229 1107/352/227
f 72/356/208 504/357/231 1108/358/232 494/359/205
f 494/359/205 1108/358/232 503/360/233 74/361/206
f 1108/362/232 501/347/222 80/349/224 503/363/233
f 504/364/231 79/348/223 501/347/222 1108/362/232
f 74/328/206 503/365/233 1109/366/234 492/339/214
f 492/339/214 1109/366/234 505/367/235 71/340/215
f 1109/368/234 499/354/229 75/355/230 505/369/235
f 503/363/233 80/349/224 499/354/229 1109/368/234
f 73/370/201 507/371/236 1110/372/237 490/333/202
f 490/333/202 1110/372/237 506/373/238 70/334/209
f 1110/374/237 497/344/219 78/346/221 506/375/238
f 507/376/236 77/341/216 497/344/219 1110/374/237
f 69/335/210 508/377/239 1111/378/240 493/336/211
f 493/336/211 1111/378/240 507/379/236 73/323/201
f 1111/380/240 500/353/228 77/341/216 507/376/236
f 508/381/239 76/350/225 500/353/228 1111/380/240
f 70/334/209 506/373/238 1112/382/241 491/330/207
f 491/330/207 1112/382/241 504/383/231 72/331/208
f 1112/384/241 498/345/220 79/348/223 504/364/231
f 506/375/238 78/346/221 498/345/220 1112/384/241
f 71/340/215 505/367/235 1113/385/242 489/338/213
f 489/338/213 1113/385/242 508/377/239 69/335/210
f 1113/386/242 496/351/226 76/350/225 508/381/239
f 505/369/235 75/355/230 496/351/226 1113/386/242
f 85/387/243 510/388/244 1114/389/245 515/390/246
f 515/390/246 1114/389/245 514/391/247 86/392/248
f 1114/393/245 511/394/249 84/395/250 514/396/247
f 510/388/244 82/397/251 511/398/249 1114/389/245
f 81/399/252 513/400/253 1115/401/254 509/402/255
f 509/402/255 1115/401/254 512/403/256 83/404/257
f 1115/401/254 515/390/246 86/392/248 512/403/256
f 513/400/253 85/387/243 515/390/246 1115/401/254
f 89/405/258 522/406/259 1116/407/260 517/408/261
f 517/408/261 1116/407/260 518/409/262 90/410/263
f 1116/407/260 521/411/264 91/412/265 518/409/262
f 522/406/259 92/413/266 521/411/264 1116/407/260
f 88/414/267 516/415/268 1117/416/269 520/417/270
f 520/417/270 1117/416/269 522/406/259 89/405/258
f 1117/416/269 519/418/271 92/413/266 522/406/259
f 516/415/268 87/419/272 519/418/271 1117/416/269
f 84/395/250 524/420/273 1118/421/274 514/396/247
f 514/396/247 1118/421/274 523/422/275 86/423/248
f 1118/424/274 521/411/264 92/413/266 523/425/275
f 524/426/273 91/412/265 521/411/264 1118/424/274
f 86/392/248 523/427/275 1119/428/276 512/403/256
f 512/403/256 1119/428/276 525/429/277 83/404/257
f 1119/430/276 519/418/271 87/419/272 525/431/277
f 523/425/275 92/413/266 519/418/271 1119/430/276
f 85/432/243 527/433/278 1120/434/279 510/435/244
f 510/435/244 1120/434/279 526/436/280 82/437/251
f 1120/438/279 517/408/261 90/410/263 526/439/280
f 527/440/278 89/405/258 517/408/261 1120/438/279
f 81/399/252 528/441/281 1121/442/282 513/400/253
f 513/400/253 1121/442/282 527/443/278 85/387/243
f 1121/444/282 520/417/270 89/405/258 527/440/278
f 528/445/281 88/414/267 520/417/270 1121/444/282
f 82/437/251 526/436/280 1122/446/283 511/447/249
f 511/394/249 1122/448/283 524/420/273 84/395/250
f 1122/449/283 518/409/262 91/412/265 524/426/273
f 526/439/280 90/410/263 518/409/262 1122/449/283
f 83/404/257 525/429/277 1123/450/284 509/402/255
f 509/402/255 1123/450/284 528/441/281 81/399/252
f 1123/451/284 516/415/268 88/414/267 528/445/281
f 525/431/277 87/419/272 516/415/268 1123/451/284
f 97/452/285 530/453/286 1124/454/287 535/455/288
f 535/455/288 1124/454/287 534/456/289 98/457/290
f 1124/454/287 531/458/291 96/459/292 534/456/289
f 530/453/286 94/460/293 531/458/291 1124/454/287
f 93/461/294 533/462/295 1125/463/296 529/464/297
f 529/464/297 1125/463/296 532/465/298 95/466/299
f 1125/463/296 535/455/288 98/457/290 532/465/298
f 533/462/295 97/452/285 535/455/288 1125/463/296
f 101/467/300 542/468/301 1126/469/302 537/470/303
f 537/470/303 1126/469/302 538/471/304 102/472/305
f 1126/469/302 541/473/306 103/474/307 538/471/304
f 542/468/301 104/475/308 541/473/306 1126/469/302
f 100/476/309 536/477/310 1127/478/311 540/479/312
f 540/479/312 1127/478/311 542/468/301 101/467/300
f 1127/478/311 539/480/313 104/475/308 542/468/301
f 536/477/310 99/481/314 539/480/313 1127/478/311
f 96/482/292 544/483/315 1128/484/316 534/485/289
f 534/456/289 1128/486/316 543/487/317 98/457/290
f 1128/488/316 541/473/306 104/475/308 543/489/317
f 544/490/315 103/474/307 541/473/306 1128/488/316
f 98/457/290 543/487/317 1129/491/318 532/465/298
f 532/465/298 1129/491/318 545/492/319 95/466/299
f 1129/493/318 539/480/313 99/481/314 545/494/319
f 543/489/317 104/475/308 539/480/313 1129/493/318
f 97/452/285 547/495/320 1130/496/321 530/453/286
f 530/497/286 1130/498/321 546/499/322 94/500/293
f 1130/501/321 537/470/303 102/472/305 546/502/322
f 547/503/320 101/467/300 537/470/303 1130/501/321
f 93/461/294 548/504/323 1131/505/324 533/462/295
f 533/462/295 1131/505/324 547/495/320 97/452/285
f 1131/506/324 540/479/312 101/467/300 547/503/320
f 548/507/323 100/476/309 540/479/312 1131/506/324
f 94/508/293 546/509/322 1132/510/325 531/511/291
f 531/511/291 1132/510/325 544/483/315 96/482/292
f 1132/512/325 538/471/304 103/474/307 544/490/315
f 546/502/322 102/472/305 538/471/304 1132/512/325
f 95/466/299 545/492/319 1133/513/326 529/464/297
f 529/464/297 1133/513/326 548/504/323 93/461/294
f 1133/514/326 536/477/310 100/476/309 548/507/323
f 545/494/319 99/481/314 536/477/310 1133/514/326
f 1170/515/327 1134/516/328 614/517/329 552/518/330
f 551/519/331 106/520/332 550/521/333 1134/516/328
f 1134/516/328 550/521/333 108/522/334 614/517/329
f 702/523/335 752/524/336 1209/525/337 1230/526/338
f 1169/527/339 1135/528/340 615/529/341 555/530/342
f 614/517/329 108/522/334 554/531/343 1135/528/340
f 1135/528/340 554/531/343 110/532/344 615/529/341
f 613/533/345 551/534/331 1134/535/328 1170/536/327
f 1168/537/346 1136/538/347 616/539/348 558/540/349
f 615/529/341 110/532/344 557/541/350 1136/542/347
f 1136/538/347 557/543/350 112/544/351 616/539/348
f 552/518/330 614/517/329 1135/528/340 1169/527/339
f 1167/545/352 1137/546/353 617/547/354 561/548/355
f 616/539/348 112/544/351 560/549/356 1137/546/353
f 1137/546/353 560/549/356 114/550/357 617/547/354
f 555/530/342 615/529/341 1136/542/347 1168/551/346
f 1166/552/358 1138/553/359 618/554/360 564/555/361
f 617/547/354 114/550/357 563/556/362 1138/557/359
f 1138/553/359 563/558/362 116/559/363 618/554/360
f 558/540/349 616/539/348 1137/546/353 1167/545/352
f 1165/560/364 1139/561/365 619/562/366 567/563/367
f 618/554/360 116/559/363 566/564/368 1139/561/365
f 1139/561/365 566/564/368 118/565/369 619/562/366
f 561/548/355 617/547/354 1138/557/359 1166/566/358
f 108/522/334 550/521/333 1140/567/6 554/531/343
f 106/568/332 572/569/370 1140/570/6 550/571/333
f 120/572/371 569/573/372 1140/570/6 572/569/370
f 118/565/369 566/564/368 1140/574/6 569/575/372
f 116/559/363 563/558/362 1140/574/6 566/564/368
f 114/550/357 560/549/356 1140/576/6 563/556/362
f 112/544/351 557/543/350 1140/576/6 560/549/356
f 110/532/344 554/531/343 1140/567/6 557/541/350
f 1164/577/373 1141/578/374 620/121/58 570/120/57
f 619/579/366 118/580/369 569/573/372 1141/578/374
f 1141/578/374 569/573/372 120/572/371 620/121/58
f 564/555/361 618/554/360 1139/561/365 1165/560/364
f 1163/123/60 1142/122/59 551/534/331 613/533/345
f 620/121/58 120/572/371 572/569/370 1142/122/59
f 1142/122/59 572/569/370 106/568/332 551/534/331
f 567/581/367 619/579/366 1141/578/374 1164/577/373
f 125/582/375 574/583/376 1143/584/377 579/585/378
f 579/585/378 1143/584/377 578/586/379 126/587/380
f 1143/588/377 575/589/381 124/590/382 578/591/379
f 574/583/376 122/592/383 575/593/381 1143/584/377
f 121/594/384 577/595/385 1144/596/386 573/597/387
f 573/597/387 1144/596/386 576/598/388 123/599/389
f 1144/596/386 579/585/378 126/587/380 576/598/388
f 577/595/385 125/582/375 579/585/378 1144/596/386
f 129/600/390 586/601/391 1145/602/392 581/603/393
f 581/603/393 1145/602/392 582/604/394 130/605/395
f 1145/602/392 585/606/396 131/607/397 582/604/394
f 586/601/391 132/608/398 585/606/396 1145/602/392
f 128/609/399 580/610/400 1146/611/401 584/612/402
f 584/612/402 1146/611/401 586/601/391 129/600/390
f 1146/611/401 583/613/403 132/608/398 586/601/391
f 580/610/400 127/614/404 583/613/403 1146/611/401
f 124/590/382 588/615/405 1147/616/406 578/591/379
f 578/591/379 1147/616/406 587/617/407 126/618/380
f 1147/619/406 585/606/396 132/608/398 587/620/407
f 588/621/405 131/607/397 585/606/396 1147/619/406
f 126/587/380 587/622/407 1148/623/408 576/598/388
f 576/598/388 1148/623/408 589/624/409 123/599/389
f 1148/625/408 583/613/403 127/614/404 589/626/409
f 587/620/407 132/608/398 583/613/403 1148/625/408
f 125/582/375 591/627/410 1149/628/411 574/583/376
f 574/629/376 1149/630/411 590/631/412 122/632/383
f 1149/633/411 581/603/393 130/605/395 590/634/412
f 591/635/410 129/600/390 581/603/393 1149/633/411
f 121/594/384 592/636/413 1150/637/414 577/595/385
f 577/595/385 1150/637/414 591/627/410 125/582/375
f 1150/638/414 584/612/402 129/600/390 591/635/410
f 592/639/413 128/609/399 584/612/402 1150/638/414
f 122/640/383 590/641/412 1151/642/415 575/589/381
f 575/589/381 1151/642/415 588/615/405 124/590/382
f 1151/643/415 582/604/394 131/607/397 588/621/405
f 590/634/412 130/605/395 582/604/394 1151/643/415
f 123/599/389 589/624/409 1152/644/416 573/597/387
f 573/597/387 1152/644/416 592/636/413 121/594/384
f 1152/645/416 580/610/400 128/609/399 592/639/413
f 589/626/409 127/614/404 580/610/400 1152/645/416
f 137/646/417 594/647/418 1153/648/419 599/649/420
f 599/649/420 1153/648/419 598/650/421 138/651/422
f 1153/652/419 595/653/423 136/654/424 598/655/421
f 594/656/418 134/657/425 595/653/423 1153/652/419
f 133/658/426 597/659/427 1154/660/428 593/661/429
f 593/661/429 1154/660/428 596/662/430 135/663/431
f 1154/660/428 599/649/420 138/651/422 596/662/430
f 597/659/427 137/646/417 599/649/420 1154/660/428
f 141/664/432 606/665/433 1155/666/434 601/667/435
f 601/667/435 1155/666/434 602/668/436 142/669/437
f 1155/666/434 605/670/438 143/671/439 602/668/436
f 606/665/433 144/672/440 605/670/438 1155/666/434
f 140/673/441 600/674/442 1156/675/443 604/676/444
f 604/676/444 1156/675/443 606/665/433 141/664/432
f 1156/675/443 603/677/445 144/672/440 606/665/433
f 600/674/442 139/678/446 603/677/445 1156/675/443
f 136/654/424 608/679/447 1157/680/448 598/655/421
f 598/650/421 1157/681/448 607/682/449 138/651/422
f 1157/683/448 605/670/438 144/672/440 607/684/449
f 608/685/447 143/671/439 605/670/438 1157/683/448
f 138/651/422 607/682/449 1158/686/450 596/662/430
f 596/662/430 1158/686/450 609/687/451 135/663/431
f 1158/688/450 603/677/445 139/678/446 609/689/451
f 607/684/449 144/672/440 603/677/445 1158/688/450
f 137/646/417 611/690/452 1159/691/453 594/647/418
f 594/656/418 1159/692/453 610/693/454 134/657/425
f 1159/694/453 601/667/435 142/669/437 610/695/454
f 611/696/452 141/664/432 601/667/435 1159/694/453
f 133/658/426 612/697/455 1160/698/456 597/659/427
f 597/659/427 1160/698/456 611/690/452 137/646/417
f 1160/699/456 604/676/444 141/664/432 611/696/452
f 612/700/455 140/673/441 604/676/444 1160/699/456
f 134/657/425 610/693/454 1161/701/457 595/653/423
f 595/653/423 1161/701/457 608/679/447 136/654/424
f 1161/702/457 602/668/436 143/671/439 608/685/447
f 610/695/454 142/669/437 602/668/436 1161/702/457
f 135/663/431 609/687/451 1162/703/458 593/661/429
f 593/661/429 1162/703/458 612/697/455 133/658/426
f 1162/704/458 600/674/442 140/673/441 612/700/455
f 609/689/451 139/678/446 600/674/442 1162/704/458
f 119/705/459 570/120/57 1163/123/60 571/706/460
f 571/706/460 1163/123/60 613/533/345 105/707/461
f 117/708/462 567/581/367 1164/577/373 568/709/463
f 568/709/463 1164/577/373 570/120/57 119/705/459
f 115/710/464 564/555/361 1165/560/364 565/711/465
f 565/711/465 1165/560/364 567/563/367 117/712/462
f 113/713/466 561/548/355 1166/566/358 562/714/467
f 562/715/467 1166/552/358 564/555/361 115/710/464
f 111/716/468 558/540/349 1167/545/352 559/717/469
f 559/717/469 1167/545/352 561/548/355 113/713/466
f 109/718/470 555/530/342 1168/551/346 556/719/471
f 556/720/471 1168/537/346 558/540/349 111/716/468
f 107/721/472 552/518/330 1169/527/339 553/722/473
f 553/722/473 1169/527/339 555/530/342 109/718/470
f 105/707/461 613/533/345 1170/536/327 549/723/474
f 549/724/474 1170/515/327 552/518/330 107/721/472
f 149/725/475 622/726/476 1171/727/477 627/728/478
f 627/728/478 1171/727/477 626/729/479 150/730/480
f 1171/731/477 623/732/481 148/733/482 626/734/479
f 622/735/476 146/736/483 623/732/481 1171/731/477
f 145/737/484 625/738/485 1172/739/486 621/740/487
f 621/740/487 1172/739/486 624/741/488 147/742/489
f 1172/739/486 627/728/478 150/730/480 624/741/488
f 625/738/485 149/725/475 627/728/478 1172/739/486
f 153/743/490 634/744/491 1173/745/492 629/746/493
f 629/746/493 1173/745/492 630/747/494 154/748/495
f 1173/745/492 633/749/496 155/750/497 630/747/494
f 634/744/491 156/751/498 633/749/496 1173/745/492
f 152/752/499 628/753/500 1174/754/501 632/755/502
f 632/755/502 1174/754/501 634/744/491 153/743/490
f 1174/754/501 631/756/503 156/751/498 634/744/491
f 628/753/500 151/757/504 631/756/503 1174/754/501
f 148/733/482 636/758/505 1175/759/506 626/734/479
f 626/760/479 1175/761/506 635/762/507 150/763/480
f 1175/764/506 633/749/496 156/751/498 635/765/507
f 636/766/505 155/750/497 633/749/496 1175/764/506
f 150/730/480 635/767/507 1176/768/508 624/741/488
f 624/741/488 1176/768/508 637/769/509 147/742/489
f 1176/770/508 631/756/503 151/757/504 637/771/509
f 635/765/507 156/751/498 631/756/503 1176/770/508
f 149/725/475 639/772/510 1177/773/511 622/726/476
f 622/735/476 1177/774/511 638/775/512 146/736/483
f 1177/776/511 629/746/493 154/748/495 638/777/512
f 639/778/510 153/743/490 629/746/493 1177/776/511
f 145/737/484 640/779/513 1178/780/514 625/738/485
f 625/738/485 1178/780/514 639/772/510 149/725/475
f 1178/781/514 632/755/502 153/743/490 639/778/510
f 640/782/513 152/752/499 632/755/502 1178/781/514
f 146/736/483 638/775/512 1179/783/515 623/732/481
f 623/732/481 1179/783/515 636/758/505 148/733/482
f 1179/784/515 630/747/494 155/750/497 636/766/505
f 638/777/512 154/748/495 630/747/494 1179/784/515
f 147/742/489 637/769/509 1180/785/516 621/740/487
f 621/740/487 1180/785/516 640/779/513 145/737/484
f 1180/786/516 628/753/500 152/752/499 640/782/513
f 637/771/509 151/757/504 628/753/500 1180/786/516
f 161/787/517 642/788/518 1181/789/519 647/790/520
f 647/790/520 1181/789/519 646/791/521 162/792/522
f 1181/789/519 643/793/523 160/794/524 646/791/521
f 642/795/518 158/796/525 643/797/523 1181/798/519
f 157/799/526 645/800/527 1182/801/528 641/802/529
f 641/802/529 1182/801/528 644/803/530 159/804/531
f 1182/801/528 647/790/520 162/792/522 644/803/530
f 645/800/527 161/787/517 647/790/520 1182/801/528
f 165/805/532 654/806/533 1183/807/534 649/808/535
f 649/808/535 1183/807/534 650/809/536 166/810/537
f 1183/807/534 653/811/538 167/812/539 650/809/536
f 654/806/533 168/813/540 653/811/538 1183/807/534
f 164/814/541 648/815/542 1184/816/543 652/817/544
f 652/817/544 1184/816/543 654/806/533 165/805/532
f 1184/816/543 651/818/545 168/813/540 654/806/533
f 648/815/542 163/819/546 651/818/545 1184/816/543
f 160/820/524 656/821/547 1185/822/548 646/823/521
f 646/791/521 1185/824/548 655/825/549 162/792/522
f 1185/826/548 653/811/538 168/813/540 655/827/549
f 656/828/547 167/812/539 653/811/538 1185/826/548
f 162/792/522 655/825/549 1186/829/550 644/803/530
f 644/803/530 1186/829/550 657/830/551 159/804/531
f 1186/831/550 651/818/545 163/819/546 657/832/551
f 655/827/549 168/813/540 651/818/545 1186/831/550
f 161/833/517 659/834/552 1187/835/553 642/795/518
f 642/795/518 1187/835/553 658/836/554 158/796/525
f 1187/837/553 649/808/535 166/810/537 658/838/554
f 659/839/552 165/805/532 649/808/535 1187/837/553
f 157/799/526 660/840/555 1188/841/556 645/800/527
f 645/800/527 1188/841/556 659/842/552 161/787/517
f 1188/843/556 652/817/544 165/805/532 659/839/552
f 660/844/555 164/814/541 652/817/544 1188/843/556
f 158/796/525 658/836/554 1189/845/557 643/797/523
f 643/797/523 1189/845/557 656/846/547 160/847/524
f 1189/848/557 650/809/536 167/812/539 656/828/547
f 658/838/554 166/810/537 650/809/536 1189/848/557
f 159/804/531 657/830/551 1190/849/558 641/802/529
f 641/802/529 1190/849/558 660/840/555 157/799/526
f 1190/850/558 648/815/542 164/814/541 660/844/555
f 657/832/551 163/819/546 648/815/542 1190/850/558
f 173/851/559 662/852/560 1191/853/561 667/854/562
f 667/854/562 1191/853/561 666/855/563 174/856/564
f 1191/853/561 663/857/565 172/858/566 666/855/563
f 662/852/560 170/859/567 663/857/565 1191/853/561
f 169/860/568 665/861/569 1192/862/570 661/863/571
f 661/863/571 1192/862/570 664/864/572 171/865/573
f 1192/862/570 667/854/562 174/856/564 664/864/572
f 665/861/569 173/851/559 667/854/562 1192/862/570
f 177/866/574 674/867/575 1193/868/576 669/869/577
f 669/869/577 1193/868/576 670/870/578 178/871/579
f 1193/868/576 673/872/580 179/873/581 670/870/578
f 674/867/575 180/874/582 673/872/580 1193/868/576
f 176/875/583 668/876/584 1194/877/585 672/878/586
f 672/878/586 1194/877/585 674/867/575 177/866/574
f 1194/877/585 671/879/587 180/874/582 674/867/575
f 668/876/584 175/880/588 671/879/587 1194/877/585
f 172/881/566 676/882/589 1195/883/590 666/884/563
f 666/855/563 1195/885/590 675/886/591 174/856/564
f 1195/887/590 673/872/580 180/874/582 675/888/591
f 676/889/589 179/873/581 673/872/580 1195/887/590
f 174/856/564 675/886/591 1196/890/592 664/864/572
f 664/864/572 1196/890/592 677/891/593 171/865/573
f 1196/892/592 671/879/587 175/880/588 677/893/593
f 675/888/591 180/874/582 671/879/587 1196/892/592
f 173/851/559 679/894/594 1197/895/595 662/852/560
f 662/896/560 1197/897/595 678/898/596 170/899/567
f 1197/900/595 669/869/577 178/871/579 678/901/596
f 679/902/594 177/866/574 669/869/577 1197/900/595
f 169/860/568 680/903/597 1198/904/598 665/861/569
f 665/861/569 1198/904/598 679/894/594 173/851/559
f 1198/905/598 672/878/586 177/866/574 679/902/594
f 680/906/597 176/875/583 672/878/586 1198/905/598
f 170/899/567 678/898/596 1199/907/599 663/908/565
f 663/908/565 1199/907/599 676/882/589 172/881/566
f 1199/909/599 670/870/578 179/873/581 676/889/589
f 678/901/596 178/871/579 670/870/578 1199/909/599
f 171/865/573 677/891/593 1200/910/600 661/863/571
f 661/863/571 1200/910/600 680/903/597 169/860/568
f 1200/911/600 668/876/584 176/875/583 680/906/597
f 677/893/593 175/880/588 668/876/584 1200/911/600
f 1237/912/601 1201/913/602 746/914/603 684/915/604
f 683/916/605 182/917/606 682/918/607 1201/913/602
f 1201/913/602 682/918/607 184/919/608 746/914/603
f 834/920/609 884/921/610 1276/922/611 1297/923/612
f 1236/924/613 1202/925/614 747/926/615 687/927/616
f 746/928/603 184/929/608 686/930/617 1202/925/614
f 1202/925/614 686/930/617 186/931/618 747/926/615
f 745/932/619 683/916/605 1201/913/602 1237/912/601
f 1235/933/620 1203/934/621 748/935/622 690/936/623
f 747/926/615 186/931/618 689/937/624 1203/934/621
f 1203/934/621 689/937/624 188/938/625 748/935/622
f 684/939/604 746/928/603 1202/925/614 1236/924/613
f 1234/940/626 1204/941/627 749/942/628 693/943/629
f 748/944/622 188/945/625 692/946/630 1204/941/627
f 1204/941/627 692/946/630 190/947/631 749/942/628
f 687/927/616 747/926/615 1203/934/621 1235/933/620
f 1233/948/632 1205/949/633 750/950/634 696/951/635
f 749/942/628 190/947/631 695/952/636 1205/949/633
f 1205/949/633 695/952/636 192/953/637 750/950/634
f 690/954/623 748/944/622 1204/941/627 1234/940/626
f 1232/955/638 1206/956/639 751/957/640 699/958/641
f 750/959/634 192/960/637 698/961/642 1206/956/639
f 1206/956/639 698/961/642 194/962/643 751/957/640
f 693/943/629 749/942/628 1205/949/633 1233/948/632
f 184/929/608 682/963/607 1207/964/6 686/930/617
f 182/917/606 704/965/644 1207/966/6 682/918/607
f 196/967/645 701/968/646 1207/966/6 704/965/644
f 194/962/643 698/961/642 1207/969/6 701/970/646
f 192/960/637 695/971/636 1207/969/6 698/961/642
f 190/947/631 692/946/630 1207/972/6 695/952/636
f 188/938/625 689/937/624 1207/964/6 692/973/630
f 186/931/618 686/930/617 1207/964/6 689/937/624
f 1231/974/647 1208/975/648 752/524/336 702/523/335
f 751/957/640 194/962/643 701/970/646 1208/976/648
f 1208/975/648 701/968/646 196/967/645 752/524/336
f 696/977/635 750/959/634 1206/956/639 1232/955/638
f 1230/526/338 1209/525/337 683/916/605 745/932/619
f 752/524/336 196/967/645 704/965/644 1209/525/337
f 1209/525/337 704/965/644 182/917/606 683/916/605
f 699/958/641 751/957/640 1208/976/648 1231/978/647
f 201/979/649 706/980/650 1210/981/651 711/982/652
f 711/982/652 1210/981/651 710/983/653 202/984/654
f 1210/985/651 707/986/655 200/987/656 710/988/653
f 706/989/650 198/990/657 707/986/655 1210/985/651
f 197/991/658 709/992/659 1211/993/660 705/994/661
f 705/994/661 1211/993/660 708/995/662 199/996/663
f 1211/993/660 711/982/652 202/984/654 708/995/662
f 709/992/659 201/979/649 711/982/652 1211/993/660
f 205/997/664 718/998/665 1212/999/666 713/1000/667
f 713/1000/667 1212/999/666 714/1001/668 206/1002/669
f 1212/999/666 717/1003/670 207/1004/671 714/1001/668
f 718/998/665 208/1005/672 717/1003/670 1212/999/666
f 204/1006/673 712/1007/674 1213/1008/675 716/1009/676
f 716/1009/676 1213/1008/675 718/998/665 205/997/664
f 1213/1008/675 715/1010/677 208/1005/672 718/998/665
f 712/1007/674 203/1011/678 715/1010/677 1213/1008/675
f 200/987/656 720/1012/679 1214/1013/680 710/988/653
f 710/988/653 1214/1013/680 719/1014/681 202/1015/654
f 1214/1016/680 717/1003/670 208/1005/672 719/1017/681
f 720/1018/679 207/1004/671 717/1003/670 1214/1016/680
f 202/984/654 719/1019/681 1215/1020/682 708/995/662
f 708/995/662 1215/1020/682 721/1021/683 199/996/663
f 1215/1022/682 715/1010/677 203/1011/678 721/1023/683
f 719/1017/681 208/1005/672 715/1010/677 1215/1022/682
f 201/979/649 723/1024/684 1216/1025/685 706/980/650
f 706/989/650 1216/1026/685 722/1027/686 198/990/657
f 1216/1028/685 713/1000/667 206/1002/669 722/1029/686
f 723/1030/684 205/997/664 713/1000/667 1216/1028/685
f 197/991/658 724/1031/687 1217/1032/688 709/992/659
f 709/992/659 1217/1032/688 723/1024/684 201/979/649
f 1217/1033/688 716/1009/676 205/997/664 723/1030/684
f 724/1034/687 204/1006/673 716/1009/676 1217/1033/688
f 198/990/657 722/1027/686 1218/1035/689 707/986/655
f 707/986/655 1218/1035/689 720/1012/679 200/987/656
f 1218/1036/689 714/1001/668 207/1004/671 720/1018/679
f 722/1029/686 206/1002/669 714/1001/668 1218/1036/689
f 199/996/663 721/1021/683 1219/1037/690 705/994/661
f 705/994/661 1219/1037/690 724/1031/687 197/991/658
f 1219/1038/690 712/1007/674 204/1006/673 724/1034/687
f 721/1023/683 203/1011/678 712/1007/674 1219/1038/690
f 213/1039/691 726/1040/692 1220/1041/693 731/1042/694
f 731/1042/694 1220/1041/693 730/1043/695 214/1044/696
f 1220/1041/693 727/1045/697 212/1046/698 730/1043/695
f 726/1047/692 210/1048/699 727/1049/697 1220/1050/693
f 209/1051/700 729/1052/701 1221/1053/702 725/1054/703
f 725/1054/703 1221/1053/702 728/1055/704 211/1056/705
f 1221/1053/702 731/1042/694 214/1044/696 728/1055/704
f 729/1052/701 213/1039/691 731/1042/694 1221/1053/702
f 217/1057/706 738/1058/707 1222/1059/708 733/1060/709
f 733/1060/709 1222/1059/708 734/1061/710 218/1062/711
f 1222/1059/708 737/1063/712 219/1064/713 734/1061/710
f 738/1058/707 220/1065/714 737/1063/712 1222/1059/708
f 216/1066/715 732/1067/716 1223/1068/717 736/1069/718
f 736/1069/718 1223/1068/717 738/1058/707 217/1057/706
f 1223/1068/717 735/1070/719 220/1065/714 738/1058/707
f 732/1067/716 215/1071/720 735/1070/719 1223/1068/717
f 212/1072/698 740/1073/721 1224/357/722 730/1074/695
f 730/1043/695 1224/1075/722 739/1076/723 214/1044/696
f 1224/1077/722 737/1063/712 220/1065/714 739/1078/723
f 740/1079/721 219/1064/713 737/1063/712 1224/1077/722
f 214/1044/696 739/1076/723 1225/1080/724 728/1055/704
f 728/1055/704 1225/1080/724 741/1081/725 211/1056/705
f 1225/1082/724 735/1070/719 215/1071/720 741/1083/725
f 739/1078/723 220/1065/714 735/1070/719 1225/1082/724
f 213/1084/691 743/1085/726 1226/1086/727 726/1047/692
f 726/1047/692 1226/1086/727 742/1087/728 210/1048/699
f 1226/1088/727 733/1060/709 218/1062/711 742/1089/728
f 743/1090/726 217/1057/706 733/1060/709 1226/1088/727
f 209/1051/700 744/1091/729 1227/1092/730 729/1052/701
f 729/1052/701 1227/1092/730 743/1093/726 213/1039/691
f 1227/1094/730 736/1069/718 217/1057/706 743/1090/726
f 744/1095/729 216/1066/715 736/1069/718 1227/1094/730
f 210/1048/699 742/1087/728 1228/1096/731 727/1049/697
f 727/1049/697 1228/1096/731 740/1097/721 212/1098/698
f 1228/1099/731 734/1061/710 219/1064/713 740/1079/721
f 742/1089/728 218/1062/711 734/1061/710 1228/1099/731
f 211/1056/705 741/1081/725 1229/1100/732 725/1054/703
f 725/1054/703 1229/1100/732 744/1091/729 209/1051/700
f 1229/1101/732 732/1067/716 216/1066/715 744/1095/729
f 741/1083/725 215/1071/720 732/1067/716 1229/1101/732
f 195/1102/733 702/523/335 1230/526/338 703/1103/734
f 703/1103/734 1230/526/338 745/932/619 181/1104/735
f 193/1105/736 699/958/641 1231/978/647 700/1106/737
f 700/1107/737 1231/974/647 702/523/335 195/1102/733
f 191/1108/738 696/977/635 1232/955/638 697/1109/739
f 697/1109/739 1232/955/638 699/958/641 193/1105/736
f 189/1110/740 693/943/629 1233/948/632 694/1111/741
f 694/1111/741 1233/948/632 696/951/635 191/1112/738
f 187/1113/742 690/954/623 1234/940/626 691/1114/743
f 691/1114/743 1234/940/626 693/943/629 189/1110/740
f 185/1115/744 687/927/616 1235/933/620 688/1116/745
f 688/1116/745 1235/933/620 690/936/623 187/1117/742
f 183/1118/746 684/939/604 1236/924/613 685/1119/747
f 685/1119/747 1236/924/613 687/927/616 185/1115/744
f 181/1104/735 745/932/619 1237/912/601 681/1120/748
f 681/1120/748 1237/912/601 684/915/604 183/1121/746
f 225/1122/749 754/1123/750 1238/1124/751 759/1125/752
f 759/1125/752 1238/1124/751 758/1126/753 226/1127/754
f 1238/1128/751 755/1129/755 224/1130/756 758/1131/753
f 754/1132/750 222/1133/757 755/1129/755 1238/1128/751
f 221/1134/758 757/1135/759 1239/1136/760 753/1137/761
f 753/1137/761 1239/1136/760 756/1138/762 223/1139/763
f 1239/1136/760 759/1125/752 226/1127/754 756/1138/762
f 757/1135/759 225/1122/749 759/1125/752 1239/1136/760
f 229/1140/764 766/1141/765 1240/1142/766 761/1143/767
f 761/1143/767 1240/1142/766 762/1144/768 230/1145/769
f 1240/1142/766 765/1146/770 231/1147/771 762/1144/768
f 766/1141/765 232/1148/772 765/1146/770 1240/1142/766
f 228/1149/773 760/1150/774 1241/1151/775 764/1152/776
f 764/1152/776 1241/1151/775 766/1141/765 229/1140/764
f 1241/1151/775 763/1153/777 232/1148/772 766/1141/765
f 760/1150/774 227/1154/778 763/1153/777 1241/1151/775
f 224/1155/756 768/1156/779 1242/1157/780 758/1158/753
f 758/1158/753 1242/1157/780 767/1159/781 226/1160/754
f 1242/1161/780 765/1146/770 232/1148/772 767/1162/781
f 768/1163/779 231/1147/771 765/1146/770 1242/1161/780
f 226/1127/754 767/1164/781 1243/1165/782 756/1138/762
f 756/1138/762 1243/1165/782 769/1166/783 223/1139/763
f 1243/1167/782 763/1153/777 227/1154/778 769/1168/783
f 767/1162/781 232/1148/772 763/1153/777 1243/1167/782
f 225/1169/749 771/1170/784 1244/1171/785 754/1132/750
f 754/1132/750 1244/1171/785 770/1172/786 222/1133/757
f 1244/1173/785 761/1143/767 230/1145/769 770/1174/786
f 771/1175/784 229/1140/764 761/1143/767 1244/1173/785
f 221/1134/758 772/1176/787 1245/1177/788 757/1135/759
f 757/1135/759 1245/1177/788 771/1178/784 225/1122/749
f 1245/1179/788 764/1152/776 229/1140/764 771/1175/784
f 772/1180/787 228/1149/773 764/1152/776 1245/1179/788
f 222/1133/757 770/1172/786 1246/1181/789 755/1129/755
f 755/1129/755 1246/1181/789 768/1182/779 224/1130/756
f 1246/1183/789 762/1144/768 231/1147/771 768/1163/779
f 770/1174/786 230/1145/769 762/1144/768 1246/1183/789
f 223/1139/763 769/1166/783 1247/1184/790 753/1137/761
f 753/1137/761 1247/1184/790 772/1176/787 221/1134/758
f 1247/1185/790 760/1150/774 228/1149/773 772/1180/787
f 769/1168/783 227/1154/778 760/1150/774 1247/1185/790
f 237/1186/791 774/1187/792 1248/1188/793 779/1189/794
f 779/1189/794 1248/1188/793 778/1190/795 238/1191/796
f 1248/1192/793 775/1193/797 236/1194/798 778/1195/795
f 774/1187/792 234/1196/799 775/1197/797 1248/1188/793
f 233/1198/800 777/1199/801 1249/1200/802 773/1201/803
f 773/1201/803 1249/1200/802 776/1202/804 235/1203/805
f 1249/1200/802 779/1189/794 238/1191/796 776/1202/804
f 777/1199/801 237/1186/791 779/1189/794 1249/1200/802
f 241/1204/806 786/1205/807 1250/1206/808 781/1207/809
f 781/1207/809 1250/1206/808 782/1208/810 242/1209/811
f 1250/1206/808 785/1210/812 243/1211/813 782/1208/810
f 786/1205/807 244/1212/814 785/1210/812 1250/1206/808
f 240/1213/815 780/1214/816 1251/1215/817 784/1216/818
f 784/1216/818 1251/1215/817 786/1205/807 241/1204/806
f 1251/1215/817 783/1217/819 244/1212/814 786/1205/807
f 780/1214/816 239/1218/820 783/1217/819 1251/1215/817
f 236/1194/798 788/1219/821 1252/1220/822 778/1195/795
f 778/1195/795 1252/1220/822 787/1221/823 238/1222/796
f 1252/1223/822 785/1210/812 244/1212/814 787/1224/823
f 788/1225/821 243/1211/813 785/1210/812 1252/1223/822
f 238/1191/796 787/1226/823 1253/1227/824 776/1202/804
f 776/1202/804 1253/1227/824 789/1228/825 235/1203/805
f 1253/1229/824 783/1217/819 239/1218/820 789/1230/825
f 787/1224/823 244/1212/814 783/1217/819 1253/1229/824
f 237/1231/791 791/1232/826 1254/1233/827 774/1234/792
f 774/1234/792 1254/1233/827 790/1235/828 234/1236/799
f 1254/1237/827 781/1207/809 242/1209/811 790/1238/828
f 791/1239/826 241/1204/806 781/1207/809 1254/1237/827
f 233/1198/800 792/1240/829 1255/1241/830 777/1199/801
f 777/1199/801 1255/1241/830 791/1242/826 237/1186/791
f 1255/1243/830 784/1216/818 241/1204/806 791/1239/826
f 792/1244/829 240/1213/815 784/1216/818 1255/1243/830
f 234/1236/799 790/1235/828 1256/1245/831 775/1246/797
f 775/1193/797 1256/1247/831 788/1219/821 236/1194/798
f 1256/1248/831 782/1208/810 243/1211/813 788/1225/821
f 790/1238/828 242/1209/811 782/1208/810 1256/1248/831
f 235/1203/805 789/1228/825 1257/1249/832 773/1201/803
f 773/1201/803 1257/1249/832 792/1240/829 233/1198/800
f 1257/1250/832 780/1214/816 240/1213/815 792/1244/829
f 789/1230/825 239/1218/820 780/1214/816 1257/1250/832
f 249/1251/833 794/1252/834 1258/1253/835 799/1254/836
f 799/1254/836 1258/1253/835 798/1255/837 250/1256/838
f 1258/1253/835 795/1257/839 248/1258/840 798/1255/837
f 794/1252/834 246/1259/841 795/1257/839 1258/1253/835
f 245/1260/842 797/1261/843 1259/1262/844 793/1263/845
f 793/1263/845 1259/1262/844 796/1264/846 247/1265/847
f 1259/1262/844 799/1254/836 250/1256/838 796/1264/846
f 797/1261/843 249/1251/833 799/1254/836 1259/1262/844
f 253/1266/848 806/1267/849 1260/1268/850 801/1269/851
f 801/1269/851 1260/1268/850 802/1270/852 254/1271/853
f 1260/1268/850 805/1272/854 255/1273/855 802/1270/852
f 806/1267/849 256/1274/856 805/1272/854 1260/1268/850
f 252/1275/857 800/1276/858 1261/1277/859 804/1278/860
f 804/1278/860 1261/1277/859 806/1267/849 253/1266/848
f 1261/1277/859 803/1279/861 256/1274/856 806/1267/849
f 800/1276/858 251/1280/862 803/1279/861 1261/1277/859
f 248/1281/840 808/1282/863 1262/1283/864 798/1284/837
f 798/1255/837 1262/1285/864 807/1286/865 250/1256/838
f 1262/1287/864 805/1272/854 256/1274/856 807/1288/865
f 808/1289/863 255/1273/855 805/1272/854 1262/1287/864
f 250/1256/838 807/1286/865 1263/1290/866 796/1264/846
f 796/1264/846 1263/1290/866 809/1291/867 247/1265/847
f 1263/1292/866 803/1279/861 251/1280/862 809/1293/867
f 807/1288/865 256/1274/856 803/1279/861 1263/1292/866
f 249/1251/833 811/1294/868 1264/1295/869 794/1252/834
f 794/1296/834 1264/1297/869 810/1298/870 246/1299/841
f 1264/1300/869 801/1269/851 254/1271/853 810/1301/870
f 811/1302/868 253/1266/848 801/1269/851 1264/1300/869
f 245/1260/842 812/1303/871 1265/1304/872 797/1261/843
f 797/1261/843 1265/1304/872 811/1294/868 249/1251/833
f 1265/1305/872 804/1278/860 253/1266/848 811/1302/868
f 812/1306/871 252/1275/857 804/1278/860 1265/1305/872
f 246/1299/841 810/1298/870 1266/1307/873 795/1308/839
f 795/1308/839 1266/1307/873 808/1282/863 248/1281/840
f 1266/1309/873 802/1270/852 255/1273/855 808/1289/863
f 810/1301/870 254/1271/853 802/1270/852 1266/1309/873
f 247/1265/847 809/1291/867 1267/1310/874 793/1263/845
f 793/1263/845 1267/1310/874 812/1303/871 245/1260/842
f 1267/1311/874 800/1276/858 252/1275/857 812/1306/871
f 809/1293/867 251/1280/862 800/1276/858 1267/1311/874
f 1304/1312/875 1268/1313/876 878/1314/877 816/1315/878
f 815/1316/879 258/1317/880 814/1318/881 1268/1313/876
f 1268/1313/876 814/1318/881 260/1319/882 878/1314/877
f 966/1320/883 1016/1321/884 1343/1322/885 1364/1323/886
f 1303/1324/887 1269/1325/888 879/1326/889 819/1327/890
f 878/1328/877 260/1329/882 818/1330/891 1269/1325/888
f 1269/1325/888 818/1330/891 262/1331/892 879/1326/889
f 877/1332/893 815/1316/879 1268/1313/876 1304/1312/875
f 1302/1333/894 1270/1334/895 880/1335/896 822/1336/897
f 879/1326/889 262/1331/892 821/1337/898 1270/1334/895
f 1270/1334/895 821/1337/898 264/1338/899 880/1335/896
f 816/1339/878 878/1328/877 1269/1325/888 1303/1324/887
f 1301/1340/900 1271/1341/901 881/1342/902 825/1343/903
f 880/1344/896 264/1345/899 824/1346/904 1271/1341/901
f 1271/1341/901 824/1346/904 266/1347/905 881/1342/902
f 819/1327/890 879/1326/889 1270/1334/895 1302/1333/894
f 1300/1348/906 1272/1349/907 882/1350/908 828/1351/909
f 881/1342/902 266/1347/905 827/1352/910 1272/1349/907
f 1272/1349/907 827/1352/910 268/1353/911 882/1350/908
f 822/1354/897 880/1344/896 1271/1341/901 1301/1340/900
f 1299/1355/912 1273/1356/913 883/1357/914 831/1358/915
f 882/1359/908 268/1360/911 830/1361/916 1273/1356/913
f 1273/1356/913 830/1361/916 270/1362/917 883/1357/914
f 825/1343/903 881/1342/902 1272/1349/907 1300/1348/906
f 260/1329/882 814/1363/881 1274/1364/6 818/1330/891
f 258/1317/880 836/1365/918 1274/1366/6 814/1318/881
f 272/1367/919 833/1368/920 1274/1369/6 836/1370/918
f 270/1362/917 830/1361/916 1274/1369/6 833/1368/920
f 268/1353/911 827/1352/910 1274/1371/6 830/1372/916
f 266/1347/905 824/1346/904 1274/1371/6 827/1352/910
f 264/1345/899 821/1373/898 1274/1371/6 824/1346/904
f 262/1331/892 818/1330/891 1274/1364/6 821/1337/898
f 1298/1374/921 1275/1375/922 884/1376/610 834/1377/609
f 883/1357/914 270/1362/917 833/1368/920 1275/1375/922
f 1275/1375/922 833/1368/920 272/1367/919 884/1376/610
f 828/1378/909 882/1359/908 1273/1356/913 1299/1355/912
f 1297/923/612 1276/922/611 815/1316/879 877/1332/893
f 884/921/610 272/1379/919 836/1365/918 1276/922/611
f 1276/922/611 836/1365/918 258/1317/880 815/1316/879
f 831/1358/915 883/1357/914 1275/1375/922 1298/1374/921
f 277/1380/923 838/1381/924 1277/1382/925 843/1383/926
f 843/1383/926 1277/1382/925 842/1384/927 278/1385/928
f 1277/1386/925 839/1387/929 276/1388/930 842/1389/927
f 838/1390/924 274/1391/931 839/1387/929 1277/1386/925
f 273/1392/932 841/1393/933 1278/1394/934 837/1395/935
f 837/1395/935 1278/1394/934 840/1396/936 275/1397/937
f 1278/1394/934 843/1383/926 278/1385/928 840/1396/936
f 841/1393/933 277/1380/923 843/1383/926 1278/1394/934
f 281/1398/938 850/1399/939 1279/1400/940 845/1401/941
f 845/1401/941 1279/1400/940 846/1402/942 282/1403/943
f 1279/1400/940 849/1404/944 283/1405/945 846/1402/942
f 850/1399/939 284/1406/946 849/1404/944 1279/1400/940
f 280/1407/947 844/1408/948 1280/1409/949 848/1410/950
f 848/1410/950 1280/1409/949 850/1399/939 281/1398/938
f 1280/1409/949 847/1411/951 284/1406/946 850/1399/939
f 844/1408/948 279/1412/952 847/1411/951 1280/1409/949
f 276/1388/930 852/1413/953 1281/1414/954 842/1389/927
f 842/1389/927 1281/1414/954 851/1415/955 278/1416/928
f 1281/1417/954 849/1404/944 284/1406/946 851/1418/955
f 852/1419/953 283/1405/945 849/1404/944 1281/1417/954
f 278/1385/928 851/1420/955 1282/1421/956 840/1396/936
f 840/1396/936 1282/1421/956 853/1422/957 275/1397/937
f 1282/1423/956 847/1411/951 279/1412/952 853/1424/957
f 851/1418/955 284/1406/946 847/1411/951 1282/1423/956
f 277/1380/923 855/1425/958 1283/1426/959 838/1381/924
f 838/1390/924 1283/1427/959 854/1428/960 274/1391/931
f 1283/1429/959 845/1401/941 282/1403/943 854/1430/960
f 855/1431/958 281/1398/938 845/1401/941 1283/1429/959
f 273/1392/932 856/1432/961 1284/1433/962 841/1393/933
f 841/1393/933 1284/1433/962 855/1425/958 277/1380/923
f 1284/1434/962 848/1410/950 281/1398/938 855/1431/958
f 856/1435/961 280/1407/947 848/1410/950 1284/1434/962
f 274/1391/931 854/1428/960 1285/1436/963 839/1387/929
f 839/1387/929 1285/1436/963 852/1413/953 276/1388/930
f 1285/1437/963 846/1402/942 283/1405/945 852/1419/953
f 854/1430/960 282/1403/943 846/1402/942 1285/1437/963
f 275/1397/937 853/1422/957 1286/1438/964 837/1395/935
f 837/1395/935 1286/1438/964 856/1432/961 273/1392/932
f 1286/1439/964 844/1408/948 280/1407/947 856/1435/961
f 853/1424/957 279/1412/952 844/1408/948 1286/1439/964
f 289/1440/965 858/1441/966 1287/1442/967 863/1443/968
f 863/1443/968 1287/1442/967 862/1444/969 290/1445/970
f 1287/1442/967 859/1446/971 288/1447/972 862/1444/969
f 858/1448/966 286/1449/973 859/1450/971 1287/1451/967
f 285/1452/974 861/1453/975 1288/1454/976 857/1455/977
f 857/1455/977 1288/1454/976 860/1456/978 287/1457/979
f 1288/1454/976 863/1443/968 290/1445/970 860/1456/978
f 861/1453/975 289/1440/965 863/1443/968 1288/1454/976
f 293/1458/980 870/1459/981 1289/1460/982 865/1461/983
f 865/1461/983 1289/1460/982 866/1462/984 294/1463/985
f 1289/1460/982 869/1464/986 295/1465/987 866/1462/984
f 870/1459/981 296/1466/988 869/1464/986 1289/1460/982
f 292/1467/989 864/1468/990 1290/1469/991 868/1470/992
f 868/1470/992 1290/1469/991 870/1459/981 293/1458/980
f 1290/1469/991 867/1471/993 296/1466/988 870/1459/981
f 864/1468/990 291/1472/994 867/1471/993 1290/1469/991
f 288/1473/972 872/1474/995 1291/1475/996 862/1476/969
f 862/1444/969 1291/1477/996 871/1478/997 290/1445/970
f 1291/1479/996 869/1464/986 296/1466/988 871/1480/997
f 872/1481/995 295/1465/987 869/1464/986 1291/1479/996
f 290/1445/970 871/1478/997 1292/1482/998 860/1456/978
f 860/1456/978 1292/1482/998 873/1483/999 287/1457/979
f 1292/1484/998 867/1471/993 291/1472/994 873/1485/999
f 871/1480/997 296/1466/988 867/1471/993 1292/1484/998
f 289/1486/965 875/1487/1000 1293/1488/1001 858/1448/966
f 858/1448/966 1293/1488/1001 874/1489/1002 286/1449/973
f 1293/1490/1001 865/1461/983 294/1463/985 874/1491/1002
f 875/1492/1000 293/1458/980 865/1461/983 1293/1490/1001
f 285/1452/974 876/1493/1003 1294/1494/1004 861/1453/975
f 861/1453/975 1294/1494/1004 875/1495/1000 289/1440/965
f 1294/1496/1004 868/1470/992 293/1458/980 875/1492/1000
f 876/1497/1003 292/1467/989 868/1470/992 1294/1496/1004
f 286/1449/973 874/1489/1002 1295/1498/1005 859/1450/971
f 859/1450/971 1295/1498/1005 872/1499/995 288/1500/972
f 1295/1501/1005 866/1462/984 295/1465/987 872/1481/995
f 874/1491/1002 294/1463/985 866/1462/984 1295/1501/1005
f 287/1457/979 873/1483/999 1296/1502/1006 857/1455/977
f 857/1455/977 1296/1502/1006 876/1493/1003 285/1452/974
f 1296/1503/1006 864/1468/990 292/1467/989 876/1497/1003
f 873/1485/999 291/1472/994 864/1468/990 1296/1503/1006
f 271/1504/1007 834/920/609 1297/923/612 835/1505/1008
f 835/1505/1008 1297/923/612 877/1332/893 257/1506/1009
f 269/1507/1010 831/1358/915 1298/1374/921 832/1508/1011
f 832/1508/1011 1298/1374/921 834/1377/609 271/1509/1007
f 267/1510/1012 828/1378/909 1299/1355/912 829/1511/1013
f 829/1511/1013 1299/1355/912 831/1358/915 269/1507/1010
f 265/1512/1014 825/1343/903 1300/1348/906 826/1513/1015
f 826/1513/1015 1300/1348/906 828/1351/909 267/1514/1012
f 263/1515/1016 822/1354/897 1301/1340/900 823/1516/1017
f 823/1516/1017 1301/1340/900 825/1343/903 265/1512/1014
f 261/1517/1018 819/1327/890 1302/1333/894 820/1518/1019
f 820/1518/1019 1302/1333/894 822/1336/897 263/1519/1016
f 259/1520/1020 816/1339/878 1303/1324/887 817/1521/1021
f 817/1521/1021 1303/1324/887 819/1327/890 261/1517/1018
f 257/1506/1009 877/1332/893 1304/1312/875 813/1522/1022
f 813/1522/1022 1304/1312/875 816/1315/878 259/1523/1020
f 301/1524/1023 886/1525/1024 1305/1526/1025 891/1527/1026
f 891/1527/1026 1305/1526/1025 890/1528/1027 302/1529/1028
f 1305/1530/1025 887/1531/1029 300/1532/1030 890/1533/1027
f 886/1525/1024 298/1534/1031 887/1535/1029 1305/1526/1025
f 297/1536/1032 889/1537/1033 1306/1538/1034 885/1539/1035
f 885/1539/1035 1306/1538/1034 888/1540/1036 299/1541/1037
f 1306/1538/1034 891/1527/1026 302/1529/1028 888/1540/1036
f 889/1537/1033 301/1524/1023 891/1527/1026 1306/1538/1034
f 305/1542/1038 898/1543/1039 1307/1544/1040 893/1545/1041
f 893/1545/1041 1307/1544/1040 894/1546/1042 306/1547/1043
f 1307/1544/1040 897/1548/1044 307/1549/1045 894/1546/1042
f 898/1543/1039 308/1550/1046 897/1548/1044 1307/1544/1040
f 304/1551/1047 892/1552/1048 1308/1553/1049 896/1554/1050
f 896/1554/1050 1308/1553/1049 898/1543/1039 305/1542/1038
f 1308/1553/1049 895/1555/1051 308/1550/1046 898/1543/1039
f 892/1552/1048 303/1556/1052 895/1555/1051 1308/1553/1049
f 300/1532/1030 900/1557/1053 1309/1558/1054 890/1533/1027
f 890/1533/1027 1309/1558/1054 899/1559/1055 302/1560/1028
f 1309/1561/1054 897/1548/1044 308/1550/1046 899/1562/1055
f 900/1563/1053 307/1549/1045 897/1548/1044 1309/1561/1054
f 302/1529/1028 899/1564/1055 1310/1565/1056 888/1540/1036
f 888/1540/1036 1310/1565/1056 901/1566/1057 299/1541/1037
f 1310/1567/1056 895/1555/1051 303/1556/1052 901/1568/1057
f 899/1562/1055 308/1550/1046 895/1555/1051 1310/1567/1056
f 301/1569/1023 903/1570/1058 1311/1571/1059 886/1572/1024
f 886/1572/1024 1311/1571/1059 902/1573/1060 298/1574/1031
f 1311/1575/1059 893/1545/1041 306/1547/1043 902/1576/1060
f 903/1577/1058 305/1542/1038 893/1545/1041 1311/1575/1059
f 297/1536/1032 904/1578/1061 1312/1579/1062 889/1537/1033
f 889/1537/1033 1312/1579/1062 903/1580/1058 301/1524/1023
f 1312/1581/1062 896/1554/1050 305/1542/1038 903/1577/1058
f 904/1582/1061 304/1551/1047 896/1554/1050 1312/1581/1062
f 298/1574/1031 902/1573/1060 1313/1583/1063 887/1584/1029
f 887/1531/1029 1313/1585/1063 900/1557/1053 300/1532/1030
f 1313/1586/1063 894/1546/1042 307/1549/1045 900/1563/1053
f 902/1576/1060 306/1547/1043 894/1546/1042 1313/1586/1063
f 299/1541/1037 901/1566/1057 1314/1587/1064 885/1539/1035
f 885/1539/1035 1314/1587/1064 904/1578/1061 297/1536/1032
f 1314/1588/1064 892/1552/1048 304/1551/1047 904/1582/1061
f 901/1568/1057 303/1556/1052 892/1552/1048 1314/1588/1064
f 313/1589/1065 906/1590/1066 1315/1591/1067 911/1592/1068
f 911/1592/1068 1315/1591/1067 910/1593/1069 314/1594/1070
f 1315/1595/1067 907/1596/1071 312/1597/1072 910/1598/1069
f 906/1599/1066 310/1600/1073 907/1596/1071 1315/1595/1067
f 309/1601/1074 909/1602/1075 1316/1603/1076 905/1604/1077
f 905/1604/1077 1316/1603/1076 908/1605/1078 311/1606/1079
f 1316/1603/1076 911/1592/1068 314/1594/1070 908/1605/1078
f 909/1602/1075 313/1589/1065 911/1592/1068 1316/1603/1076
f 317/1607/1080 918/1608/1081 1317/1609/1082 913/1610/1083
f 913/1610/1083 1317/1609/1082 914/1611/1084 318/1612/1085
f 1317/1609/1082 917/1613/1086 319/1614/1087 914/1611/1084
f 918/1608/1081 320/1615/1088 917/1613/1086 1317/1609/1082
f 316/1616/1089 912/1617/1090 1318/1618/1091 916/1619/1092
f 916/1619/1092 1318/1618/1091 918/1608/1081 317/1607/1080
f 1318/1618/1091 915/1620/1093 320/1615/1088 918/1608/1081
f 912/1617/1090 315/1621/1094 915/1620/1093 1318/1618/1091
f 312/1597/1072 920/1622/1095 1319/1623/1096 910/1598/1069
f 910/1593/1069 1319/1624/1096 919/1625/1097 314/1594/1070
f 1319/1626/1096 917/1613/1086 320/1615/1088 919/1627/1097
f 920/1628/1095 319/1614/1087 917/1613/1086 1319/1626/1096
f 314/1594/1070 919/1625/1097 1320/1629/1098 908/1605/1078
f 908/1605/1078 1320/1629/1098 921/1630/1099 311/1606/1079
f 1320/1631/1098 915/1620/1093 315/1621/1094 921/1632/1099
f 919/1627/1097 320/1615/1088 915/1620/1093 1320/1631/1098
f 313/1633/1065 923/1634/1100 1321/1635/1101 906/1636/1066
f 906/1636/1066 1321/1635/1101 922/1637/1102 310/1638/1073
f 1321/1639/1101 913/1610/1083 318/1612/1085 922/1640/1102
f 923/1641/1100 317/1607/1080 913/1610/1083 1321/1639/1101
f 309/1601/1074 924/1642/1103 1322/1643/1104 909/1602/1075
f 909/1602/1075 1322/1643/1104 923/1644/1100 313/1589/1065
f 1322/1645/1104 916/1619/1092 317/1607/1080 923/1641/1100
f 924/1646/1103 316/1616/1089 916/1619/1092 1322/1645/1104
f 310/1600/1073 922/1647/1102 1323/1648/1105 907/1596/1071
f 907/1596/1071 1323/1648/1105 920/1622/1095 312/1597/1072
f 1323/1649/1105 914/1611/1084 319/1614/1087 920/1628/1095
f 922/1640/1102 318/1612/1085 914/1611/1084 1323/1649/1105
f 311/1606/1079 921/1630/1099 1324/1650/1106 905/1604/1077
f 905/1604/1077 1324/1650/1106 924/1642/1103 309/1601/1074
f 1324/1651/1106 912/1617/1090 316/1616/1089 924/1646/1103
f 921/1632/1099 315/1621/1094 912/1617/1090 1324/1651/1106
f 325/1652/1107 926/1653/1108 1325/1654/1109 931/1655/1110
f 931/1655/1110 1325/1654/1109 930/1656/1111 326/1657/1112
f 1325/1654/1109 927/1658/1113 324/1659/1114 930/1656/1111
f 926/1653/1108 322/1660/1115 927/1658/1113 1325/1654/1109
f 321/1661/1116 929/1662/1117 1326/1663/1118 925/1664/1119
f 925/1664/1119 1326/1663/1118 928/1665/1120 323/1666/1121
f 1326/1663/1118 931/1655/1110 326/1657/1112 928/1665/1120
f 929/1662/1117 325/1652/1107 931/1655/1110 1326/1663/1118
f 329/1667/1122 938/1668/1123 1327/1669/1124 933/1670/1125
f 933/1670/1125 1327/1669/1124 934/1671/1126 330/1672/1127
f 1327/1669/1124 937/1673/1128 331/1674/1129 934/1671/1126
f 938/1668/1123 332/1675/1130 937/1673/1128 1327/1669/1124
f 328/1676/1131 932/1677/1132 1328/1678/1133 936/1679/1134
f 936/1679/1134 1328/1678/1133 938/1668/1123 329/1667/1122
f 1328/1678/1133 935/1680/1135 332/1675/1130 938/1668/1123
f 932/1677/1132 327/1681/1136 935/1680/1135 1328/1678/1133
f 324/1682/1114 940/1683/1137 1329/1684/1138 930/1685/1111
f 930/1656/1111 1329/1686/1138 939/1687/1139 326/1657/1112
f 1329/1688/1138 937/1673/1128 332/1675/1130 939/1689/1139
f 940/1690/1137 331/1674/1129 937/1673/1128 1329/1688/1138
f 326/1657/1112 939/1687/1139 1330/1691/1140 928/1665/1120
f 928/1665/1120 1330/1691/1140 941/1692/1141 323/1666/1121
f 1330/1693/1140 935/1680/1135 327/1681/1136 941/1694/1141
f 939/1689/1139 332/1675/1130 935/1680/1135 1330/1693/1140
f 325/1652/1107 943/1695/1142 1331/1696/1143 926/1653/1108
f 926/1697/1108 1331/1698/1143 942/1699/1144 322/1700/1115
f 1331/1701/1143 933/1670/1125 330/1672/1127 942/1702/1144
f 943/1703/1142 329/1667/1122 933/1670/1125 1331/1701/1143
f 321/1661/1116 944/1704/1145 1332/1705/1146 929/1662/1117
f 929/1662/1117 1332/1705/1146 943/1695/1142 325/1652/1107
f 1332/1706/1146 936/1679/1134 329/1667/1122 943/1703/1142
f 944/1707/1145 328/1676/1131 936/1679/1134 1332/1706/1146
f 322/1708/1115 942/1709/1144 1333/1710/1147 927/1711/1113
f 927/1711/1113 1333/1710/1147 940/1683/1137 324/1682/1114
f 1333/1712/1147 934/1671/1126 331/1674/1129 940/1690/1137
f 942/1702/1144 330/1672/1127 934/1671/1126 1333/1712/1147
f 323/1666/1121 941/1692/1141 1334/1713/1148 925/1664/1119
f 925/1664/1119 1334/1713/1148 944/1704/1145 321/1661/1116
f 1334/1714/1148 932/1677/1132 328/1676/1131 944/1707/1145
f 941/1694/1141 327/1681/1136 932/1677/1132 1334/1714/1148
f 1371/1715/1149 1335/1716/1150 1010/1717/1151 948/1718/1152
f 947/1719/1153 334/1720/1154 946/1721/1155 1335/1722/1150
f 1335/1716/1150 946/1723/1155 336/1724/1156 1010/1717/1151
f 1370/1725/1157 1336/1726/1158 1011/1727/1159 951/1728/1160
f 1010/1717/1151 336/1724/1156 950/1729/1161 1336/1726/1158
f 1336/1726/1158 950/1729/1161 338/1730/1162 1011/1727/1159
f 1009/1731/1163 947/1719/1153 1335/1722/1150 1371/1732/1149
f 1369/1733/1164 1337/1734/1165 1012/1735/1166 954/1736/1167
f 1011/1737/1159 338/1738/1162 953/1739/1168 1337/1734/1165
f 1337/1734/1165 953/1739/1168 340/1740/1169 1012/1735/1166
f 948/1718/1152 1010/1717/1151 1336/1726/1158 1370/1725/1157
f 1368/1741/1170 1338/1742/1171 1013/1743/1172 957/1744/1173
f 1012/1735/1166 340/1740/1169 956/1745/1174 1338/1742/1171
f 1338/1742/1171 956/1745/1174 342/1746/1175 1013/1743/1172
f 951/1728/1160 1011/1727/1159 1337/1747/1165 1369/1748/1164
f 1367/1749/1176 1339/1750/1177 1014/1751/1178 960/1752/1179
f 1013/1753/1172 342/1754/1175 959/1755/1180 1339/1750/1177
f 1339/1750/1177 959/1755/1180 344/1756/1181 1014/1751/1178
f 954/1736/1167 1012/1735/1166 1338/1742/1171 1368/1741/1170
f 1366/1757/1182 1340/1758/1183 1015/1759/1184 963/1760/1185
f 1014/1751/1178 344/1756/1181 962/1761/1186 1340/1758/1183
f 1340/1758/1183 962/1761/1186 346/1762/1187 1015/1759/1184
f 957/1763/1173 1013/1753/1172 1339/1750/1177 1367/1749/1176
f 336/1724/1156 946/1723/1155 1341/1764/6 950/1729/1161
f 334/1720/1154 968/1765/1188 1341/1766/6 946/1721/1155
f 348/1767/1189 965/1768/1190 1341/1766/6 968/1765/1188
f 346/1762/1187 962/1761/1186 1341/1769/6 965/1770/1190
f 344/1756/1181 959/1755/1180 1341/1769/6 962/1761/1186
f 342/1746/1175 956/1745/1174 1341/1771/6 959/1772/1180
f 340/1740/1169 953/1739/1168 1341/1771/6 956/1745/1174
f 338/1730/1162 950/1729/1161 1341/1764/6 953/1773/1168
f 1365/1774/1191 1342/1775/1192 1016/1321/884 966/1320/883
f 1015/1776/1184 346/1777/1187 965/1768/1190 1342/1775/1192
f 1342/1775/1192 965/1768/1190 348/1767/1189 1016/1321/884
f 960/1752/1179 1014/1751/1178 1340/1758/1183 1366/1757/1182
f 1364/1323/886 1343/1322/885 947/1719/1153 1009/1731/1163
f 1016/1321/884 348/1767/1189 968/1765/1188 1343/1322/885
f 1343/1322/885 968/1765/1188 334/1720/1154 947/1719/1153
f 963/1778/1185 1015/1776/1184 1342/1775/1192 1365/1774/1191
f 353/1779/1193 970/1780/1194 1344/1781/1195 975/1782/1196
f 975/1782/1196 1344/1781/1195 974/1783/1197 354/1784/1198
f 1344/1785/1195 971/1786/1199 352/1787/1200 974/1788/1197
f 970/1789/1194 350/1790/1201 971/1786/1199 1344/1785/1195
f 349/1791/1202 973/1792/1203 1345/1793/1204 969/1794/1205
f 969/1794/1205 1345/1793/1204 972/1795/1206 351/1796/1207
f 1345/1793/1204 975/1782/1196 354/1784/1198 972/1795/1206
f 973/1792/1203 353/1779/1193 975/1782/1196 1345/1793/1204
f 357/1797/1208 982/1798/1209 1346/1799/1210 977/1800/1211
f 977/1800/1211 1346/1799/1210 978/1801/1212 358/1802/1213
f 1346/1799/1210 981/1803/1214 359/1804/1215 978/1801/1212
f 982/1798/1209 360/1805/1216 981/1803/1214 1346/1799/1210
f 356/1806/1217 976/1807/1218 1347/1808/1219 980/1809/1220
f 980/1809/1220 1347/1808/1219 982/1798/1209 357/1797/1208
f 1347/1808/1219 979/1810/1221 360/1805/1216 982/1798/1209
f 976/1807/1218 355/1811/1222 979/1810/1221 1347/1808/1219
f 352/1787/1200 984/1812/1223 1348/1813/1224 974/1788/1197
f 974/1788/1197 1348/1813/1224 983/1814/1225 354/1815/1198
f 1348/1816/1224 981/1803/1214 360/1805/1216 983/1817/1225
f 984/1818/1223 359/1804/1215 981/1803/1214 1348/1816/1224
f 354/1784/1198 983/1819/1225 1349/1820/1226 972/1795/1206
f 972/1795/1206 1349/1820/1226 985/1821/1227 351/1796/1207
f 1349/1822/1226 979/1810/1221 355/1811/1222 985/1823/1227
f 983/1817/1225 360/1805/1216 979/1810/1221 1349/1822/1226
f 353/1824/1193 987/1825/1228 1350/1826/1229 970/1827/1194
f 970/1827/1194 1350/1826/1229 986/1828/1230 350/1829/1201
f 1350/1830/1229 977/1800/1211 358/1802/1213 986/1831/1230
f 987/1832/1228 357/1797/1208 977/1800/1211 1350/1830/1229
f 349/1791/1202 988/1833/1231 1351/1834/1232 973/1792/1203
f 973/1792/1203 1351/1834/1232 987/1835/1228 353/1779/1193
f 1351/1836/1232 980/1809/1220 357/1797/1208 987/1832/1228
f 988/1837/1231 356/1806/1217 980/1809/1220 1351/1836/1232
f 350/1790/1201 986/1838/1230 1352/1839/1233 971/1786/1199
f 971/1786/1199 1352/1839/1233 984/1812/1223 352/1787/1200
f 1352/1840/1233 978/1801/1212 359/1804/1215 984/1818/1223
f 986/1831/1230 358/1802/1213 978/1801/1212 1352/1840/1233
f 351/1796/1207 985/1821/1227 1353/1841/1234 969/1794/1205
f 969/1794/1205 1353/1841/1234 988/1833/1231 349/1791/1202
f 1353/1842/1234 976/1807/1218 356/1806/1217 988/1837/1231
f 985/1823/1227 355/1811/1222 976/1807/1218 1353/1842/1234
f 365/1843/1235 990/1844/1236 1354/1845/1237 995/1846/1238
f 995/1846/1238 1354/1845/1237 994/1847/1239 366/1848/1240
f 1354/1849/1237 991/1850/1241 364/1851/1242 994/1852/1239
f 990/1853/1236 362/1854/1243 991/1850/1241 1354/1849/1237
f 361/1855/1244 993/1856/1245 1355/1857/1246 989/1858/1247
f 989/1858/1247 1355/1857/1246 992/1859/1248 363/1860/1249
f 1355/1857/1246 995/1846/1238 366/1848/1240 992/1859/1248
f 993/1856/1245 365/1843/1235 995/1846/1238 1355/1857/1246
f 369/1861/1250 1002/1862/1251 1356/1863/1252 997/1864/1253
f 997/1864/1253 1356/1863/1252 998/1865/1254 370/1866/1255
f 1356/1863/1252 1001/1867/1256 371/1868/1257 998/1865/1254
f 1002/1862/1251 372/1869/1258 1001/1867/1256 1356/1863/1252
f 368/1870/1259 996/1871/1260 1357/1872/1261 1000/1873/1262
f 1000/1873/1262 1357/1872/1261 1002/1862/1251 369/1861/1250
f 1357/1872/1261 999/1874/1263 372/1869/1258 1002/1862/1251
f 996/1871/1260 367/1875/1264 999/1874/1263 1357/1872/1261
f 364/1851/1242 1004/1876/1265 1358/1877/1266 994/1852/1239
f 994/1847/1239 1358/1878/1266 1003/1879/1267 366/1848/1240
f 1358/1880/1266 1001/1867/1256 372/1869/1258 1003/1881/1267
f 1004/1882/1265 371/1868/1257 1001/1867/1256 1358/1880/1266
f 366/1848/1240 1003/1879/1267 1359/1883/1268 992/1859/1248
f 992/1859/1248 1359/1883/1268 1005/1884/1269 363/1860/1249
f 1359/1885/1268 999/1874/1263 367/1875/1264 1005/1886/1269
f 1003/1881/1267 372/1869/1258 999/1874/1263 1359/1885/1268
f 365/1887/1235 1007/1888/1270 1360/1889/1271 990/1890/1236
f 990/1890/1236 1360/1889/1271 1006/1698/1272 362/1891/1243
f 1360/1892/1271 997/1864/1253 370/1866/1255 1006/1893/1272
f 1007/1894/1270 369/1861/1250 997/1864/1253 1360/1892/1271
f 361/1855/1244 1008/1895/1273 1361/1896/1274 993/1856/1245
f 993/1856/1245 1361/1896/1274 1007/1897/1270 365/1843/1235
f 1361/1898/1274 1000/1873/1262 369/1861/1250 1007/1894/1270
f 1008/1899/1273 368/1870/1259 1000/1873/1262 1361/1898/1274
f 362/1854/1243 1006/1900/1272 1362/1901/1275 991/1850/1241
f 991/1850/1241 1362/1901/1275 1004/1876/1265 364/1851/1242
f 1362/1902/1275 998/1865/1254 371/1868/1257 1004/1882/1265
f 1006/1893/1272 370/1866/1255 998/1865/1254 1362/1902/1275
f 363/1860/1249 1005/1884/1269 1363/1903/1276 989/1858/1247
f 989/1858/1247 1363/1903/1276 1008/1895/1273 361/1855/1244
f 1363/1904/1276 996/1871/1260 368/1870/1259 1008/1899/1273
f 1005/1886/1269 367/1875/1264 996/1871/1260 1363/1904/1276
f 347/1905/1277 966/1320/883 1364/1323/886 967/1906/1278
f 967/1906/1278 1364/1323/886 1009/1731/1163 333/1907/1279
f 345/1908/1280 963/1778/1185 1365/1774/1191 964/1909/1281
f 964/1909/1281 1365/1774/1191 966/1320/883 347/1905/1277
f 343/1910/1282 960/1752/1179 1366/1757/1182 961/1911/1283
f 961/1911/1283 1366/1757/1182 963/1760/1185 345/1912/1280
f 341/1913/1284 957/1763/1173 1367/1749/1176 958/1914/1285
f 958/1914/1285 1367/1749/1176 960/1752/1179 343/1910/1282
f 339/1915/1286 954/1736/1167 1368/1741/1170 955/1916/1287
f 955/1916/1287 1368/1741/1170 957/1744/1173 341/1917/1284
f 337/1918/1288 951/1728/1160 1369/1748/1164 952/1919/1289
f 952/1920/1289 1369/1733/1164 954/1736/1167 339/1915/1286
f 335/1921/1290 948/1718/1152 1370/1725/1157 949/1922/1291
f 949/1922/1291 1370/1725/1157 951/1728/1160 337/1918/1288
f 333/1907/1279 1009/1731/1163 1371/1732/1149 945/1923/1292
f 945/1924/1292 1371/1715/1149 948/1718/1152 335/1921/1290
f 377/1925/1293 1018/1926/1294 1372/1927/1295 1023/1928/1296
f 1023/1928/1296 1372/1927/1295 1022/1929/1297 378/1930/1298
f 1372/1931/1295 1019/1932/1299 376/1933/1300 1022/1934/1297
f 1018/1935/1294 374/1936/1301 1019/1932/1299 1372/1931/1295
f 373/1937/1302 1021/1938/1303 1373/1939/1304 1017/1940/1305
f 1017/1940/1305 1373/1939/1304 1020/1941/1306 375/1942/1307
f 1373/1939/1304 1023/1928/1296 378/1930/1298 1020/1941/1306
f 1021/1938/1303 377/1925/1293 1023/1928/1296 1373/1939/1304
f 381/1943/1308 1030/1944/1309 1374/1945/1310 1025/1946/1311
f 1025/1946/1311 1374/1945/1310 1026/1947/1312 382/1948/1313
f 1374/1945/1310 1029/1949/1314 383/1950/1315 1026/1947/1312
f 1030/1944/1309 384/1951/1316 1029/1949/1314 1374/1945/1310
f 380/1952/1317 1024/1953/1318 1375/1954/1319 1028/1955/1320
f 1028/1955/1320 1375/1954/1319 1030/1944/1309 381/1943/1308
f 1375/1954/1319 1027/1956/1321 384/1951/1316 1030/1944/1309
f 1024/1953/1318 379/1957/1322 1027/1956/1321 1375/1954/1319
f 376/1933/1300 1032/1958/1323 1376/1959/1324 1022/1934/1297
f 1022/1934/1297 1376/1959/1324 1031/1960/1325 378/1961/1298
f 1376/1962/1324 1029/1949/1314 384/1951/1316 1031/1963/1325
f 1032/1964/1323 383/1950/1315 1029/1949/1314 1376/1962/1324
f 378/1930/1298 1031/1965/1325 1377/1966/1326 1020/1941/1306
f 1020/1941/1306 1377/1966/1326 1033/1967/1327 375/1942/1307
f 1377/1968/1326 1027/1956/1321 379/1957/1322 1033/1969/1327
f 1031/1963/1325 384/1951/1316 1027/1956/1321 1377/1968/1326
f 377/1925/1293 1035/1970/1328 1378/1971/1329 1018/1926/1294
f 1018/1935/1294 1378/1972/1329 1034/1973/1330 374/1936/1301
f 1378/1974/1329 1025/1946/1311 382/1948/1313 1034/1975/1330
f 1035/1976/1328 381/1943/1308 1025/1946/1311 1378/1974/1329
f 373/1937/1302 1036/1977/1331 1379/1978/1332 1021/1938/1303
f 1021/1938/1303 1379/1978/1332 1035/1970/1328 377/1925/1293
f 1379/1979/1332 1028/1955/1320 381/1943/1308 1035/1976/1328
f 1036/1980/1331 380/1952/1317 1028/1955/1320 1379/1979/1332
f 374/1936/1301 1034/1973/1330 1380/1981/1333 1019/1932/1299
f 1019/1932/1299 1380/1981/1333 1032/1958/1323 376/1933/1300
f 1380/1982/1333 1026/1947/1312 383/1950/1315 1032/1964/1323
f 1034/1975/1330 382/1948/1313 1026/1947/1312 1380/1982/1333
f 375/1942/1307 1033/1967/1327 1381/1983/1334 1017/1940/1305
f 1017/1940/1305 1381/1983/1334 1036/1977/1331 373/1937/1302
f 1381/1984/1334 1024/1953/1318 380/1952/1317 1036/1980/1331
f 1033/1969/1327 379/1957/1322 1024/1953/1318 1381/1984/1334
f 389/1985/1335 1038/1986/1336 1382/1987/1337 1043/1988/1338
f 1043/1988/1338 1382/1987/1337 1042/1989/1339 390/1990/1340
f 1382/1987/1337 1039/1991/1341 388/1992/1342 1042/1989/1339
f 1038/1986/1336 386/1993/1343 1039/1991/1341 1382/1987/1337
f 385/1994/1344 1041/1995/1345 1383/1996/1346 1037/1997/1347
f 1037/1997/1347 1383/1996/1346 1040/1998/1348 387/1999/1349
f 1383/1996/1346 1043/1988/1338 390/1990/1340 1040/1998/1348
f 1041/1995/1345 389/1985/1335 1043/1988/1338 1383/1996/1346
f 393/2000/1350 1050/2001/1351 1384/2002/1352 1045/2003/1353
f 1045/2003/1353 1384/2002/1352 1046/2004/1354 394/2005/1355
f 1384/2002/1352 1049/2006/1356 395/2007/1357 1046/2004/1354
f 1050/2001/1351 396/2008/1358 1049/2006/1356 1384/2002/1352
f 392/2009/1359 1044/2010/1360 1385/2011/1361 1048/2012/1362
f 1048/2012/1362 1385/2011/1361 1050/2001/1351 393/2000/1350
f 1385/2011/1361 1047/2013/1363 396/2008/1358 1050/2001/1351
f 1044/2010/1360 391/2014/1364 1047/2013/1363 1385/2011/1361
f 388/2015/1342 1052/2016/1365 1386/2017/1366 1042/2018/1339
f 1042/1989/1339 1386/2019/1366 1051/2020/1367 390/1990/1340
f 1386/2021/1366 1049/2006/1356 396/2008/1358 1051/2022/1367
f 1052/2023/1365 395/2007/1357 1049/2006/1356 1386/2021/1366
f 390/1990/1340 1051/2020/1367 1387/2024/1368 1040/1998/1348
f 1040/1998/1348 1387/2024/1368 1053/2025/1369 387/1999/1349
f 1387/2026/1368 1047/2013/1363 391/2014/1364 1053/2027/1369
f 1051/2022/1367 396/2008/1358 1047/2013/1363 1387/2026/1368
f 389/2028/1335 1055/2029/1370 1388/2030/1371 1038/2031/1336
f 1038/2031/1336 1388/2030/1371 1054/2032/1372 386/2033/1343
f 1388/2034/1371 1045/2003/1353 394/2005/1355 1054/2035/1372
f 1055/2036/1370 393/2000/1350 1045/2003/1353 1388/2034/1371
f 385/1994/1344 1056/2037/1373 1389/2038/1374 1041/1995/1345
f 1041/1995/1345 1389/2038/1374 1055/2039/1370 389/1985/1335
f 1389/2040/1374 1048/2012/1362 393/2000/1350 1055/2036/1370
f 1056/2041/1373 392/2009/1359 1048/2012/1362 1389/2040/1374
f 386/2033/1343 1054/2032/1372 1390/2042/1375 1039/2043/1341
f 1039/2043/1341 1390/2042/1375 1052/2044/1365 388/2045/1342
f 1390/2046/1375 1046/2004/1354 395/2007/1357 1052/2023/1365
f 1054/2035/1372 394/2005/1355 1046/2004/1354 1390/2046/1375
f 387/1999/1349 1053/2025/1369 1391/2047/1376 1037/1997/1347
f 1037/1997/1347 1391/2047/1376 1056/2037/1373 385/1994/1344
f 1391/2048/1376 1044/2010/1360 392/2009/1359 1056/2041/1373
f 1053/2027/1369 391/2014/1364 1044/2010/1360 1391/2048/1376
f 438/173/98 488/172/97 1075/177/100 1096/176/99
