# Blender 4.5.0
# www.blender.org
mtllib Watercooler.mtl
g Watercooler_1x1_Cube.003
v 0.137616 0.732128 -0.000000
v 0.137616 0.343130 0.000000
v 0.100380 0.730899 -0.100380
v 0.100380 0.344360 -0.100380
v 0.000000 0.732128 -0.137616
v 0.000000 0.343130 -0.137616
v 0.100380 0.344360 0.100380
v 0.100380 0.730899 0.100380
v 0.000000 0.343130 0.137616
v 0.000000 0.732128 0.137616
v -0.100380 0.344360 0.100380
v -0.100380 0.730899 0.100380
v -0.137616 0.343130 0.000000
v -0.137616 0.732128 -0.000000
v -0.100380 0.344360 -0.100380
v -0.100380 0.730899 -0.100380
v -0.127007 0.000000 0.170384
v -0.093036 0.290714 0.170384
v 0.127007 0.000000 0.170384
v 0.093036 0.290714 0.170384
v 0.163154 0.000000 -0.091901
v 0.163154 0.340768 -0.091901
v -0.000000 0.340671 -0.000000
v -0.127007 0.340768 0.170384
v -0.093036 0.148707 0.170384
v 0.127007 0.340768 0.170384
v 0.093036 0.148707 0.170384
v 0.093036 0.148707 0.100359
v -0.093036 0.148707 0.100359
v -0.093036 0.290714 0.100359
v 0.093036 0.290714 0.100359
v -0.005185 0.244657 0.136218
v -0.021888 0.297381 0.152921
v -0.005185 0.244657 0.125847
v -0.021888 0.297381 0.109144
v 0.005185 0.244657 0.136218
v 0.021888 0.297381 0.152921
v 0.005185 0.244657 0.125847
v 0.021888 0.297381 0.109144
v 0.221932 0.286156 -0.014005
v 0.231745 0.286156 -0.009941
v 0.235810 0.286156 -0.000128
v 0.231745 0.286156 0.009685
v 0.221932 0.286156 0.013750
v 0.212119 0.286156 0.009685
v 0.208055 0.286156 -0.000128
v 0.212119 0.286156 -0.009941
v 0.221932 0.281904 -0.016124
v 0.233243 0.281904 -0.011438
v 0.237928 0.281904 -0.000128
v 0.233243 0.281904 0.011183
v 0.221932 0.281904 0.015868
v 0.210622 0.281904 0.011183
v 0.205936 0.281904 -0.000128
v 0.210622 0.281904 -0.011438
v 0.224179 0.285106 -0.013221
v 0.226905 0.285063 -0.012134
v 0.229602 0.285106 -0.010974
v 0.232779 0.285106 -0.007797
v 0.233938 0.285063 -0.005101
v 0.235025 0.285106 -0.002374
v 0.235025 0.285106 0.002119
v 0.233938 0.285063 0.004845
v 0.232779 0.285106 0.007542
v 0.229602 0.285106 0.010719
v 0.226905 0.285063 0.011878
v 0.224179 0.285106 0.012965
v 0.219686 0.285106 0.012965
v 0.216959 0.285063 0.011878
v -0.021888 0.244657 0.109144
v -0.021888 0.244657 0.152921
v 0.021888 0.244657 0.109144
v 0.021888 0.244657 0.152921
v -0.005185 0.225481 0.125847
v -0.005185 0.225481 0.136218
v 0.005185 0.225481 0.125847
v 0.005185 0.225481 0.136218
v 0.164112 0.264552 0.012557
v 0.164112 0.289666 0.012557
v 0.164112 0.264552 -0.012557
v 0.164112 0.289666 -0.012557
v 0.189226 0.264552 0.012557
v 0.189226 0.289666 0.012557
v 0.189226 0.264552 -0.012557
v 0.189226 0.289666 -0.012557
v 0.207285 0.282366 -0.016596
v 0.207285 0.265965 -0.016596
v 0.200410 0.282366 0.000000
v 0.200410 0.265965 0.000000
v 0.207285 0.282366 0.016596
v 0.207285 0.265965 0.016596
v 0.223881 0.282366 0.023470
v 0.223881 0.265965 0.023470
v 0.238701 0.280316 0.021392
v 0.238701 0.268015 0.021392
v 0.238701 0.280316 -0.021392
v 0.238701 0.268015 -0.021392
v 0.223881 0.282366 -0.023470
v 0.223881 0.265965 -0.023470
v 0.223329 0.282366 -0.034656
v 0.198823 0.282366 -0.024506
v 0.198823 0.265965 -0.024506
v 0.223329 0.265965 -0.034656
v 0.188672 0.282366 -0.000000
v 0.198823 0.282366 0.024506
v 0.223329 0.282366 0.034656
v 0.242670 0.280316 0.028874
v 0.242670 0.268015 0.028874
v 0.223329 0.265965 0.034656
v 0.198823 0.265965 0.024506
v 0.188672 0.265965 -0.000000
v 0.242670 0.280316 -0.028874
v 0.242670 0.268015 -0.028874
v 0.221932 0.245444 -0.014005
v 0.231745 0.245444 -0.009941
v 0.235810 0.245444 -0.000128
v 0.231745 0.245444 0.009685
v 0.221932 0.245444 0.013750
v 0.212119 0.245444 0.009685
v 0.208055 0.245444 -0.000128
v 0.212119 0.245444 -0.009941
v 0.221932 0.241192 -0.016124
v 0.233243 0.241192 -0.011438
v 0.237928 0.241192 -0.000128
v 0.233243 0.241192 0.011183
v 0.221932 0.241192 0.015868
v 0.210622 0.241192 0.011183
v 0.205936 0.241192 -0.000128
v 0.210622 0.241192 -0.011438
v 0.096516 0.655804 -0.096516
v 0.096516 0.577021 -0.096516
v 0.096516 0.498238 -0.096516
v 0.096516 0.419455 -0.096516
v 0.000000 0.419455 -0.136494
v 0.000000 0.498238 -0.136494
v 0.000000 0.577021 -0.136494
v 0.000000 0.655804 -0.136494
v 0.136494 0.655804 -0.000000
v 0.136494 0.577021 -0.000000
v 0.136494 0.498238 -0.000000
v 0.136494 0.419455 -0.000000
v 0.096516 0.655804 0.096516
v 0.096516 0.577021 0.096516
v 0.096516 0.498238 0.096516
v 0.096516 0.419454 0.096516
v 0.000000 0.655804 0.136494
v 0.000000 0.577021 0.136494
v 0.000000 0.498238 0.136494
v 0.000000 0.419454 0.136494
v -0.096516 0.655804 0.096516
v -0.096516 0.577021 0.096516
v -0.096516 0.498238 0.096516
v -0.096516 0.419454 0.096516
v -0.136494 0.655804 0.000000
v -0.136494 0.577021 0.000000
v -0.136494 0.498238 0.000000
v -0.136494 0.419454 0.000000
v -0.096516 0.655804 -0.096516
v -0.096516 0.577021 -0.096516
v -0.096516 0.498238 -0.096516
v -0.096516 0.419455 -0.096516
v 0.134898 0.732128 -0.028198
v 0.127042 0.732128 -0.055445
v 0.114517 0.732128 -0.080815
v 0.114517 0.343130 -0.080815
v 0.127042 0.343130 -0.055445
v 0.134898 0.343130 -0.028198
v 0.080815 0.732128 -0.114517
v 0.055445 0.732128 -0.127042
v 0.028198 0.732128 -0.134898
v 0.028198 0.343130 -0.134898
v 0.055445 0.343130 -0.127042
v 0.080815 0.343130 -0.114517
v 0.134898 0.343130 0.028198
v 0.127042 0.343130 0.055445
v 0.114517 0.343130 0.080815
v 0.114517 0.732128 0.080815
v 0.127042 0.732128 0.055445
v 0.134898 0.732128 0.028198
v 0.080815 0.343130 0.114517
v 0.055445 0.343130 0.127042
v 0.028198 0.343130 0.134898
v 0.028198 0.732128 0.134898
v 0.055445 0.732128 0.127042
v 0.080815 0.732128 0.114517
v -0.028198 0.343130 0.134898
v -0.055445 0.343130 0.127042
v -0.080815 0.343130 0.114517
v -0.080815 0.732128 0.114517
v -0.055445 0.732128 0.127042
v -0.028198 0.732128 0.134898
v -0.114517 0.343130 0.080815
v -0.127042 0.343130 0.055445
v -0.134898 0.343130 0.028198
v -0.134898 0.732128 0.028198
v -0.127042 0.732128 0.055445
v -0.114517 0.732128 0.080815
v -0.134898 0.343130 -0.028198
v -0.127042 0.343130 -0.055445
v -0.114517 0.343130 -0.080815
v -0.114517 0.732128 -0.080815
v -0.127042 0.732128 -0.055445
v -0.134898 0.732128 -0.028198
v -0.080815 0.343130 -0.114517
v -0.055445 0.343130 -0.127042
v -0.028198 0.343130 -0.134898
v -0.028198 0.732128 -0.134898
v -0.055445 0.732128 -0.127042
v -0.080815 0.732128 -0.114517
v -0.156490 0.000000 0.123041
v -0.147792 0.000000 0.144307
v -0.137738 0.000000 0.158991
v -0.128085 0.094295 0.165414
v -0.128313 0.177235 0.164359
v -0.128085 0.257777 0.165414
v -0.137738 0.340768 0.158991
v -0.147792 0.340768 0.144307
v -0.156490 0.340768 0.123041
v -0.155941 0.340768 -0.122928
v -0.143404 0.340768 -0.143404
v -0.122928 0.340768 -0.155941
v -0.122928 0.000000 -0.155941
v -0.143404 0.000000 -0.143404
v -0.155941 0.000000 -0.122928
v 0.122928 0.340768 -0.155941
v 0.143404 0.340768 -0.143404
v 0.155941 0.340768 -0.122928
v 0.163154 0.255576 -0.091901
v 0.163154 0.170384 -0.091901
v 0.163154 0.085192 -0.091901
v 0.155941 0.000000 -0.122928
v 0.143404 0.000000 -0.143404
v 0.122928 0.000000 -0.155941
v 0.156490 0.340768 0.123041
v 0.147792 0.340768 0.144307
v 0.137738 0.340768 0.158991
v 0.128085 0.257777 0.165414
v 0.128313 0.177235 0.164359
v 0.128085 0.094295 0.165414
v 0.137738 0.000000 0.158991
v 0.147792 0.000000 0.144307
v 0.156490 0.000000 0.123041
v 0.046518 0.148707 0.170384
v 0.000000 0.148707 0.170384
v -0.046518 0.148707 0.170384
v 0.063504 0.340768 0.170384
v 0.000000 0.340768 0.170384
v -0.063504 0.340768 0.170384
v 0.000000 0.340671 -0.035665
v 0.000000 0.340671 -0.071329
v 0.000000 0.340671 -0.106994
v -0.000000 0.340671 0.106994
v 0.000000 0.340671 0.071329
v 0.000000 0.340671 0.035665
v -0.035665 0.340671 -0.000000
v -0.071329 0.340671 -0.000000
v -0.106994 0.340671 0.000000
v 0.106994 0.340671 -0.000000
v 0.071329 0.340671 -0.000000
v 0.035665 0.340671 -0.000000
v -0.093036 0.184209 0.170384
v -0.093036 0.219711 0.170384
v -0.093036 0.255212 0.170384
v 0.093036 0.255212 0.170384
v 0.093036 0.219711 0.170384
v 0.093036 0.184209 0.170384
v 0.063504 0.000000 0.170384
v 0.000000 0.000000 0.170384
v -0.063504 0.000000 0.170384
v 0.046518 0.290714 0.170384
v 0.000000 0.290714 0.170384
v -0.046518 0.290714 0.170384
v 0.046518 0.148707 0.100359
v 0.000000 0.148707 0.100359
v -0.046518 0.148707 0.100359
v -0.093036 0.184209 0.100359
v -0.093036 0.219711 0.100359
v -0.093036 0.255212 0.100359
v 0.093036 0.255212 0.100359
v 0.093036 0.219711 0.100359
v 0.093036 0.184209 0.100359
v 0.046518 0.290714 0.100359
v 0.000000 0.290714 0.100359
v -0.046518 0.290714 0.100359
v 0.214263 0.285106 0.010719
v 0.211086 0.285106 0.007542
v 0.209926 0.285063 0.004845
v 0.208839 0.285106 0.002119
v 0.208839 0.285106 -0.002374
v 0.209926 0.285063 -0.005101
v 0.211086 0.285106 -0.007797
v 0.214263 0.285106 -0.010974
v 0.216959 0.285063 -0.012134
v 0.219686 0.285106 -0.013221
v 0.224520 0.280812 -0.015203
v 0.227658 0.280768 -0.013952
v 0.230762 0.280812 -0.012617
v 0.221932 0.293102 -0.017706
v 0.221932 0.310661 -0.020020
v 0.235999 0.310661 -0.014194
v 0.234362 0.293102 -0.012558
v 0.234422 0.280812 -0.008958
v 0.235756 0.280768 -0.005854
v 0.237007 0.280812 -0.002715
v 0.241825 0.310661 -0.000128
v 0.239511 0.293102 -0.000128
v 0.237007 0.280812 0.002460
v 0.235756 0.280768 0.005598
v 0.234422 0.280812 0.008702
v 0.235999 0.310661 0.013938
v 0.234362 0.293102 0.012302
v 0.230762 0.280812 0.012362
v 0.227658 0.280768 0.013696
v 0.224520 0.280812 0.014947
v 0.221932 0.310661 0.019765
v 0.221932 0.293102 0.017451
v 0.219345 0.280812 0.014947
v 0.216206 0.280768 0.013696
v 0.213102 0.280812 0.012362
v 0.207866 0.310661 0.013938
v 0.209502 0.293102 0.012302
v 0.209443 0.280812 0.008702
v 0.208108 0.280768 0.005598
v 0.206857 0.280812 0.002460
v 0.202040 0.310661 -0.000128
v 0.204354 0.293102 -0.000128
v 0.206857 0.280812 -0.002715
v 0.208108 0.280768 -0.005854
v 0.209443 0.280812 -0.008958
v 0.207866 0.310661 -0.014194
v 0.209502 0.293102 -0.012558
v 0.213102 0.280812 -0.012617
v 0.216206 0.280768 -0.013952
v 0.219345 0.280812 -0.015203
v 0.236224 0.325988 0.014163
v 0.236808 0.327408 0.014748
v 0.237101 0.325864 0.015041
v 0.243385 0.325864 -0.000128
v 0.242969 0.327408 -0.000128
v 0.242143 0.325988 -0.000128
v 0.201722 0.325988 -0.000128
v 0.200895 0.327408 -0.000128
v 0.200480 0.325864 -0.000128
v 0.206763 0.325864 0.015041
v 0.207057 0.327408 0.014748
v 0.207641 0.325988 0.014163
v 0.221932 0.325988 0.020083
v 0.221932 0.327408 0.020909
v 0.221932 0.325864 0.021325
v 0.207641 0.325988 -0.014419
v 0.207057 0.327408 -0.015003
v 0.206763 0.325864 -0.015297
v 0.237101 0.325864 -0.015297
v 0.236808 0.327408 -0.015003
v 0.236224 0.325988 -0.014419
v 0.221932 0.325988 -0.020338
v 0.221932 0.327408 -0.021165
v 0.221932 0.325864 -0.021580
v 0.225344 0.293077 -0.017348
v 0.225806 0.310661 -0.019627
v 0.228644 0.293069 -0.016330
v 0.229536 0.310661 -0.018485
v 0.231697 0.293077 -0.014717
v 0.232981 0.310661 -0.016654
v 0.236522 0.293077 -0.009892
v 0.238459 0.310661 -0.011177
v 0.238135 0.293069 -0.006839
v 0.240290 0.310661 -0.007731
v 0.239153 0.293077 -0.003539
v 0.241431 0.310661 -0.004001
v 0.239153 0.293077 0.003284
v 0.241431 0.310661 0.003746
v 0.238135 0.293069 0.006584
v 0.240290 0.310661 0.007476
v 0.236522 0.293077 0.009637
v 0.238459 0.310661 0.010921
v 0.231697 0.293077 0.014462
v 0.232981 0.310661 0.016399
v 0.228644 0.293069 0.016075
v 0.229536 0.310661 0.018229
v 0.225344 0.293077 0.017093
v 0.225806 0.310661 0.019371
v 0.218521 0.293077 0.017093
v 0.218059 0.310661 0.019371
v 0.215221 0.293069 0.016075
v 0.214329 0.310661 0.018229
v 0.212168 0.293077 0.014462
v 0.210883 0.310661 0.016399
v 0.207343 0.293077 0.009637
v 0.205406 0.310661 0.010921
v 0.205730 0.293069 0.006584
v 0.203575 0.310661 0.007476
v 0.204712 0.293077 0.003284
v 0.202433 0.310661 0.003746
v 0.204712 0.293077 -0.003539
v 0.202433 0.310661 -0.004001
v 0.205730 0.293069 -0.006839
v 0.203575 0.310661 -0.007731
v 0.207343 0.293077 -0.009892
v 0.205406 0.310661 -0.011177
v 0.212168 0.293077 -0.014717
v 0.210883 0.310661 -0.016654
v 0.215221 0.293069 -0.016330
v 0.214329 0.310661 -0.018485
v 0.218521 0.293077 -0.017348
v 0.218059 0.310661 -0.019627
v 0.241743 0.325988 0.003807
v 0.240583 0.325988 0.007598
v 0.238723 0.325988 0.011098
v 0.242553 0.327408 0.003968
v 0.241346 0.327408 0.007914
v 0.239410 0.327408 0.011557
v 0.242960 0.325864 0.004049
v 0.241729 0.325864 0.008072
v 0.239755 0.325864 0.011788
v 0.205141 0.325988 0.011098
v 0.203282 0.325988 0.007598
v 0.202122 0.325988 0.003807
v 0.204455 0.327408 0.011557
v 0.202519 0.327408 0.007914
v 0.201312 0.327408 0.003968
v 0.204110 0.325864 0.011788
v 0.202136 0.325864 0.008072
v 0.200904 0.325864 0.004049
v 0.233158 0.325988 0.016663
v 0.229658 0.325988 0.018523
v 0.225868 0.325988 0.019683
v 0.233617 0.327408 0.017350
v 0.229974 0.327408 0.019286
v 0.226028 0.327408 0.020493
v 0.233848 0.325864 0.017695
v 0.230132 0.325864 0.019669
v 0.226109 0.325864 0.020900
v 0.202122 0.325988 -0.004063
v 0.203282 0.325988 -0.007853
v 0.205141 0.325988 -0.011353
v 0.201312 0.327408 -0.004224
v 0.202519 0.327408 -0.008169
v 0.204455 0.327408 -0.011812
v 0.200904 0.325864 -0.004305
v 0.202136 0.325864 -0.008328
v 0.204110 0.325864 -0.012043
v 0.238723 0.325988 -0.011353
v 0.240583 0.325988 -0.007853
v 0.241743 0.325988 -0.004063
v 0.239410 0.327408 -0.011812
v 0.241346 0.327408 -0.008169
v 0.242553 0.327408 -0.004224
v 0.239755 0.325864 -0.012043
v 0.241729 0.325864 -0.008328
v 0.242960 0.325864 -0.004305
v 0.217997 0.325988 0.019683
v -0.006644 0.244657 0.128197
v -0.007130 0.244657 0.131032
v -0.006644 0.244657 0.133868
v 0.002836 0.244657 0.124389
v 0.000000 0.244657 0.123902
v -0.002836 0.244657 0.124389
v 0.006644 0.244657 0.133868
v 0.007130 0.244657 0.131032
v 0.006644 0.244657 0.128197
v -0.002836 0.244657 0.137676
v 0.000000 0.244657 0.138162
v 0.002836 0.244657 0.137676
v -0.006644 0.225481 0.128197
v -0.007130 0.225481 0.131032
v -0.006644 0.225481 0.133868
v 0.002836 0.225481 0.124389
v 0.000000 0.225481 0.123903
v -0.002836 0.225481 0.124389
v 0.006644 0.225481 0.133868
v 0.007130 0.225481 0.131032
v 0.006644 0.225481 0.128197
v -0.002836 0.225481 0.137676
v 0.000000 0.225481 0.138162
v 0.002836 0.225481 0.137676
v 0.216581 0.282366 -0.033970
v 0.210082 0.282366 -0.031981
v 0.204080 0.282366 -0.028792
v 0.204080 0.265965 -0.028792
v 0.210082 0.265965 -0.031981
v 0.216581 0.265965 -0.033970
v 0.189358 0.282366 0.006748
v 0.191347 0.282366 0.013247
v 0.194537 0.282366 0.019249
v 0.223225 0.274165 0.036754
v 0.229988 0.282322 0.034033
v 0.235866 0.282014 0.032483
v 0.240260 0.281257 0.030512
v 0.197237 0.274165 -0.025989
v 0.240260 0.267074 0.030512
v 0.235866 0.266316 0.032483
v 0.229988 0.266009 0.034033
v 0.194537 0.265965 0.019249
v 0.191347 0.265965 0.013247
v 0.189358 0.265965 0.006748
v 0.244577 0.274165 0.029083
v 0.194537 0.282366 -0.019249
v 0.191347 0.282366 -0.013247
v 0.189358 0.282366 -0.006748
v 0.197237 0.274165 0.025989
v 0.189358 0.265965 -0.006748
v 0.191347 0.265965 -0.013247
v 0.194537 0.265965 -0.019249
v 0.204080 0.282366 0.028792
v 0.210082 0.282366 0.031981
v 0.216581 0.282366 0.033970
v 0.244577 0.274165 -0.029083
v 0.223225 0.274165 -0.036754
v 0.240260 0.281257 -0.030512
v 0.235866 0.282014 -0.032483
v 0.229988 0.282322 -0.034033
v 0.186472 0.274165 -0.000000
v 0.216581 0.265965 0.033970
v 0.210082 0.265965 0.031981
v 0.204080 0.265965 0.028792
v 0.229988 0.266009 -0.034033
v 0.235866 0.266316 -0.032483
v 0.240260 0.267074 -0.030512
v 0.219311 0.282366 -0.023006
v 0.214909 0.282366 -0.021659
v 0.210844 0.282366 -0.019499
v 0.210844 0.265965 -0.019499
v 0.214909 0.265965 -0.021659
v 0.219311 0.265965 -0.023006
v 0.200875 0.282366 0.004570
v 0.202222 0.282366 0.008971
v 0.204382 0.282366 0.013036
v 0.228429 0.282322 0.023087
v 0.232676 0.282014 0.022310
v 0.236300 0.281257 0.021649
v 0.236300 0.267074 0.021649
v 0.232676 0.266316 0.022310
v 0.228429 0.266009 0.023087
v 0.204382 0.265965 0.013036
v 0.202222 0.265965 0.008971
v 0.200875 0.265965 0.004570
v 0.204382 0.282366 -0.013036
v 0.202222 0.282366 -0.008971
v 0.200875 0.282366 -0.004570
v 0.200875 0.265965 -0.004570
v 0.202222 0.265965 -0.008971
v 0.204382 0.265965 -0.013036
v 0.210844 0.282366 0.019499
v 0.214909 0.282366 0.021659
v 0.219311 0.282366 0.023006
v 0.236300 0.281257 -0.021649
v 0.232676 0.282014 -0.022310
v 0.228429 0.282322 -0.023087
v 0.219311 0.265965 0.023006
v 0.214909 0.265965 0.021659
v 0.210844 0.265965 0.019499
v 0.228429 0.266009 -0.023087
v 0.232676 0.266316 -0.022310
v 0.236300 0.267074 -0.021649
v 0.203054 0.285441 -0.020551
v 0.223605 0.285441 -0.029063
v 0.223605 0.262890 -0.029063
v 0.203054 0.262890 -0.020551
v 0.203054 0.285441 0.020551
v 0.194541 0.285441 0.000000
v 0.241933 0.281663 0.024616
v 0.223605 0.285441 0.029063
v 0.223605 0.262890 0.029063
v 0.241933 0.266668 0.024616
v 0.194541 0.262890 0.000000
v 0.203054 0.262890 0.020551
v 0.241933 0.281663 -0.024616
v 0.241933 0.266668 -0.024616
v 0.223984 0.274165 -0.021373
v 0.239289 0.274165 -0.020148
v 0.239289 0.274165 0.020148
v 0.223984 0.274165 0.021373
v 0.208871 0.274165 0.015113
v 0.202611 0.274165 0.000000
v 0.208871 0.274165 -0.015113
v 0.224179 0.244394 -0.013221
v 0.226905 0.244351 -0.012134
v 0.229602 0.244394 -0.010974
v 0.232779 0.244394 -0.007797
v 0.233938 0.244351 -0.005101
v 0.235025 0.244394 -0.002374
v 0.235025 0.244394 0.002119
v 0.233938 0.244351 0.004845
v 0.232779 0.244394 0.007542
v 0.229602 0.244394 0.010719
v 0.226905 0.244351 0.011878
v 0.224179 0.244394 0.012965
v 0.219686 0.244394 0.012965
v 0.216959 0.244351 0.011878
v 0.214263 0.244394 0.010719
v 0.211086 0.244394 0.007542
v 0.209926 0.244351 0.004845
v 0.208839 0.244394 0.002119
v 0.208839 0.244394 -0.002374
v 0.209926 0.244351 -0.005101
v 0.211086 0.244394 -0.007797
v 0.214263 0.244394 -0.010974
v 0.216959 0.244351 -0.012134
v 0.219686 0.244394 -0.013221
v 0.224520 0.240100 -0.015203
v 0.227658 0.240056 -0.013952
v 0.230762 0.240100 -0.012617
v 0.221932 0.252390 -0.017706
v 0.221932 0.269949 -0.020020
v 0.235999 0.269949 -0.014194
v 0.234362 0.252390 -0.012558
v 0.234422 0.240100 -0.008958
v 0.235756 0.240056 -0.005854
v 0.237007 0.240100 -0.002715
v 0.241825 0.269949 -0.000128
v 0.239511 0.252390 -0.000128
v 0.237007 0.240100 0.002460
v 0.235756 0.240056 0.005598
v 0.234422 0.240100 0.008702
v 0.235999 0.269949 0.013938
v 0.234362 0.252390 0.012302
v 0.230762 0.240100 0.012362
v 0.227658 0.240056 0.013696
v 0.224520 0.240100 0.014947
v 0.221932 0.269949 0.019765
v 0.221932 0.252390 0.017451
v 0.219345 0.240100 0.014947
v 0.216206 0.240056 0.013696
v 0.213102 0.240100 0.012362
v 0.207866 0.269949 0.013938
v 0.209502 0.252390 0.012302
v 0.209443 0.240100 0.008702
v 0.208108 0.240056 0.005598
v 0.206857 0.240100 0.002460
v 0.202040 0.269949 -0.000128
v 0.204354 0.252390 -0.000128
v 0.206857 0.240100 -0.002715
v 0.208108 0.240056 -0.005854
v 0.209443 0.240100 -0.008958
v 0.207866 0.269949 -0.014194
v 0.209502 0.252390 -0.012558
v 0.213102 0.240100 -0.012617
v 0.216206 0.240056 -0.013952
v 0.219345 0.240100 -0.015203
v 0.236224 0.285276 0.014163
v 0.236808 0.286696 0.014748
v 0.237101 0.285152 0.015041
v 0.243385 0.285152 -0.000128
v 0.242969 0.286696 -0.000128
v 0.242143 0.285276 -0.000128
v 0.201722 0.285276 -0.000128
v 0.200895 0.286696 -0.000128
v 0.200480 0.285152 -0.000128
v 0.206763 0.285152 0.015041
v 0.207057 0.286696 0.014748
v 0.207641 0.285276 0.014163
v 0.221932 0.285276 0.020083
v 0.221932 0.286696 0.020909
v 0.221932 0.285152 0.021325
v 0.207641 0.285276 -0.014419
v 0.207057 0.286696 -0.015003
v 0.206763 0.285152 -0.015297
v 0.237101 0.285152 -0.015297
v 0.236808 0.286696 -0.015003
v 0.236224 0.285276 -0.014419
v 0.221932 0.285276 -0.020338
v 0.221932 0.286696 -0.021165
v 0.221932 0.285152 -0.021580
v -0.097742 0.425134 -0.097742
v 0.000000 0.425134 -0.138228
v -0.026576 0.419455 -0.133793
v -0.052174 0.419455 -0.125959
v -0.075813 0.419455 -0.113398
v -0.098815 0.408291 -0.098815
v -0.096873 0.416990 -0.096873
v 0.000000 0.416990 -0.137000
v 0.000000 0.408291 -0.139745
v -0.097742 0.503917 -0.097742
v 0.000000 0.503917 -0.138228
v -0.026576 0.498238 -0.133793
v -0.052174 0.498238 -0.125959
v -0.075813 0.498238 -0.113398
v -0.098815 0.487723 -0.098815
v -0.097742 0.492558 -0.097742
v 0.000000 0.492558 -0.138228
v 0.000000 0.487723 -0.139745
v -0.097742 0.582700 -0.097742
v 0.000000 0.582700 -0.138228
v -0.026576 0.577021 -0.133793
v -0.052174 0.577021 -0.125959
v -0.075813 0.577021 -0.113398
v -0.098815 0.566506 -0.098815
v -0.096873 0.574580 -0.096873
v 0.000000 0.574581 -0.137000
v 0.000000 0.566506 -0.139745
v -0.097742 0.661676 -0.097742
v -0.098815 0.666968 -0.098815
v 0.000000 0.666968 -0.139745
v 0.000000 0.661676 -0.138228
v -0.026576 0.655804 -0.133793
v -0.052174 0.655804 -0.125959
v -0.075813 0.655804 -0.113398
v -0.098815 0.645289 -0.098815
v -0.097742 0.650125 -0.097742
v 0.000000 0.650125 -0.138228
v 0.000000 0.645289 -0.139745
v -0.138228 0.425134 0.000000
v -0.113398 0.419455 -0.075813
v -0.125959 0.419455 -0.052174
v -0.133793 0.419455 -0.026576
v -0.139745 0.408291 0.000000
v -0.137000 0.416990 0.000000
v -0.138228 0.503917 0.000000
v -0.113398 0.498238 -0.075813
v -0.125959 0.498238 -0.052174
v -0.133793 0.498238 -0.026576
v -0.139745 0.487723 0.000000
v -0.138228 0.492558 0.000000
v -0.138228 0.582700 0.000000
v -0.113398 0.577021 -0.075813
v -0.125959 0.577021 -0.052174
v -0.133793 0.577021 -0.026576
v -0.139745 0.566506 0.000000
v -0.137000 0.574580 0.000000
v -0.138228 0.661676 0.000000
v -0.139745 0.666968 0.000000
v -0.113398 0.655804 -0.075813
v -0.125959 0.655804 -0.052174
v -0.133793 0.655804 -0.026576
v -0.139745 0.645289 0.000000
v -0.138228 0.650125 0.000000
v -0.097742 0.425134 0.097742
v -0.133793 0.419455 0.026576
v -0.125959 0.419455 0.052174
v -0.113398 0.419455 0.075813
v -0.098815 0.408291 0.098815
v -0.096873 0.416990 0.096873
v -0.097742 0.503917 0.097742
v -0.133793 0.498238 0.026576
v -0.125959 0.498238 0.052174
v -0.113398 0.498238 0.075813
v -0.098815 0.487723 0.098815
v -0.097742 0.492558 0.097742
v -0.097742 0.582700 0.097742
v -0.133793 0.577021 0.026576
v -0.125959 0.577021 0.052174
v -0.113398 0.577021 0.075813
v -0.098815 0.566506 0.098815
v -0.096873 0.574580 0.096873
v -0.097742 0.661676 0.097742
v -0.098815 0.666968 0.098815
v -0.133793 0.655804 0.026576
v -0.125959 0.655804 0.052174
v -0.113398 0.655804 0.075813
v -0.098815 0.645289 0.098815
v -0.097742 0.650125 0.097742
v 0.000000 0.425134 0.138228
v -0.075813 0.419455 0.113398
v -0.052174 0.419455 0.125959
v -0.026576 0.419455 0.133793
v 0.000000 0.408291 0.139745
v 0.000000 0.416990 0.137000
v 0.000000 0.503917 0.138228
v -0.075813 0.498238 0.113398
v -0.052174 0.498238 0.125959
v -0.026576 0.498238 0.133793
v 0.000000 0.487723 0.139745
v 0.000000 0.492558 0.138228
v 0.000000 0.582700 0.138228
v -0.075813 0.577021 0.113398
v -0.052174 0.577021 0.125959
v -0.026576 0.577021 0.133793
v 0.000000 0.566506 0.139745
v 0.000000 0.574580 0.137000
v 0.000000 0.661676 0.138228
v 0.000000 0.666968 0.139745
v -0.075813 0.655804 0.113398
v -0.052174 0.655804 0.125959
v -0.026576 0.655804 0.133793
v 0.000000 0.645289 0.139745
v 0.000000 0.650125 0.138228
v 0.097742 0.425134 0.097742
v 0.026576 0.419455 0.133793
v 0.052174 0.419455 0.125959
v 0.075813 0.419455 0.113398
v 0.098815 0.408291 0.098815
v 0.096873 0.416990 0.096873
v 0.097742 0.503917 0.097742
v 0.026576 0.498238 0.133793
v 0.052174 0.498238 0.125959
v 0.075813 0.498238 0.113398
v 0.098815 0.487723 0.098815
v 0.097742 0.492558 0.097742
v 0.097742 0.582700 0.097742
v 0.026576 0.577021 0.133793
v 0.052174 0.577021 0.125959
v 0.075813 0.577021 0.113398
v 0.098815 0.566506 0.098815
v 0.096873 0.574580 0.096873
v 0.097742 0.661676 0.097742
v 0.098815 0.666968 0.098815
v 0.026576 0.655804 0.133793
v 0.052174 0.655804 0.125959
v 0.075813 0.655804 0.113398
v 0.098815 0.645289 0.098815
v 0.097742 0.650125 0.097742
v 0.138228 0.425134 -0.000000
v 0.113398 0.419455 0.075813
v 0.125959 0.419455 0.052174
v 0.133793 0.419454 0.026576
v 0.139745 0.408291 0.000000
v 0.137000 0.416990 0.000000
v 0.138228 0.503917 -0.000000
v 0.113398 0.498238 0.075813
v 0.125959 0.498238 0.052174
v 0.133793 0.498238 0.026576
v 0.139745 0.487723 0.000000
v 0.138228 0.492558 -0.000000
v 0.138228 0.582700 -0.000000
v 0.113398 0.577021 0.075813
v 0.125959 0.577021 0.052174
v 0.133793 0.577021 0.026576
v 0.139745 0.566506 0.000000
v 0.137000 0.574580 0.000000
v 0.138228 0.661676 -0.000000
v 0.139745 0.666968 -0.000000
v 0.113398 0.655804 0.075813
v 0.125959 0.655804 0.052174
v 0.133793 0.655804 0.026576
v 0.139745 0.645289 0.000000
v 0.138228 0.650125 -0.000000
v 0.097742 0.425134 -0.097742
v 0.075813 0.419455 -0.113398
v 0.052174 0.419455 -0.125959
v 0.026576 0.419454 -0.133793
v 0.096873 0.416990 -0.096873
v 0.098815 0.408291 -0.098815
v 0.097742 0.503917 -0.097742
v 0.075813 0.498238 -0.113398
v 0.052174 0.498238 -0.125959
v 0.026576 0.498238 -0.133793
v 0.097742 0.492558 -0.097742
v 0.098815 0.487723 -0.098815
v 0.097742 0.582700 -0.097742
v 0.075813 0.577021 -0.113398
v 0.052174 0.577021 -0.125959
v 0.026576 0.577021 -0.133793
v 0.096873 0.574580 -0.096873
v 0.098815 0.566506 -0.098815
v 0.098815 0.666968 -0.098815
v 0.097742 0.661676 -0.097742
v 0.075813 0.655804 -0.113398
v 0.052174 0.655804 -0.125959
v 0.026576 0.655804 -0.133793
v 0.097742 0.650125 -0.097742
v 0.098815 0.645289 -0.098815
v 0.133793 0.419455 -0.026576
v 0.125959 0.419455 -0.052174
v 0.113398 0.419454 -0.075813
v 0.133793 0.498238 -0.026576
v 0.125959 0.498238 -0.052174
v 0.113398 0.498238 -0.075813
v 0.133793 0.577021 -0.026576
v 0.125959 0.577021 -0.052174
v 0.113398 0.577021 -0.075813
v 0.133793 0.655804 -0.026576
v 0.125959 0.655804 -0.052174
v 0.113398 0.655804 -0.075813
v -0.000000 0.686664 -0.142009
v 0.000000 0.701068 -0.142466
v 0.100739 0.701067 -0.100739
v 0.100415 0.686664 -0.100415
v 0.100603 0.616413 -0.100603
v 0.142274 0.616413 0.000000
v 0.142466 0.701067 0.000000
v 0.142009 0.686664 -0.000000
v 0.000000 0.616413 -0.142274
v 0.000000 0.526008 -0.141985
v 0.000000 0.537629 -0.142274
v 0.100603 0.537629 -0.100603
v 0.100398 0.526008 -0.100398
v 0.142274 0.537629 0.000000
v 0.141985 0.526008 -0.000000
v 0.000000 0.447225 -0.141985
v 0.000000 0.458846 -0.142274
v 0.100603 0.458846 -0.100603
v 0.100398 0.447225 -0.100398
v 0.142274 0.458846 0.000000
v 0.141985 0.447225 -0.000000
v 0.100739 0.374191 -0.100739
v 0.100415 0.388595 -0.100415
v 0.142009 0.388595 -0.000000
v 0.142466 0.374191 0.000000
v 0.000000 0.374191 -0.142466
v -0.000000 0.388595 -0.142009
v -0.100739 0.374191 -0.100739
v -0.100415 0.388595 -0.100415
v -0.100398 0.447225 -0.100398
v -0.100603 0.458846 -0.100603
v -0.100398 0.526008 -0.100398
v -0.100603 0.537629 -0.100603
v -0.100603 0.616412 -0.100603
v -0.100415 0.686664 -0.100415
v -0.100739 0.701068 -0.100739
v 0.100739 0.701067 0.100739
v 0.100415 0.686664 0.100415
v 0.100603 0.616413 0.100603
v 0.100603 0.537629 0.100603
v 0.100398 0.526008 0.100398
v 0.100603 0.458846 0.100603
v 0.100398 0.447225 0.100398
v 0.100415 0.388595 0.100415
v 0.100739 0.374191 0.100739
v -0.000000 0.701067 0.142466
v -0.000000 0.686664 0.142009
v 0.000000 0.616412 0.142274
v 0.000000 0.537629 0.142274
v -0.000000 0.526008 0.141985
v 0.000000 0.458846 0.142274
v -0.000000 0.447225 0.141985
v 0.000000 0.388595 0.142009
v 0.000000 0.374191 0.142466
v -0.100739 0.701067 0.100739
v -0.100415 0.686664 0.100415
v -0.100603 0.616412 0.100603
v -0.100603 0.537629 0.100603
v -0.100398 0.526008 0.100398
v -0.100603 0.458846 0.100603
v -0.100398 0.447225 0.100398
v -0.100415 0.388595 0.100415
v -0.100739 0.374191 0.100739
v -0.142466 0.701067 -0.000000
v -0.142009 0.686664 -0.000000
v -0.142274 0.616412 0.000000
v -0.142274 0.537629 0.000000
v -0.141985 0.526008 -0.000000
v -0.142274 0.458846 0.000000
v -0.141985 0.447225 -0.000000
v -0.142009 0.388595 0.000000
v -0.142466 0.374191 0.000000
v -0.034998 0.340671 0.034998
v -0.033225 0.340671 0.069975
v -0.030692 0.340671 0.104916
v -0.069975 0.340671 0.033225
v -0.066279 0.340671 0.066279
v -0.060852 0.340671 0.099049
v -0.104916 0.340671 0.030692
v -0.099049 0.340671 0.060852
v -0.090066 0.340671 0.090066
v -0.138078 0.087319 0.157424
v -0.138212 0.172867 0.156807
v -0.138078 0.257013 0.157424
v -0.147882 0.085663 0.143893
v -0.147923 0.171069 0.143705
v -0.147882 0.256047 0.143893
v -0.156501 0.085251 0.122989
v -0.156506 0.170470 0.122966
v -0.156501 0.255635 0.122989
v -0.122928 0.255576 -0.155941
v -0.122928 0.170384 -0.155941
v -0.122928 0.085192 -0.155941
v -0.143404 0.255576 -0.143404
v -0.143404 0.170384 -0.143404
v -0.143404 0.085192 -0.143404
v -0.155941 0.255576 -0.122928
v -0.155941 0.170384 -0.122928
v -0.155941 0.085192 -0.122928
v 0.155941 0.255576 -0.122928
v 0.155941 0.170384 -0.122928
v 0.155941 0.085192 -0.122928
v 0.143404 0.255576 -0.143404
v 0.143404 0.170384 -0.143404
v 0.143404 0.085192 -0.143404
v 0.122928 0.255576 -0.155941
v 0.122928 0.170384 -0.155941
v 0.122928 0.085192 -0.155941
v 0.138078 0.257013 0.157424
v 0.138212 0.172867 0.156807
v 0.138078 0.087319 0.157424
v 0.147882 0.256047 0.143893
v 0.147923 0.171069 0.143705
v 0.147882 0.085663 0.143893
v 0.156501 0.255635 0.122989
v 0.156506 0.170470 0.122966
v 0.156501 0.085251 0.122989
v 0.104916 0.340671 0.030692
v 0.099049 0.340671 0.060852
v 0.090066 0.340671 0.090066
v 0.069975 0.340671 0.033225
v 0.066279 0.340671 0.066279
v 0.060852 0.340671 0.099049
v 0.034998 0.340671 0.034998
v 0.033225 0.340671 0.069975
v 0.030692 0.340671 0.104916
v -0.030692 0.340671 -0.104916
v -0.033225 0.340671 -0.069975
v -0.034998 0.340671 -0.034998
v -0.060852 0.340671 -0.099049
v -0.066279 0.340671 -0.066279
v -0.069975 0.340671 -0.033225
v -0.090066 0.340671 -0.090066
v -0.099049 0.340671 -0.060852
v -0.104916 0.340671 -0.030692
v 0.090066 0.340671 -0.090066
v 0.099049 0.340671 -0.060852
v 0.104916 0.340671 -0.030692
v 0.060852 0.340671 -0.099049
v 0.066279 0.340671 -0.066279
v 0.069975 0.340671 -0.033225
v 0.030692 0.340671 -0.104916
v 0.033225 0.340671 -0.069975
v 0.034998 0.340671 -0.034998
v 0.046518 0.184209 0.100359
v 0.046518 0.219711 0.100359
v 0.046518 0.255212 0.100359
v 0.000000 0.184209 0.100359
v 0.000000 0.219711 0.100359
v 0.000000 0.255212 0.100359
v -0.046518 0.184209 0.100359
v -0.046518 0.219711 0.100359
v -0.046518 0.255212 0.100359
v 0.214207 0.325988 0.018523
v 0.210707 0.325988 0.016663
v 0.217836 0.327408 0.020493
v 0.213891 0.327408 0.019286
v 0.210248 0.327408 0.017350
v 0.217755 0.325864 0.020900
v 0.213732 0.325864 0.019669
v 0.210017 0.325864 0.017695
v 0.210707 0.325988 -0.016919
v 0.214207 0.325988 -0.018778
v 0.217997 0.325988 -0.019938
v 0.210248 0.327408 -0.017605
v 0.213891 0.327408 -0.019541
v 0.217836 0.327408 -0.020748
v 0.210017 0.325864 -0.017950
v 0.213732 0.325864 -0.019924
v 0.217755 0.325864 -0.021156
v 0.225868 0.325988 -0.019938
v 0.229658 0.325988 -0.018778
v 0.233158 0.325988 -0.016919
v 0.226028 0.327408 -0.020748
v 0.229974 0.327408 -0.019541
v 0.233617 0.327408 -0.017605
v 0.226109 0.325864 -0.021156
v 0.230132 0.325864 -0.019924
v 0.233848 0.325864 -0.017950
v 0.233848 0.304456 -0.017950
v 0.230132 0.304456 -0.019924
v 0.226109 0.304456 -0.021156
v 0.233617 0.306000 -0.017605
v 0.229974 0.306000 -0.019541
v 0.226028 0.306000 -0.020748
v 0.233158 0.304580 -0.016919
v 0.229658 0.304580 -0.018778
v 0.225868 0.304580 -0.019938
v 0.217755 0.304456 -0.021156
v 0.213732 0.304456 -0.019924
v 0.210017 0.304456 -0.017950
v 0.217836 0.306000 -0.020748
v 0.213891 0.306000 -0.019541
v 0.210248 0.306000 -0.017605
v 0.217997 0.304580 -0.019938
v 0.214207 0.304580 -0.018778
v 0.210707 0.304580 -0.016919
v 0.210017 0.304456 0.017695
v 0.213732 0.304456 0.019669
v 0.217755 0.304456 0.020900
v 0.210248 0.306000 0.017350
v 0.213891 0.306000 0.019286
v 0.217836 0.306000 0.020493
v 0.210707 0.304580 0.016663
v 0.214207 0.304580 0.018523
v 0.217997 0.304580 0.019683
v 0.242960 0.304456 -0.004305
v 0.241729 0.304456 -0.008328
v 0.239755 0.304456 -0.012043
v 0.242553 0.306000 -0.004224
v 0.241346 0.306000 -0.008169
v 0.239410 0.306000 -0.011812
v 0.241743 0.304580 -0.004063
v 0.240583 0.304580 -0.007853
v 0.238723 0.304580 -0.011353
v 0.204110 0.304456 -0.012043
v 0.202136 0.304456 -0.008328
v 0.200904 0.304456 -0.004305
v 0.204455 0.306000 -0.011812
v 0.202519 0.306000 -0.008169
v 0.201312 0.306000 -0.004224
v 0.205141 0.304580 -0.011353
v 0.203282 0.304580 -0.007853
v 0.202122 0.304580 -0.004063
v 0.226109 0.304456 0.020900
v 0.230132 0.304456 0.019669
v 0.233848 0.304456 0.017695
v 0.226028 0.306000 0.020493
v 0.229974 0.306000 0.019286
v 0.233617 0.306000 0.017350
v 0.225868 0.304580 0.019683
v 0.229658 0.304580 0.018523
v 0.233158 0.304580 0.016663
v 0.200904 0.304456 0.004049
v 0.202136 0.304456 0.008072
v 0.204110 0.304456 0.011788
v 0.201312 0.306000 0.003968
v 0.202519 0.306000 0.007914
v 0.204455 0.306000 0.011557
v 0.202122 0.304580 0.003807
v 0.203282 0.304580 0.007598
v 0.205141 0.304580 0.011098
v 0.239755 0.304456 0.011788
v 0.241729 0.304456 0.008072
v 0.242960 0.304456 0.004049
v 0.239410 0.306000 0.011557
v 0.241346 0.306000 0.007914
v 0.242553 0.306000 0.003968
v 0.238723 0.304580 0.011098
v 0.240583 0.304580 0.007598
v 0.241743 0.304580 0.003807
v 0.218059 0.289253 -0.019627
v 0.218521 0.271669 -0.017348
v 0.214329 0.289253 -0.018485
v 0.215221 0.271661 -0.016330
v 0.210883 0.289253 -0.016654
v 0.212168 0.271669 -0.014717
v 0.205406 0.289253 -0.011177
v 0.207343 0.271669 -0.009892
v 0.203575 0.289253 -0.007731
v 0.205730 0.271661 -0.006839
v 0.202433 0.289253 -0.004001
v 0.204712 0.271669 -0.003539
v 0.202433 0.289253 0.003746
v 0.204712 0.271669 0.003284
v 0.203575 0.289253 0.007476
v 0.205730 0.271661 0.006584
v 0.205406 0.289253 0.010921
v 0.207343 0.271669 0.009637
v 0.210883 0.289253 0.016399
v 0.212168 0.271669 0.014462
v 0.214329 0.289253 0.018229
v 0.215221 0.271661 0.016075
v 0.218059 0.289253 0.019371
v 0.218521 0.271669 0.017093
v 0.225806 0.289253 0.019371
v 0.225344 0.271669 0.017093
v 0.229536 0.289253 0.018229
v 0.228644 0.271661 0.016075
v 0.232981 0.289253 0.016399
v 0.231697 0.271669 0.014462
v 0.238459 0.289253 0.010921
v 0.236522 0.271669 0.009637
v 0.240290 0.289253 0.007476
v 0.238135 0.271661 0.006584
v 0.241431 0.289253 0.003746
v 0.239153 0.271669 0.003284
v 0.241431 0.289253 -0.004001
v 0.239153 0.271669 -0.003539
v 0.240290 0.289253 -0.007731
v 0.238135 0.271661 -0.006839
v 0.238459 0.289253 -0.011177
v 0.236522 0.271669 -0.009892
v 0.232981 0.289253 -0.016654
v 0.231697 0.271669 -0.014717
v 0.229536 0.289253 -0.018485
v 0.228644 0.271661 -0.016330
v 0.225806 0.289253 -0.019627
v 0.225344 0.271669 -0.017348
v 0.221932 0.304456 -0.021580
v 0.221932 0.306000 -0.021165
v 0.221932 0.304580 -0.020338
v 0.236224 0.304580 -0.014419
v 0.236808 0.306000 -0.015003
v 0.237101 0.304456 -0.015297
v 0.206763 0.304456 -0.015297
v 0.207057 0.306000 -0.015003
v 0.207641 0.304580 -0.014419
v 0.221932 0.304456 0.021325
v 0.221932 0.306000 0.020909
v 0.221932 0.304580 0.020083
v 0.207641 0.304580 0.014163
v 0.207057 0.306000 0.014748
v 0.206763 0.304456 0.015041
v 0.200480 0.304456 -0.000128
v 0.200895 0.306000 -0.000128
v 0.201722 0.304580 -0.000128
v 0.242143 0.304580 -0.000128
v 0.242969 0.306000 -0.000128
v 0.243385 0.304456 -0.000128
v 0.237101 0.304456 0.015041
v 0.236808 0.306000 0.014748
v 0.236224 0.304580 0.014163
v 0.219345 0.259404 -0.015203
v 0.216206 0.259360 -0.013952
v 0.213102 0.259404 -0.012617
v 0.209502 0.271694 -0.012558
v 0.207866 0.289253 -0.014194
v 0.209443 0.259404 -0.008958
v 0.208108 0.259360 -0.005854
v 0.206857 0.259404 -0.002715
v 0.204354 0.271694 -0.000128
v 0.202040 0.289253 -0.000128
v 0.206857 0.259404 0.002460
v 0.208108 0.259360 0.005598
v 0.209443 0.259404 0.008702
v 0.209502 0.271694 0.012302
v 0.207866 0.289253 0.013938
v 0.213102 0.259404 0.012362
v 0.216206 0.259360 0.013696
v 0.219345 0.259404 0.014947
v 0.221932 0.271694 0.017451
v 0.221932 0.289253 0.019765
v 0.224520 0.259404 0.014947
v 0.227658 0.259360 0.013696
v 0.230762 0.259404 0.012362
v 0.234362 0.271694 0.012302
v 0.235999 0.289253 0.013938
v 0.234422 0.259404 0.008702
v 0.235756 0.259360 0.005598
v 0.237007 0.259404 0.002460
v 0.239511 0.271694 -0.000128
v 0.241825 0.289253 -0.000128
v 0.237007 0.259404 -0.002715
v 0.235756 0.259360 -0.005854
v 0.234422 0.259404 -0.008958
v 0.234362 0.271694 -0.012558
v 0.235999 0.289253 -0.014194
v 0.221932 0.289253 -0.020020
v 0.221932 0.271694 -0.017706
v 0.230762 0.259404 -0.012617
v 0.227658 0.259360 -0.013952
v 0.224520 0.259404 -0.015203
v 0.219686 0.263698 -0.013221
v 0.216959 0.263655 -0.012134
v 0.214263 0.263698 -0.010974
v 0.211086 0.263698 -0.007797
v 0.209926 0.263655 -0.005101
v 0.208839 0.263698 -0.002374
v 0.208839 0.263698 0.002119
v 0.209926 0.263655 0.004845
v 0.211086 0.263698 0.007542
v 0.214263 0.263698 0.010719
v 0.216959 0.263655 0.011878
v 0.219686 0.263698 0.012965
v 0.224179 0.263698 0.012965
v 0.226905 0.263655 0.011878
v 0.229602 0.263698 0.010719
v 0.232779 0.263698 0.007542
v 0.233938 0.263655 0.004845
v 0.235025 0.263698 0.002119
v 0.235025 0.263698 -0.002374
v 0.233938 0.263655 -0.005101
v 0.232779 0.263698 -0.007797
v 0.229602 0.263698 -0.010974
v 0.226905 0.263655 -0.012134
v 0.224179 0.263698 -0.013221
v 0.210622 0.260496 -0.011438
v 0.205936 0.260496 -0.000128
v 0.210622 0.260496 0.011183
v 0.221932 0.260496 0.015868
v 0.233243 0.260496 0.011183
v 0.237928 0.260496 -0.000128
v 0.233243 0.260496 -0.011438
v 0.221932 0.260496 -0.016124
v 0.212119 0.264748 -0.009941
v 0.208055 0.264748 -0.000128
v 0.212119 0.264748 0.009685
v 0.221932 0.264748 0.013750
v 0.231745 0.264748 0.009685
v 0.235810 0.264748 -0.000128
v 0.231745 0.264748 -0.009941
v 0.221932 0.264748 -0.014005
v 0.202811 0.274165 -0.030535
v 0.209177 0.274165 -0.033917
v 0.216069 0.274165 -0.036026
v 0.244552 0.274165 -0.023531
v 0.216069 0.274165 0.036026
v 0.209177 0.274165 0.033917
v 0.202811 0.274165 0.030535
v 0.187199 0.274165 -0.007156
v 0.189308 0.274165 -0.014049
v 0.192691 0.274165 -0.020414
v 0.244552 0.274165 0.023531
v 0.241550 0.274165 0.031891
v 0.236638 0.274165 0.034325
v 0.230302 0.274165 0.036077
v 0.230302 0.274165 -0.036077
v 0.236638 0.274165 -0.034325
v 0.241550 0.274165 -0.031891
v 0.192691 0.274165 0.020414
v 0.189308 0.274165 0.014049
v 0.187199 0.274165 0.007156
v 0.207462 0.285441 -0.024146
v 0.212495 0.285441 -0.026820
v 0.217946 0.285441 -0.028488
v 0.217946 0.262890 -0.028488
v 0.212495 0.262890 -0.026820
v 0.207462 0.262890 -0.024146
v 0.199459 0.285441 0.016143
v 0.196785 0.285441 0.011109
v 0.195117 0.285441 0.005659
v 0.238711 0.283841 0.025902
v 0.234394 0.284966 0.027346
v 0.229224 0.285381 0.028554
v 0.229224 0.262949 0.028554
v 0.234394 0.263365 0.027346
v 0.238711 0.264489 0.025902
v 0.195117 0.262890 0.005659
v 0.196785 0.262890 0.011109
v 0.199459 0.262890 0.016143
v 0.195117 0.285441 -0.005659
v 0.196785 0.285441 -0.011109
v 0.199459 0.285441 -0.016143
v 0.199459 0.262890 -0.016143
v 0.196785 0.262890 -0.011109
v 0.195117 0.262890 -0.005659
v 0.217946 0.285441 0.028488
v 0.212495 0.285441 0.026820
v 0.207462 0.285441 0.024146
v 0.229224 0.285381 -0.028554
v 0.234394 0.284966 -0.027346
v 0.238711 0.283841 -0.025902
v 0.207462 0.262890 0.024146
v 0.212495 0.262890 0.026820
v 0.217946 0.262890 0.028488
v 0.238711 0.264489 -0.025902
v 0.234394 0.263365 -0.027346
v 0.229224 0.262949 -0.028554
v 0.228145 0.274165 -0.021030
v 0.232151 0.274165 -0.020366
v 0.235872 0.274165 -0.019912
v 0.235872 0.274165 0.019912
v 0.232151 0.274165 0.020366
v 0.228145 0.274165 0.021030
v 0.219823 0.274165 0.020950
v 0.215814 0.274165 0.019723
v 0.212113 0.274165 0.017757
v 0.206228 0.274165 0.011871
v 0.204261 0.274165 0.008170
v 0.203034 0.274165 0.004161
v 0.203034 0.274165 -0.004161
v 0.204261 0.274165 -0.008170
v 0.206228 0.274165 -0.011871
v 0.212113 0.274165 -0.017757
v 0.215814 0.274165 -0.019723
v 0.219823 0.274165 -0.020950
v 0.225344 0.252365 -0.017348
v 0.225806 0.269949 -0.019627
v 0.228644 0.252357 -0.016330
v 0.229536 0.269949 -0.018485
v 0.231697 0.252365 -0.014717
v 0.232981 0.269949 -0.016654
v 0.236522 0.252365 -0.009892
v 0.238459 0.269949 -0.011177
v 0.238135 0.252357 -0.006839
v 0.240290 0.269949 -0.007731
v 0.239153 0.252365 -0.003539
v 0.241431 0.269949 -0.004001
v 0.239153 0.252365 0.003284
v 0.241431 0.269949 0.003746
v 0.238135 0.252357 0.006584
v 0.240290 0.269949 0.007476
v 0.236522 0.252365 0.009637
v 0.238459 0.269949 0.010921
v 0.231697 0.252365 0.014462
v 0.232981 0.269949 0.016399
v 0.228644 0.252357 0.016075
v 0.229536 0.269949 0.018229
v 0.225344 0.252365 0.017093
v 0.225806 0.269949 0.019371
v 0.218521 0.252365 0.017093
v 0.218059 0.269949 0.019371
v 0.215221 0.252357 0.016075
v 0.214329 0.269949 0.018229
v 0.212168 0.252365 0.014462
v 0.210883 0.269949 0.016399
v 0.207343 0.252365 0.009637
v 0.205406 0.269949 0.010921
v 0.205730 0.252357 0.006584
v 0.203575 0.269949 0.007476
v 0.204712 0.252365 0.003284
v 0.202433 0.269949 0.003746
v 0.204712 0.252365 -0.003539
v 0.202433 0.269949 -0.004001
v 0.205730 0.252357 -0.006839
v 0.203575 0.269949 -0.007731
v 0.207343 0.252365 -0.009892
v 0.205406 0.269949 -0.011177
v 0.212168 0.252365 -0.014717
v 0.210883 0.269949 -0.016654
v 0.215221 0.252357 -0.016330
v 0.214329 0.269949 -0.018485
v 0.218521 0.252365 -0.017348
v 0.218059 0.269949 -0.019627
v 0.241743 0.285276 0.003807
v 0.240583 0.285276 0.007598
v 0.238723 0.285276 0.011098
v 0.242553 0.286696 0.003968
v 0.241346 0.286696 0.007914
v 0.239410 0.286696 0.011557
v 0.242960 0.285152 0.004049
v 0.241729 0.285152 0.008072
v 0.239755 0.285152 0.011788
v 0.205141 0.285276 0.011098
v 0.203282 0.285276 0.007598
v 0.202122 0.285276 0.003807
v 0.204455 0.286696 0.011557
v 0.202519 0.286696 0.007914
v 0.201312 0.286696 0.003968
v 0.204110 0.285152 0.011788
v 0.202136 0.285152 0.008072
v 0.200904 0.285152 0.004049
v 0.233158 0.285276 0.016663
v 0.229658 0.285276 0.018523
v 0.225868 0.285276 0.019683
v 0.233617 0.286696 0.017350
v 0.229974 0.286696 0.019286
v 0.226028 0.286696 0.020493
v 0.233848 0.285152 0.017695
v 0.230132 0.285152 0.019669
v 0.226109 0.285152 0.020900
v 0.202122 0.285276 -0.004063
v 0.203282 0.285276 -0.007853
v 0.205141 0.285276 -0.011353
v 0.201312 0.286696 -0.004224
v 0.202519 0.286696 -0.008169
v 0.204455 0.286696 -0.011812
v 0.200904 0.285152 -0.004305
v 0.202136 0.285152 -0.008328
v 0.204110 0.285152 -0.012043
v 0.238723 0.285276 -0.011353
v 0.240583 0.285276 -0.007853
v 0.241743 0.285276 -0.004063
v 0.239410 0.286696 -0.011812
v 0.241346 0.286696 -0.008169
v 0.242553 0.286696 -0.004224
v 0.239755 0.285152 -0.012043
v 0.241729 0.285152 -0.008328
v 0.242960 0.285152 -0.004305
v 0.217997 0.285276 0.019683
v 0.214207 0.285276 0.018523
v 0.210707 0.285276 0.016663
v 0.217836 0.286696 0.020493
v 0.213891 0.286696 0.019286
v 0.210248 0.286696 0.017350
v 0.217755 0.285152 0.020900
v 0.213732 0.285152 0.019669
v 0.210017 0.285152 0.017695
v 0.210707 0.285276 -0.016919
v 0.214207 0.285276 -0.018778
v 0.217997 0.285276 -0.019938
v 0.210248 0.286696 -0.017605
v 0.213891 0.286696 -0.019541
v 0.217836 0.286696 -0.020748
v 0.210017 0.285152 -0.017950
v 0.213732 0.285152 -0.019924
v 0.217755 0.285152 -0.021156
v 0.225868 0.285276 -0.019938
v 0.229658 0.285276 -0.018778
v 0.233158 0.285276 -0.016919
v 0.226028 0.286696 -0.020748
v 0.229974 0.286696 -0.019541
v 0.233617 0.286696 -0.017605
v 0.226109 0.285152 -0.021156
v 0.230132 0.285152 -0.019924
v 0.233848 0.285152 -0.017950
v -0.076776 0.425134 -0.114838
v -0.052837 0.425134 -0.127559
v -0.026914 0.425134 -0.135492
v -0.076094 0.416990 -0.113818
v -0.052367 0.416990 -0.126425
v -0.026675 0.416990 -0.134288
v -0.077619 0.408291 -0.116099
v -0.053417 0.408291 -0.128959
v -0.027209 0.408291 -0.136979
v -0.076776 0.503917 -0.114838
v -0.052837 0.503917 -0.127559
v -0.026914 0.503917 -0.135492
v -0.076776 0.492558 -0.114838
v -0.052837 0.492558 -0.127559
v -0.026914 0.492558 -0.135492
v -0.077619 0.487723 -0.116099
v -0.053417 0.487723 -0.128959
v -0.027209 0.487723 -0.136979
v -0.076776 0.582700 -0.114838
v -0.052837 0.582700 -0.127559
v -0.026914 0.582700 -0.135492
v -0.076094 0.574580 -0.113818
v -0.052367 0.574580 -0.126425
v -0.026675 0.574580 -0.134288
v -0.077619 0.566506 -0.116099
v -0.053417 0.566506 -0.128959
v -0.027209 0.566506 -0.136979
v -0.077619 0.666968 -0.116099
v -0.053417 0.666968 -0.128959
v -0.027209 0.666968 -0.136979
v -0.076776 0.661676 -0.114838
v -0.052837 0.661676 -0.127559
v -0.026914 0.661676 -0.135492
v -0.076776 0.650125 -0.114838
v -0.052837 0.650125 -0.127559
v -0.026914 0.650125 -0.135492
v -0.077619 0.645289 -0.116099
v -0.053417 0.645289 -0.128959
v -0.027209 0.645289 -0.136979
v -0.135492 0.425134 -0.026914
v -0.127559 0.425134 -0.052837
v -0.114839 0.425134 -0.076776
v -0.134288 0.416990 -0.026675
v -0.126425 0.416990 -0.052367
v -0.113818 0.416990 -0.076094
v -0.136979 0.408291 -0.027209
v -0.128959 0.408291 -0.053417
v -0.116099 0.408291 -0.077619
v -0.135492 0.503917 -0.026914
v -0.127559 0.503917 -0.052837
v -0.114839 0.503917 -0.076776
v -0.135492 0.492558 -0.026914
v -0.127559 0.492558 -0.052837
v -0.114839 0.492558 -0.076776
v -0.136979 0.487723 -0.027209
v -0.128959 0.487723 -0.053417
v -0.116099 0.487723 -0.077619
v -0.135492 0.582700 -0.026914
v -0.127559 0.582700 -0.052837
v -0.114839 0.582700 -0.076776
v -0.134288 0.574580 -0.026675
v -0.126425 0.574580 -0.052367
v -0.113818 0.574580 -0.076094
v -0.136979 0.566506 -0.027209
v -0.128959 0.566506 -0.053417
v -0.116099 0.566506 -0.077619
v -0.136979 0.666968 -0.027209
v -0.128959 0.666968 -0.053417
v -0.116099 0.666968 -0.077619
v -0.135492 0.661676 -0.026914
v -0.127559 0.661676 -0.052837
v -0.114839 0.661676 -0.076776
v -0.135492 0.650125 -0.026914
v -0.127559 0.650125 -0.052837
v -0.114839 0.650125 -0.076776
v -0.136979 0.645289 -0.027209
v -0.128959 0.645289 -0.053417
v -0.116099 0.645289 -0.077619
v -0.114839 0.425134 0.076776
v -0.127559 0.425134 0.052837
v -0.135492 0.425134 0.026914
v -0.113818 0.416990 0.076094
v -0.126425 0.416990 0.052367
v -0.134288 0.416990 0.026675
v -0.116099 0.408291 0.077619
v -0.128959 0.408291 0.053417
v -0.136979 0.408291 0.027209
v -0.114839 0.503917 0.076776
v -0.127559 0.503917 0.052837
v -0.135492 0.503917 0.026914
v -0.114839 0.492558 0.076776
v -0.127559 0.492558 0.052837
v -0.135492 0.492558 0.026914
v -0.116099 0.487723 0.077619
v -0.128959 0.487723 0.053417
v -0.136979 0.487723 0.027209
v -0.114839 0.582700 0.076776
v -0.127559 0.582700 0.052837
v -0.135492 0.582700 0.026914
v -0.113818 0.574580 0.076094
v -0.126425 0.574580 0.052367
v -0.134288 0.574580 0.026675
v -0.116099 0.566506 0.077619
v -0.128959 0.566506 0.053417
v -0.136979 0.566506 0.027209
v -0.116099 0.666968 0.077619
v -0.128959 0.666968 0.053417
v -0.136979 0.666968 0.027209
v -0.114839 0.661676 0.076776
v -0.127559 0.661676 0.052837
v -0.135492 0.661676 0.026914
v -0.114839 0.650125 0.076776
v -0.127559 0.650125 0.052837
v -0.135492 0.650125 0.026914
v -0.116099 0.645289 0.077619
v -0.128959 0.645289 0.053417
v -0.136979 0.645289 0.027209
v -0.026914 0.425134 0.135492
v -0.052837 0.425134 0.127559
v -0.076776 0.425134 0.114839
v -0.026675 0.416990 0.134288
v -0.052367 0.416990 0.126425
v -0.076094 0.416990 0.113818
v -0.027209 0.408291 0.136979
v -0.053417 0.408291 0.128959
v -0.077619 0.408291 0.116099
v -0.026914 0.503917 0.135492
v -0.052837 0.503917 0.127559
v -0.076776 0.503917 0.114839
v -0.026914 0.492558 0.135492
v -0.052837 0.492558 0.127559
v -0.076776 0.492558 0.114839
v -0.027209 0.487723 0.136979
v -0.053417 0.487723 0.128959
v -0.077619 0.487723 0.116099
v -0.026914 0.582700 0.135492
v -0.052837 0.582700 0.127559
v -0.076776 0.582700 0.114839
v -0.026675 0.574580 0.134288
v -0.052367 0.574580 0.126425
v -0.076094 0.574580 0.113818
v -0.027209 0.566506 0.136979
v -0.053417 0.566506 0.128959
v -0.077619 0.566506 0.116099
v -0.027209 0.666968 0.136979
v -0.053417 0.666968 0.128959
v -0.077619 0.666968 0.116099
v -0.026914 0.661676 0.135492
v -0.052837 0.661676 0.127559
v -0.076776 0.661676 0.114839
v -0.026914 0.650125 0.135492
v -0.052837 0.650125 0.127559
v -0.076776 0.650125 0.114839
v -0.027209 0.645289 0.136979
v -0.053417 0.645289 0.128959
v -0.077619 0.645289 0.116099
v 0.076776 0.425134 0.114839
v 0.052837 0.425134 0.127559
v 0.026914 0.425134 0.135492
v 0.076094 0.416990 0.113818
v 0.052367 0.416990 0.126425
v 0.026675 0.416990 0.134288
v 0.077619 0.408291 0.116099
v 0.053417 0.408291 0.128959
v 0.027209 0.408291 0.136979
v 0.076776 0.503917 0.114839
v 0.052837 0.503917 0.127559
v 0.026914 0.503917 0.135492
v 0.076776 0.492558 0.114839
v 0.052837 0.492558 0.127559
v 0.026914 0.492558 0.135492
v 0.077619 0.487723 0.116099
v 0.053417 0.487723 0.128959
v 0.027209 0.487723 0.136979
v 0.076776 0.582700 0.114839
v 0.052837 0.582700 0.127559
v 0.026914 0.582700 0.135492
v 0.076094 0.574580 0.113818
v 0.052367 0.574580 0.126425
v 0.026675 0.574580 0.134288
v 0.077619 0.566506 0.116099
v 0.053417 0.566506 0.128959
v 0.027209 0.566506 0.136979
v 0.077619 0.666968 0.116099
v 0.053417 0.666968 0.128959
v 0.027209 0.666968 0.136979
v 0.076776 0.661676 0.114839
v 0.052837 0.661676 0.127559
v 0.026914 0.661676 0.135492
v 0.076776 0.650125 0.114839
v 0.052837 0.650125 0.127559
v 0.026914 0.650125 0.135492
v 0.077619 0.645289 0.116099
v 0.053417 0.645289 0.128959
v 0.027209 0.645289 0.136979
v 0.135492 0.425134 0.026914
v 0.127559 0.425134 0.052837
v 0.114838 0.425134 0.076776
v 0.134288 0.416990 0.026675
v 0.126425 0.416990 0.052367
v 0.113818 0.416990 0.076094
v 0.136979 0.408291 0.027209
v 0.128959 0.408291 0.053417
v 0.116099 0.408291 0.077619
v 0.135492 0.503917 0.026914
v 0.127559 0.503917 0.052837
v 0.114838 0.503917 0.076776
v 0.135492 0.492558 0.026914
v 0.127559 0.492558 0.052837
v 0.114838 0.492558 0.076776
v 0.136979 0.487723 0.027209
v 0.128959 0.487723 0.053417
v 0.116099 0.487723 0.077619
v 0.135492 0.582700 0.026914
v 0.127559 0.582700 0.052837
v 0.114838 0.582700 0.076776
v 0.134288 0.574580 0.026675
v 0.126425 0.574580 0.052367
v 0.113818 0.574580 0.076094
v 0.136979 0.566506 0.027209
v 0.128959 0.566506 0.053417
v 0.116099 0.566506 0.077619
v 0.136979 0.666968 0.027209
v 0.128959 0.666968 0.053417
v 0.116099 0.666968 0.077619
v 0.135492 0.661676 0.026914
v 0.127559 0.661676 0.052837
v 0.114838 0.661676 0.076776
v 0.135492 0.650125 0.026914
v 0.127559 0.650125 0.052837
v 0.114838 0.650125 0.076776
v 0.136979 0.645289 0.027209
v 0.128959 0.645289 0.053417
v 0.116099 0.645289 0.077619
v 0.026914 0.425134 -0.135492
v 0.052837 0.425134 -0.127559
v 0.076776 0.425134 -0.114839
v 0.026675 0.416990 -0.134288
v 0.052367 0.416990 -0.126425
v 0.076094 0.416990 -0.113818
v 0.027209 0.408291 -0.136979
v 0.053417 0.408291 -0.128959
v 0.077619 0.408291 -0.116099
v 0.026914 0.503917 -0.135492
v 0.052837 0.503917 -0.127559
v 0.076776 0.503917 -0.114839
v 0.026914 0.492558 -0.135492
v 0.052837 0.492558 -0.127559
v 0.076776 0.492558 -0.114838
v 0.027209 0.487723 -0.136979
v 0.053417 0.487723 -0.128959
v 0.077619 0.487723 -0.116099
v 0.026914 0.582700 -0.135492
v 0.052837 0.582700 -0.127559
v 0.076776 0.582700 -0.114839
v 0.026675 0.574580 -0.134288
v 0.052367 0.574580 -0.126425
v 0.076094 0.574580 -0.113818
v 0.027209 0.566506 -0.136979
v 0.053417 0.566506 -0.128959
v 0.077619 0.566506 -0.116099
v 0.027209 0.666968 -0.136979
v 0.053417 0.666968 -0.128959
v 0.077619 0.666968 -0.116099
v 0.026914 0.661676 -0.135492
v 0.052837 0.661676 -0.127559
v 0.076776 0.661676 -0.114839
v 0.026914 0.650125 -0.135492
v 0.052837 0.650125 -0.127559
v 0.076776 0.650125 -0.114838
v 0.027209 0.645289 -0.136979
v 0.053417 0.645289 -0.128959
v 0.077619 0.645289 -0.116099
v 0.114839 0.425134 -0.076776
v 0.127559 0.425134 -0.052837
v 0.135492 0.425134 -0.026914
v 0.113818 0.416990 -0.076094
v 0.126425 0.416990 -0.052367
v 0.134288 0.416990 -0.026675
v 0.116099 0.408291 -0.077619
v 0.128959 0.408291 -0.053417
v 0.136979 0.408291 -0.027209
v 0.114839 0.503917 -0.076776
v 0.127559 0.503917 -0.052837
v 0.135492 0.503917 -0.026914
v 0.114838 0.492558 -0.076776
v 0.127559 0.492558 -0.052837
v 0.135492 0.492558 -0.026914
v 0.116099 0.487723 -0.077619
v 0.128959 0.487723 -0.053417
v 0.136979 0.487723 -0.027209
v 0.114839 0.582700 -0.076776
v 0.127559 0.582700 -0.052837
v 0.135492 0.582700 -0.026914
v 0.113818 0.574580 -0.076094
v 0.126425 0.574580 -0.052367
v 0.134288 0.574580 -0.026675
v 0.116099 0.566506 -0.077619
v 0.128959 0.566506 -0.053417
v 0.136979 0.566506 -0.027209
v 0.116099 0.666968 -0.077619
v 0.128959 0.666968 -0.053417
v 0.136979 0.666968 -0.027209
v 0.114839 0.661676 -0.076776
v 0.127559 0.661676 -0.052837
v 0.135492 0.661676 -0.026914
v 0.114838 0.650125 -0.076776
v 0.127559 0.650125 -0.052837
v 0.135492 0.650125 -0.026914
v 0.116099 0.645289 -0.077619
v 0.128959 0.645289 -0.053417
v 0.136979 0.645289 -0.027209
v 0.027650 0.686664 -0.139198
v 0.027739 0.701067 -0.139647
v 0.054282 0.686664 -0.131048
v 0.054457 0.701067 -0.131470
v 0.078876 0.686664 -0.117980
v 0.079131 0.701067 -0.118360
v 0.118200 0.616413 -0.079024
v 0.131292 0.616413 -0.054383
v 0.139458 0.616413 -0.027702
v 0.117980 0.686664 -0.078876
v 0.118360 0.701067 -0.079131
v 0.131048 0.686664 -0.054282
v 0.131470 0.701067 -0.054457
v 0.139198 0.686664 -0.027650
v 0.139647 0.701067 -0.027739
v 0.027702 0.616413 -0.139458
v 0.054383 0.616413 -0.131292
v 0.079024 0.616413 -0.118200
v 0.027645 0.526008 -0.139175
v 0.027702 0.537629 -0.139458
v 0.054273 0.526008 -0.131026
v 0.054383 0.537629 -0.131292
v 0.078863 0.526008 -0.117960
v 0.079024 0.537629 -0.118200
v 0.117960 0.526008 -0.078863
v 0.118200 0.537629 -0.079024
v 0.131026 0.526008 -0.054273
v 0.131292 0.537629 -0.054383
v 0.139175 0.526008 -0.027645
v 0.139458 0.537629 -0.027702
v 0.027645 0.447225 -0.139175
v 0.027702 0.458846 -0.139458
v 0.054273 0.447225 -0.131026
v 0.054383 0.458846 -0.131292
v 0.078863 0.447225 -0.117960
v 0.079024 0.458846 -0.118200
v 0.117960 0.447225 -0.078863
v 0.118200 0.458846 -0.079024
v 0.131026 0.447225 -0.054273
v 0.131292 0.458846 -0.054383
v 0.139175 0.447225 -0.027645
v 0.139458 0.458846 -0.027702
v 0.118360 0.374191 -0.079131
v 0.117980 0.388595 -0.078876
v 0.131470 0.374191 -0.054457
v 0.131048 0.388595 -0.054282
v 0.139647 0.374191 -0.027739
v 0.139198 0.388595 -0.027650
v 0.027739 0.374191 -0.139647
v 0.027650 0.388595 -0.139198
v 0.054457 0.374191 -0.131470
v 0.054282 0.388595 -0.131048
v 0.079131 0.374191 -0.118360
v 0.078876 0.388595 -0.117980
v -0.079131 0.374191 -0.118360
v -0.078876 0.388595 -0.117980
v -0.054457 0.374191 -0.131470
v -0.054282 0.388595 -0.131048
v -0.027739 0.374191 -0.139647
v -0.027650 0.388595 -0.139198
v -0.078863 0.447225 -0.117960
v -0.079024 0.458846 -0.118200
v -0.054273 0.447225 -0.131026
v -0.054383 0.458846 -0.131292
v -0.027645 0.447225 -0.139175
v -0.027702 0.458846 -0.139458
v -0.078863 0.526008 -0.117960
v -0.079024 0.537629 -0.118200
v -0.054273 0.526008 -0.131026
v -0.054383 0.537629 -0.131292
v -0.027645 0.526008 -0.139175
v -0.027702 0.537629 -0.139458
v -0.079024 0.616413 -0.118200
v -0.054383 0.616413 -0.131292
v -0.027702 0.616413 -0.139458
v -0.078876 0.686664 -0.117980
v -0.079131 0.701067 -0.118360
v -0.054282 0.686664 -0.131048
v -0.054457 0.701067 -0.131470
v -0.027650 0.686664 -0.139198
v -0.027739 0.701067 -0.139647
v 0.139198 0.686664 0.027650
v 0.139647 0.701067 0.027739
v 0.131048 0.686664 0.054282
v 0.131470 0.701067 0.054457
v 0.117980 0.686664 0.078876
v 0.118360 0.701067 0.079131
v 0.139458 0.616413 0.027702
v 0.131292 0.616413 0.054383
v 0.118200 0.616413 0.079024
v 0.139175 0.526008 0.027645
v 0.139458 0.537629 0.027702
v 0.131026 0.526008 0.054273
v 0.131292 0.537629 0.054383
v 0.117960 0.526008 0.078863
v 0.118200 0.537629 0.079024
v 0.139175 0.447225 0.027645
v 0.139458 0.458846 0.027702
v 0.131026 0.447225 0.054273
v 0.131292 0.458846 0.054383
v 0.117960 0.447225 0.078863
v 0.118200 0.458846 0.079024
v 0.139647 0.374191 0.027739
v 0.139198 0.388595 0.027650
v 0.131470 0.374191 0.054457
v 0.131048 0.388595 0.054282
v 0.118360 0.374191 0.079131
v 0.117980 0.388595 0.078876
v 0.078876 0.686664 0.117980
v 0.079131 0.701067 0.118360
v 0.054282 0.686664 0.131048
v 0.054457 0.701067 0.131470
v 0.027650 0.686664 0.139198
v 0.027739 0.701067 0.139647
v 0.079024 0.616413 0.118200
v 0.054383 0.616413 0.131292
v 0.027702 0.616413 0.139458
v 0.078863 0.526008 0.117960
v 0.079024 0.537629 0.118200
v 0.054273 0.526008 0.131026
v 0.054383 0.537629 0.131292
v 0.027645 0.526008 0.139175
v 0.027702 0.537629 0.139458
v 0.078863 0.447225 0.117960
v 0.079024 0.458846 0.118200
v 0.054273 0.447225 0.131026
v 0.054383 0.458846 0.131292
v 0.027645 0.447225 0.139175
v 0.027702 0.458846 0.139458
v 0.079131 0.374191 0.118360
v 0.078876 0.388595 0.117980
v 0.054457 0.374191 0.131470
v 0.054282 0.388595 0.131048
v 0.027739 0.374191 0.139647
v 0.027650 0.388595 0.139198
v -0.027650 0.686664 0.139198
v -0.027739 0.701067 0.139647
v -0.054282 0.686664 0.131048
v -0.054457 0.701067 0.131470
v -0.078876 0.686664 0.117980
v -0.079131 0.701067 0.118360
v -0.027702 0.616413 0.139458
v -0.054383 0.616413 0.131292
v -0.079024 0.616413 0.118200
v -0.027645 0.526008 0.139175
v -0.027702 0.537629 0.139458
v -0.054273 0.526008 0.131026
v -0.054383 0.537629 0.131292
v -0.078863 0.526008 0.117960
v -0.079024 0.537629 0.118200
v -0.027645 0.447225 0.139175
v -0.027702 0.458846 0.139458
v -0.054273 0.447225 0.131026
v -0.054383 0.458846 0.131292
v -0.078863 0.447225 0.117960
v -0.079024 0.458846 0.118200
v -0.027739 0.374191 0.139647
v -0.027650 0.388595 0.139198
v -0.054457 0.374191 0.131470
v -0.054282 0.388595 0.131048
v -0.079131 0.374191 0.118360
v -0.078876 0.388595 0.117980
v -0.117980 0.686664 0.078876
v -0.118360 0.701067 0.079131
v -0.131048 0.686664 0.054282
v -0.131470 0.701067 0.054457
v -0.139198 0.686664 0.027650
v -0.139647 0.701067 0.027739
v -0.118200 0.616413 0.079024
v -0.131292 0.616413 0.054383
v -0.139458 0.616413 0.027702
v -0.117960 0.526008 0.078863
v -0.118200 0.537629 0.079024
v -0.131026 0.526008 0.054273
v -0.131292 0.537629 0.054383
v -0.139175 0.526008 0.027645
v -0.139458 0.537629 0.027702
v -0.117960 0.447225 0.078863
v -0.118200 0.458846 0.079024
v -0.131026 0.447225 0.054273
v -0.131292 0.458846 0.054383
v -0.139175 0.447225 0.027645
v -0.139458 0.458846 0.027702
v -0.118360 0.374191 0.079131
v -0.117980 0.388595 0.078876
v -0.131470 0.374191 0.054457
v -0.131048 0.388595 0.054282
v -0.139647 0.374191 0.027739
v -0.139198 0.388595 0.027650
v -0.139198 0.686664 -0.027650
v -0.139647 0.701067 -0.027739
v -0.131048 0.686664 -0.054282
v -0.131470 0.701067 -0.054457
v -0.117980 0.686664 -0.078876
v -0.118360 0.701067 -0.079131
v -0.139458 0.616413 -0.027702
v -0.131292 0.616413 -0.054383
v -0.118200 0.616413 -0.079024
v -0.139175 0.526008 -0.027645
v -0.139458 0.537629 -0.027702
v -0.131026 0.526008 -0.054273
v -0.131292 0.537629 -0.054383
v -0.117960 0.526008 -0.078863
v -0.118200 0.537629 -0.079024
v -0.139175 0.447225 -0.027645
v -0.139458 0.458846 -0.027702
v -0.131026 0.447225 -0.054273
v -0.131292 0.458846 -0.054383
v -0.117960 0.447225 -0.078863
v -0.118200 0.458846 -0.079024
v -0.139647 0.374191 -0.027739
v -0.139198 0.388595 -0.027650
v -0.131470 0.374191 -0.054457
v -0.131048 0.388595 -0.054282
v -0.118360 0.374191 -0.079131
v -0.117980 0.388595 -0.078876
v 0.001573 0.153374 0.124858
v 0.011386 0.153374 0.128923
v 0.015451 0.153374 0.138736
v 0.011386 0.153374 0.148549
v 0.001573 0.153374 0.152613
v -0.008240 0.153374 0.148549
v -0.012304 0.153374 0.138736
v -0.008240 0.153374 0.128923
v 0.001573 0.149121 0.122740
v 0.012884 0.149121 0.127425
v 0.017569 0.149121 0.138736
v 0.012884 0.149121 0.150046
v 0.001573 0.149121 0.154732
v -0.009737 0.149121 0.150046
v -0.014423 0.149121 0.138736
v -0.009737 0.149121 0.127425
v 0.003820 0.152323 0.125643
v 0.006546 0.152281 0.126730
v 0.009243 0.152323 0.127889
v 0.012420 0.152323 0.131066
v 0.013579 0.152281 0.133763
v 0.014666 0.152323 0.136489
v 0.014666 0.152323 0.140982
v 0.013579 0.152281 0.143709
v 0.012420 0.152323 0.146405
v 0.009243 0.152323 0.149582
v 0.006546 0.152281 0.150742
v 0.003820 0.152323 0.151829
v -0.000673 0.152323 0.151829
v -0.003400 0.152281 0.150742
v -0.006096 0.152323 0.149582
v -0.009273 0.152323 0.146405
v -0.010433 0.152281 0.143709
v -0.011520 0.152323 0.140982
v -0.011520 0.152323 0.136489
v -0.010433 0.152281 0.133763
v -0.009273 0.152323 0.131066
v -0.006096 0.152323 0.127889
v -0.003400 0.152281 0.126730
v -0.000673 0.152323 0.125643
v 0.004161 0.148029 0.123661
v 0.007299 0.147985 0.124912
v 0.010403 0.148029 0.126246
v 0.001573 0.160320 0.121157
v 0.001573 0.177878 0.118843
v 0.015639 0.177878 0.124670
v 0.014003 0.160320 0.126306
v 0.014063 0.148029 0.129906
v 0.015397 0.147985 0.133010
v 0.016648 0.148029 0.136148
v 0.021466 0.177878 0.138736
v 0.019152 0.160320 0.138736
v 0.016648 0.148029 0.141323
v 0.015397 0.147985 0.144462
v 0.014063 0.148029 0.147566
v 0.015639 0.177878 0.152802
v 0.014003 0.160320 0.151166
v 0.010403 0.148029 0.151225
v 0.007299 0.147985 0.152560
v 0.004161 0.148029 0.153811
v 0.001573 0.177878 0.158628
v 0.001573 0.160320 0.156314
v -0.001014 0.148029 0.153811
v -0.004153 0.147985 0.152560
v -0.007257 0.148029 0.151225
v -0.012493 0.177878 0.152802
v -0.010857 0.160320 0.151166
v -0.010916 0.148029 0.147566
v -0.012251 0.147985 0.144462
v -0.013502 0.148029 0.141323
v -0.018319 0.177878 0.138736
v -0.016005 0.160320 0.138736
v -0.013502 0.148029 0.136148
v -0.012251 0.147985 0.133010
v -0.010916 0.148029 0.129906
v -0.012493 0.177878 0.124670
v -0.010857 0.160320 0.126306
v -0.007257 0.148029 0.126246
v -0.004153 0.147985 0.124912
v -0.001014 0.148029 0.123661
v 0.015864 0.193205 0.153027
v 0.016449 0.194625 0.153611
v 0.016742 0.193081 0.153905
v 0.023026 0.193081 0.138736
v 0.022610 0.194625 0.138736
v 0.021784 0.193205 0.138736
v -0.018637 0.193205 0.138736
v -0.019464 0.194625 0.138736
v -0.019879 0.193081 0.138736
v -0.013596 0.193081 0.153905
v -0.013302 0.194625 0.153611
v -0.012718 0.193205 0.153027
v 0.001573 0.193205 0.158946
v 0.001573 0.194625 0.159773
v 0.001573 0.193081 0.160188
v -0.012718 0.193205 0.124445
v -0.013302 0.194625 0.123860
v -0.013596 0.193081 0.123567
v 0.016742 0.193081 0.123567
v 0.016449 0.194625 0.123860
v 0.015865 0.193205 0.124445
v 0.001573 0.193205 0.118525
v 0.001573 0.194625 0.117699
v 0.001573 0.193081 0.117283
v 0.004985 0.160295 0.121515
v 0.005447 0.177878 0.119237
v 0.008285 0.160286 0.122533
v 0.009177 0.177878 0.120379
v 0.011338 0.160295 0.124146
v 0.012622 0.177878 0.122209
v 0.016163 0.160295 0.128971
v 0.018100 0.177878 0.127687
v 0.017776 0.160286 0.132024
v 0.019930 0.177878 0.131132
v 0.018794 0.160295 0.135324
v 0.021072 0.177878 0.134862
v 0.018794 0.160295 0.142147
v 0.021072 0.177878 0.142609
v 0.017776 0.160286 0.145447
v 0.019930 0.177878 0.146339
v 0.016163 0.160295 0.148500
v 0.018100 0.177878 0.149785
v 0.011338 0.160295 0.153325
v 0.012622 0.177878 0.155262
v 0.008285 0.160286 0.154938
v 0.009177 0.177878 0.157093
v 0.004985 0.160295 0.155956
v 0.005447 0.177878 0.158235
v -0.001838 0.160295 0.155956
v -0.002300 0.177878 0.158235
v -0.005138 0.160286 0.154938
v -0.006030 0.177878 0.157093
v -0.008191 0.160295 0.153325
v -0.009476 0.177878 0.155262
v -0.013016 0.160295 0.148500
v -0.014953 0.177878 0.149785
v -0.014629 0.160286 0.145447
v -0.016784 0.177878 0.146339
v -0.015647 0.160295 0.142147
v -0.017926 0.177878 0.142609
v -0.015647 0.160295 0.135324
v -0.017926 0.177878 0.134862
v -0.014629 0.160286 0.132024
v -0.016784 0.177878 0.131132
v -0.013016 0.160295 0.128971
v -0.014953 0.177878 0.127687
v -0.008191 0.160295 0.124146
v -0.009476 0.177878 0.122209
v -0.005138 0.160286 0.122533
v -0.006030 0.177878 0.120379
v -0.001838 0.160295 0.121515
v -0.002300 0.177878 0.119237
v 0.021384 0.193205 0.142671
v 0.020224 0.193205 0.146461
v 0.018364 0.193205 0.149961
v 0.022194 0.194625 0.142832
v 0.020987 0.194625 0.146777
v 0.019051 0.194625 0.150420
v 0.022601 0.193081 0.142913
v 0.021370 0.193081 0.146936
v 0.019396 0.193081 0.150651
v -0.015218 0.193205 0.149961
v -0.017077 0.193205 0.146461
v -0.018237 0.193205 0.142671
v -0.015904 0.194625 0.150420
v -0.017840 0.194625 0.146777
v -0.019047 0.194625 0.142832
v -0.016249 0.193081 0.150651
v -0.018223 0.193081 0.146936
v -0.019455 0.193081 0.142913
v 0.012799 0.193205 0.155527
v 0.009299 0.193205 0.157386
v 0.005508 0.193205 0.158546
v 0.013258 0.194625 0.156213
v 0.009615 0.194625 0.158149
v 0.005669 0.194625 0.159356
v 0.013489 0.193081 0.156558
v 0.009773 0.193081 0.158532
v 0.005750 0.193081 0.159764
v -0.018237 0.193205 0.134801
v -0.017077 0.193205 0.131010
v -0.015218 0.193205 0.127510
v -0.019047 0.194625 0.134640
v -0.017840 0.194625 0.130694
v -0.015904 0.194625 0.127051
v -0.019455 0.193081 0.134559
v -0.018223 0.193081 0.130536
v -0.016249 0.193081 0.126820
v 0.018364 0.193205 0.127510
v 0.020224 0.193205 0.131010
v 0.021384 0.193205 0.134801
v 0.019051 0.194625 0.127051
v 0.020987 0.194625 0.130694
v 0.022194 0.194625 0.134640
v 0.019396 0.193081 0.126820
v 0.021370 0.193081 0.130536
v 0.022601 0.193081 0.134559
v -0.002362 0.193205 0.158546
v -0.006152 0.193205 0.157386
v -0.009652 0.193205 0.155527
v -0.002523 0.194625 0.159356
v -0.006468 0.194625 0.158149
v -0.010111 0.194625 0.156213
v -0.002604 0.193081 0.159764
v -0.006627 0.193081 0.158532
v -0.010342 0.193081 0.156558
v -0.009652 0.193205 0.121945
v -0.006152 0.193205 0.120085
v -0.002362 0.193205 0.118925
v -0.010111 0.194625 0.121258
v -0.006468 0.194625 0.119322
v -0.002523 0.194625 0.118115
v -0.010342 0.193081 0.120913
v -0.006627 0.193081 0.118939
v -0.002604 0.193081 0.117708
v 0.005509 0.193205 0.118925
v 0.009299 0.193205 0.120085
v 0.012799 0.193205 0.121945
v 0.005669 0.194625 0.118115
v 0.009615 0.194625 0.119322
v 0.013258 0.194625 0.121258
v 0.005750 0.193081 0.117708
v 0.009773 0.193081 0.118939
v 0.013489 0.193081 0.120913
vn -0.0000 -1.0000 -0.0000
vn -0.0076 -0.9990 0.0440
vn -0.0175 -0.9986 0.0509
vn -0.0509 -0.9986 0.0175
vn -0.0440 -0.9990 0.0076
vn -0.0847 -0.9928 0.0847
vn -0.0000 -0.9991 0.0424
vn -0.0000 -0.9967 0.0812
vn -0.0124 -0.9964 0.0837
vn -0.0272 -0.9953 0.0928
vn -0.0679 -0.9906 0.1187
vn -0.1733 -0.9695 0.1733
vn -0.1187 -0.9906 0.0679
vn -0.0928 -0.9953 0.0272
vn -0.0837 -0.9964 0.0124
vn -0.0424 -0.9991 -0.0000
vn -0.0812 -0.9967 -0.0000
vn -0.7427 0.0096 0.6696
vn -0.7188 0.0006 0.6953
vn -0.8718 0.0001 0.4898
vn -0.8746 0.0019 0.4849
vn -0.7358 -0.0089 0.6771
vn -0.8743 -0.0018 0.4855
vn -0.9811 -0.0000 0.1935
vn -0.9812 0.0002 0.1930
vn -0.9812 -0.0002 0.1930
vn -0.6866 0.0208 0.7267
vn -0.4326 0.0227 0.9013
vn -0.7554 0.0128 0.6551
vn -0.4042 0.0016 0.9147
vn -0.4076 -0.0211 0.9129
vn -0.6824 -0.0228 0.7306
vn -0.7534 -0.0139 0.6575
vn -0.8767 -0.0026 0.4811
vn -0.9813 -0.0002 0.1926
vn -0.8768 0.0025 0.4809
vn -0.9813 0.0002 0.1926
vn -0.5222 -0.0000 -0.8528
vn -0.7071 -0.0000 -0.7071
vn -0.8528 -0.0000 -0.5222
vn -1.0000 -0.0000 -0.0023
vn 0.9253 -0.0000 -0.3792
vn 0.7071 -0.0000 -0.7071
vn 0.5222 -0.0000 -0.8528
vn 0.9951 -0.0000 -0.0986
vn -0.0000 -0.0000 -1.0000
vn 0.7358 -0.0089 0.6771
vn 0.7188 0.0006 0.6953
vn 0.8718 0.0001 0.4898
vn 0.8742 -0.0018 0.4855
vn 0.7427 0.0096 0.6696
vn 0.8746 0.0019 0.4849
vn 0.9778 -0.0000 0.2097
vn 0.9779 -0.0002 0.2093
vn 0.9779 0.0002 0.2092
vn 0.6824 -0.0228 0.7306
vn 0.4076 -0.0211 0.9129
vn 0.7534 -0.0139 0.6575
vn 0.4042 0.0016 0.9147
vn 0.4326 0.0227 0.9013
vn 0.6866 0.0208 0.7267
vn 0.7554 0.0128 0.6551
vn 0.8768 0.0025 0.4809
vn 0.9780 0.0002 0.2088
vn 0.8767 -0.0026 0.4811
vn 0.9780 -0.0002 0.2088
vn -1.0000 0.0001 -0.0023
vn -1.0000 -0.0001 -0.0023
vn -0.0000 1.0000 -0.0000
vn 0.0440 -0.9990 0.0076
vn 0.0509 -0.9986 0.0175
vn 0.0847 -0.9928 0.0847
vn 0.0175 -0.9986 0.0509
vn 0.0076 -0.9990 0.0440
vn 0.0812 -0.9967 -0.0000
vn 0.0837 -0.9964 0.0124
vn 0.0424 -0.9991 -0.0000
vn 0.0928 -0.9953 0.0272
vn 0.1187 -0.9906 0.0679
vn 0.1733 -0.9695 0.1733
vn 0.0679 -0.9906 0.1187
vn 0.0272 -0.9953 0.0928
vn 0.0124 -0.9964 0.0837
vn -0.0076 -0.9990 -0.0440
vn -0.0175 -0.9986 -0.0509
vn -0.0509 -0.9986 -0.0175
vn -0.0847 -0.9928 -0.0847
vn -0.0440 -0.9990 -0.0076
vn -0.0000 -0.9967 -0.0812
vn -0.0000 -0.9991 -0.0424
vn -0.0124 -0.9964 -0.0837
vn -0.0837 -0.9964 -0.0124
vn -0.0928 -0.9953 -0.0272
vn -0.1187 -0.9906 -0.0679
vn -0.0679 -0.9906 -0.1187
vn -0.1733 -0.9695 -0.1733
vn -0.0272 -0.9953 -0.0928
vn 0.0847 -0.9928 -0.0847
vn 0.0509 -0.9986 -0.0175
vn 0.0175 -0.9986 -0.0509
vn 0.0440 -0.9990 -0.0076
vn 0.0076 -0.9990 -0.0440
vn 0.1733 -0.9695 -0.1733
vn 0.1187 -0.9906 -0.0679
vn 0.0679 -0.9906 -0.1187
vn 0.0928 -0.9953 -0.0272
vn 0.0837 -0.9964 -0.0124
vn 0.0124 -0.9964 -0.0837
vn 0.0272 -0.9953 -0.0928
vn 0.1542 -0.0049 0.9880
vn 0.1273 -0.0240 0.9916
vn -0.1273 -0.0240 0.9916
vn -0.1542 -0.0049 0.9880
vn -0.0555 -0.0220 0.9982
vn -0.0396 -0.0157 0.9991
vn -0.1729 0.0117 0.9849
vn -0.0297 0.0055 0.9995
vn -0.1211 0.0223 0.9924
vn -0.0000 -0.0000 1.0000
vn 0.1729 0.0117 0.9849
vn 0.1211 0.0223 0.9924
vn 0.0297 0.0055 0.9995
vn 0.0396 -0.0157 0.9991
vn 0.0555 -0.0220 0.9982
vn 1.0000 -0.0000 -0.0000
vn -1.0000 -0.0000 -0.0000
vn 0.9350 -0.0000 -0.3547
vn 0.7071 -0.0000 0.7071
vn 0.9350 -0.0000 0.3547
vn -0.4999 0.3434 0.7951
vn -0.4940 0.1665 0.8534
vn -0.6977 0.1629 0.6977
vn -0.6642 0.3429 0.6642
vn 0.2251 -0.1546 -0.9620
vn 0.1970 -0.1164 -0.9735
vn 0.3801 -0.1165 -0.9176
vn 0.3776 -0.1628 -0.9116
vn 0.5491 -0.1164 -0.8276
vn 0.5211 -0.1546 -0.8394
vn -0.0000 -0.1631 -0.9866
vn -0.0000 -0.1467 -0.9892
vn 0.2618 -0.1803 -0.9481
vn -0.0000 -0.1164 -0.9932
vn 0.7023 -0.1164 -0.7023
vn 0.6995 -0.1467 -0.6995
vn 0.4853 -0.1803 -0.8555
vn 0.6976 -0.1631 -0.6976
vn 0.3754 -0.1947 -0.9062
vn 0.8394 -0.1546 -0.5211
vn 0.8276 -0.1164 -0.5491
vn 0.9176 -0.1165 -0.3801
vn 0.9116 -0.1628 -0.3776
vn 0.9735 -0.1164 -0.1970
vn 0.9620 -0.1546 -0.2251
vn 0.8555 -0.1803 -0.4853
vn 0.9932 -0.1164 -0.0000
vn 0.9892 -0.1467 -0.0000
vn 0.9481 -0.1803 -0.2618
vn 0.9866 -0.1631 -0.0000
vn 0.9062 -0.1947 -0.3754
vn 0.9620 -0.1546 0.2251
vn 0.9735 -0.1164 0.1970
vn 0.9176 -0.1165 0.3801
vn 0.9116 -0.1628 0.3776
vn 0.8276 -0.1164 0.5491
vn 0.8394 -0.1546 0.5211
vn 0.9481 -0.1803 0.2618
vn 0.7023 -0.1164 0.7023
vn 0.6995 -0.1467 0.6995
vn 0.8555 -0.1803 0.4853
vn 0.6976 -0.1631 0.6976
vn 0.9062 -0.1947 0.3754
vn 0.5211 -0.1546 0.8394
vn 0.5491 -0.1164 0.8276
vn 0.3801 -0.1165 0.9176
vn 0.3776 -0.1628 0.9116
vn 0.1970 -0.1164 0.9735
vn 0.2251 -0.1546 0.9620
vn 0.4853 -0.1803 0.8555
vn -0.0000 -0.1164 0.9932
vn -0.0000 -0.1467 0.9892
vn 0.2618 -0.1803 0.9481
vn -0.0000 -0.1631 0.9866
vn 0.3754 -0.1947 0.9062
vn -0.2251 -0.1546 0.9620
vn -0.1970 -0.1164 0.9735
vn -0.3801 -0.1165 0.9176
vn -0.3776 -0.1628 0.9116
vn -0.5491 -0.1164 0.8276
vn -0.5211 -0.1546 0.8394
vn -0.2618 -0.1803 0.9481
vn -0.7023 -0.1164 0.7023
vn -0.6995 -0.1467 0.6995
vn -0.4853 -0.1803 0.8555
vn -0.6976 -0.1631 0.6976
vn -0.3754 -0.1947 0.9062
vn -0.8394 -0.1546 0.5211
vn -0.8276 -0.1164 0.5491
vn -0.9176 -0.1165 0.3801
vn -0.9116 -0.1628 0.3776
vn -0.9735 -0.1164 0.1970
vn -0.9620 -0.1546 0.2251
vn -0.8555 -0.1803 0.4853
vn -0.9932 -0.1164 -0.0000
vn -0.9892 -0.1467 -0.0000
vn -0.9481 -0.1803 0.2618
vn -0.9866 -0.1631 -0.0000
vn -0.9062 -0.1947 0.3754
vn -0.9620 -0.1546 -0.2251
vn -0.9735 -0.1164 -0.1970
vn -0.9176 -0.1165 -0.3801
vn -0.9116 -0.1628 -0.3776
vn -0.8276 -0.1164 -0.5491
vn -0.8394 -0.1546 -0.5211
vn -0.9481 -0.1803 -0.2618
vn -0.7023 -0.1164 -0.7023
vn -0.6995 -0.1467 -0.6995
vn -0.8555 -0.1803 -0.4853
vn -0.6976 -0.1631 -0.6976
vn -0.9062 -0.1947 -0.3754
vn -0.5211 -0.1546 -0.8394
vn -0.5491 -0.1164 -0.8276
vn -0.3801 -0.1165 -0.9176
vn -0.3776 -0.1628 -0.9116
vn -0.1970 -0.1164 -0.9735
vn -0.2251 -0.1546 -0.9620
vn -0.4853 -0.1803 -0.8555
vn 0.5515 0.0793 -0.8304
vn 0.7049 0.0793 -0.7049
vn -0.2618 -0.1803 -0.9481
vn -0.3754 -0.1947 -0.9062
vn -0.9157 0.3434 -0.2088
vn -0.8672 0.3449 -0.3592
vn -0.7988 0.5025 -0.3309
vn -0.8474 0.5027 -0.1709
vn -0.7951 0.3434 -0.4999
vn -0.7201 0.5027 -0.4783
vn 0.9466 0.2597 0.1911
vn 0.8922 0.2595 0.3696
vn 0.9210 0.0793 0.3815
vn 0.9772 0.0793 0.1972
vn 0.8045 0.2596 0.5342
vn 0.8304 0.0793 0.5515
vn -0.2088 0.3434 -0.9157
vn -0.2541 0.1665 -0.9527
vn -0.0000 0.1629 -0.9866
vn -0.0000 0.3429 -0.9394
vn -0.9394 0.3429 -0.0000
vn -0.9866 0.1629 -0.0000
vn -0.9527 0.1665 -0.2541
vn -0.9104 0.1699 -0.3771
vn -0.8534 0.1665 -0.4940
vn -0.6642 0.3429 -0.6642
vn -0.6112 0.5029 -0.6112
vn 0.6828 0.2598 0.6828
vn 0.7049 0.0793 0.7049
vn 0.9969 0.0793 -0.0000
vn 0.1972 0.0793 0.9772
vn -0.0000 0.0793 0.9969
vn 0.9657 0.2598 -0.0000
vn -0.8643 0.5029 -0.0000
vn 0.7951 0.3434 -0.4999
vn 0.8672 0.3449 -0.3592
vn 0.7988 0.5025 -0.3309
vn 0.7201 0.5027 -0.4783
vn 0.9157 0.3434 -0.2088
vn 0.8474 0.5027 -0.1709
vn -0.8045 0.2596 0.5342
vn -0.8922 0.2595 0.3696
vn -0.9210 0.0792 0.3815
vn -0.8304 0.0793 0.5515
vn -0.9466 0.2596 0.1911
vn -0.9772 0.0793 0.1972
vn 0.7951 0.3434 0.4999
vn 0.8534 0.1665 0.4940
vn 0.6977 0.1629 0.6977
vn 0.6642 0.3429 0.6642
vn 0.6642 0.3429 -0.6642
vn 0.6977 0.1629 -0.6977
vn 0.8534 0.1665 -0.4940
vn 0.9104 0.1699 -0.3771
vn 0.9527 0.1665 -0.2541
vn 0.9394 0.3429 -0.0000
vn 0.8643 0.5029 -0.0000
vn -0.9657 0.2598 -0.0000
vn -0.9969 0.0793 -0.0000
vn -0.7049 0.0793 0.7049
vn -0.8304 0.0793 -0.5515
vn -0.7049 0.0793 -0.7049
vn -0.6828 0.2598 0.6828
vn 0.6112 0.5029 -0.6112
vn -0.4999 0.3434 -0.7951
vn -0.3592 0.3449 -0.8672
vn -0.3309 0.5025 -0.7988
vn -0.4783 0.5027 -0.7201
vn -0.1709 0.5027 -0.8474
vn 0.5342 0.2596 0.8045
vn 0.3696 0.2595 0.8922
vn 0.3815 0.0793 0.9210
vn 0.5515 0.0793 0.8304
vn 0.1911 0.2596 0.9466
vn 0.4999 0.3434 -0.7951
vn 0.4940 0.1665 -0.8534
vn -0.6977 0.1629 -0.6977
vn -0.4940 0.1665 -0.8534
vn -0.3771 0.1699 -0.9104
vn -0.0000 0.5029 -0.8643
vn -0.0000 0.2598 0.9657
vn -0.5515 0.0793 0.8304
vn 0.9157 0.3433 0.2088
vn 0.8672 0.3449 0.3592
vn 0.7988 0.5025 0.3309
vn 0.8474 0.5027 0.1709
vn 0.7201 0.5027 0.4783
vn -0.9466 0.2596 -0.1911
vn -0.8922 0.2595 -0.3696
vn -0.9210 0.0793 -0.3815
vn -0.9772 0.0793 -0.1972
vn -0.8045 0.2596 -0.5342
vn -0.0000 0.1629 0.9866
vn -0.0000 0.3429 0.9394
vn 0.2088 0.3434 0.9157
vn 0.2541 0.1665 0.9527
vn 0.9866 0.1629 -0.0000
vn 0.9527 0.1665 0.2541
vn 0.9104 0.1699 0.3771
vn 0.6112 0.5029 0.6112
vn -0.6828 0.2598 -0.6828
vn -0.1972 0.0793 -0.9772
vn -0.0000 0.0793 -0.9969
vn -0.7951 0.3433 0.4999
vn -0.8672 0.3449 0.3592
vn -0.7988 0.5025 0.3309
vn -0.7201 0.5027 0.4783
vn -0.9157 0.3434 0.2088
vn -0.8474 0.5027 0.1709
vn 0.8045 0.2597 -0.5342
vn 0.8922 0.2595 -0.3696
vn 0.9210 0.0793 -0.3815
vn 0.8304 0.0793 -0.5515
vn 0.9466 0.2597 -0.1911
vn 0.9772 0.0793 -0.1972
vn -0.8534 0.1665 0.4940
vn -0.9104 0.1699 0.3771
vn -0.9527 0.1665 0.2541
vn 0.6828 0.2598 -0.6828
vn -0.6112 0.5029 0.6112
vn 0.2088 0.3433 -0.9157
vn 0.3592 0.3449 -0.8672
vn 0.3309 0.5025 -0.7988
vn 0.1709 0.5027 -0.8474
vn 0.4783 0.5027 -0.7201
vn -0.1911 0.2596 0.9466
vn -0.3696 0.2595 0.8922
vn -0.3815 0.0793 0.9210
vn -0.1972 0.0793 0.9772
vn -0.5342 0.2596 0.8045
vn 0.2541 0.1665 -0.9527
vn 0.3771 0.1699 -0.9104
vn 0.4999 0.3434 0.7951
vn 0.3592 0.3449 0.8672
vn 0.3309 0.5025 0.7988
vn 0.4783 0.5027 0.7201
vn 0.1709 0.5027 0.8474
vn -0.5342 0.2596 -0.8045
vn -0.3696 0.2595 -0.8922
vn -0.3815 0.0793 -0.9210
vn -0.5515 0.0793 -0.8304
vn -0.1911 0.2597 -0.9466
vn 0.4940 0.1665 0.8534
vn 0.3771 0.1699 0.9104
vn -0.0000 0.5030 0.8643
vn -0.0000 0.2598 -0.9657
vn -0.2088 0.3434 0.9157
vn -0.3592 0.3449 0.8672
vn -0.3309 0.5025 0.7988
vn -0.1709 0.5027 0.8474
vn -0.4783 0.5027 0.7201
vn 0.1911 0.2597 -0.9466
vn 0.3696 0.2595 -0.8922
vn 0.3815 0.0793 -0.9210
vn 0.1972 0.0793 -0.9772
vn 0.5342 0.2596 -0.8045
vn -0.2541 0.1665 0.9527
vn -0.3771 0.1699 0.9104
vn -0.9157 0.3433 0.2088
vn 0.8045 0.2597 0.5342
vn -0.9350 -0.0000 0.3547
vn -0.9350 -0.0000 -0.3547
vn -0.7071 -0.0000 0.7071
vn 0.3547 -0.0000 0.9350
vn -0.3547 -0.0000 0.9350
vn -0.3547 -0.0000 -0.9350
vn 0.3547 -0.0000 -0.9350
vn -0.5538 -0.0000 -0.8327
vn -0.5345 0.2540 -0.8061
vn -0.3697 0.2519 -0.8943
vn -0.3833 -0.0000 -0.9236
vn -0.3697 -0.2519 -0.8943
vn -0.1985 -0.0000 -0.9801
vn -0.1909 -0.2499 -0.9493
vn -0.1909 0.2499 -0.9493
vn -0.7075 -0.0000 -0.7067
vn -0.5345 -0.2540 -0.8061
vn -0.6832 -0.2559 -0.6840
vn -0.6832 0.2559 -0.6840
vn -0.0025 0.2478 -0.9688
vn -0.0038 -0.0000 -1.0000
vn -0.0025 -0.2478 -0.9688
vn 0.5652 0.2660 0.7809
vn 0.5652 -0.2660 0.7809
vn 0.9482 -0.3164 -0.0302
vn 0.9482 -0.3164 0.0302
vn -0.1909 -0.2499 0.9493
vn -0.1985 -0.0000 0.9801
vn -0.3833 -0.0000 0.9236
vn -0.3697 -0.2519 0.8943
vn -0.1909 0.2499 0.9493
vn -0.3697 0.2519 0.8943
vn -0.5538 -0.0000 0.8327
vn -0.5345 -0.2540 0.8061
vn -0.5345 0.2540 0.8061
vn -0.0038 -0.0000 1.0000
vn -0.0025 -0.2478 0.9688
vn -0.0025 0.2478 0.9688
vn -0.6832 0.2559 0.6840
vn -0.7075 -0.0000 0.7067
vn -0.6832 -0.2559 0.6840
vn -0.9468 -0.2588 -0.1913
vn -0.9803 -0.0000 -0.1976
vn -0.9240 -0.0000 -0.3824
vn -0.8925 -0.2581 -0.3700
vn -0.9468 0.2588 -0.1913
vn -0.8925 0.2581 -0.3700
vn -0.8332 -0.0000 -0.5529
vn -0.8048 -0.2572 -0.5349
vn -0.8048 0.2572 -0.5349
vn -0.9658 -0.2592 -0.0000
vn -0.9658 0.2592 -0.0000
vn 0.2602 0.8815 0.3940
vn 0.1808 0.8798 0.4396
vn 0.1829 0.8798 0.4387
vn 0.2620 0.8816 0.3927
vn 0.5652 -0.2660 -0.7809
vn 0.9482 0.3164 -0.0302
vn 0.5652 0.2660 -0.7809
vn 0.5192 -0.2466 0.8183
vn 0.5590 -0.0000 0.8292
vn 0.3579 -0.0000 0.9338
vn 0.3400 -0.2465 0.9075
vn 0.5192 0.2466 0.8183
vn 0.3400 0.2465 0.9075
vn 0.1812 -0.0000 0.9834
vn 0.1749 -0.2459 0.9534
vn 0.1749 0.2459 0.9534
vn 0.6585 -0.0000 0.7526
vn 0.6389 -0.2420 0.7302
vn 0.6389 0.2420 0.7303
vn 0.1749 -0.2459 -0.9534
vn 0.1812 -0.0000 -0.9834
vn 0.3579 -0.0000 -0.9338
vn 0.3400 -0.2465 -0.9075
vn 0.1749 0.2459 -0.9534
vn 0.3400 0.2465 -0.9075
vn 0.5590 -0.0000 -0.8292
vn 0.5192 -0.2466 -0.8183
vn 0.5192 0.2466 -0.8183
vn 0.6389 0.2420 -0.7302
vn 0.6585 -0.0000 -0.7526
vn 0.6389 -0.2420 -0.7303
vn -0.8048 -0.2572 0.5349
vn -0.8332 -0.0000 0.5529
vn -0.9240 -0.0000 0.3824
vn -0.8925 -0.2581 0.3700
vn -0.8048 0.2572 0.5349
vn -0.8925 0.2581 0.3700
vn -0.9803 -0.0000 0.1976
vn -0.9468 -0.2588 0.1913
vn -0.9468 0.2588 0.1913
vn -0.1177 -0.2468 0.9619
vn -0.1407 -0.2460 0.9590
vn -0.1441 -0.0000 0.9896
vn -0.1224 -0.0000 0.9925
vn 0.0934 0.8781 0.4693
vn 0.0957 0.8781 0.4687
vn -0.1808 0.8798 -0.4396
vn -0.1829 0.8798 -0.4387
vn -0.2620 0.8816 -0.3927
vn -0.2602 0.8815 -0.3940
vn -0.0934 0.8781 -0.4693
vn -0.0957 0.8781 -0.4687
vn 0.0066 0.8762 0.4819
vn 0.0087 0.8762 0.4818
vn 0.0934 -0.8781 0.4693
vn 0.1808 -0.8798 0.4396
vn 0.1829 -0.8798 0.4387
vn 0.0957 -0.8781 0.4687
vn 0.0026 0.8765 -0.4814
vn 0.0003 0.8765 -0.4814
vn -0.3311 0.8831 -0.3325
vn -0.3323 0.8831 -0.3312
vn 0.3323 0.8831 0.3312
vn 0.3311 0.8831 0.3325
vn 0.2602 -0.8815 0.3940
vn 0.2620 -0.8816 0.3927
vn -0.1808 -0.8798 -0.4396
vn -0.1829 -0.8798 -0.4387
vn -0.0957 -0.8781 -0.4687
vn -0.0934 -0.8781 -0.4693
vn -0.2602 -0.8815 -0.3940
vn -0.2620 -0.8816 -0.3927
vn 0.3311 -0.8831 0.3325
vn 0.3323 -0.8831 0.3312
vn 0.3888 0.8841 -0.2590
vn 0.4302 0.8849 -0.1787
vn 0.4305 0.8849 -0.1779
vn 0.3895 0.8842 -0.2580
vn -0.3311 -0.8831 -0.3325
vn -0.3323 -0.8831 -0.3312
vn 0.0027 -0.8765 -0.4814
vn 0.0003 -0.8765 -0.4814
vn 0.0087 -0.8762 0.4818
vn 0.0066 -0.8762 0.4819
vn 0.4554 0.8855 -0.0923
vn 0.4555 0.8855 -0.0916
vn -0.4302 0.8849 0.1787
vn -0.4305 0.8849 0.1779
vn -0.3895 0.8841 0.2580
vn -0.3888 0.8841 0.2590
vn -0.4554 0.8855 0.0923
vn -0.4555 0.8855 0.0916
vn 0.4641 0.8858 -0.0000
vn 0.1492 0.8129 -0.5629
vn 0.0098 0.8600 -0.5102
vn 0.0107 0.8598 -0.5105
vn 0.1570 0.8097 -0.5655
vn -0.4641 0.8858 -0.0000
vn -0.3311 0.8831 0.3325
vn -0.3323 0.8831 0.3312
vn 0.3323 0.8831 -0.3312
vn 0.3311 0.8831 -0.3325
vn -0.0350 0.8728 -0.4867
vn -0.0350 0.8729 -0.4866
vn 0.2507 0.8700 0.4246
vn 0.2548 0.8697 0.4228
vn 0.4472 0.8411 0.3043
vn 0.4388 0.8431 0.3108
vn 0.1117 0.8751 0.4709
vn 0.1111 0.8751 0.4711
vn 0.0066 0.8762 -0.4819
vn 0.0087 0.8762 -0.4818
vn -0.0350 -0.8728 -0.4867
vn 0.0098 -0.8600 -0.5102
vn 0.0107 -0.8598 -0.5105
vn -0.0350 -0.8729 -0.4866
vn 0.0026 0.8765 0.4814
vn 0.0003 0.8765 0.4814
vn 0.5557 0.8036 0.2132
vn 0.2587 0.7607 -0.5953
vn 0.1492 -0.8129 -0.5629
vn 0.1570 -0.8097 -0.5655
vn 0.2507 -0.8700 0.4246
vn 0.2548 -0.8697 0.4228
vn 0.1111 -0.8751 0.4711
vn 0.1117 -0.8751 0.4709
vn 0.4388 -0.8431 0.3108
vn 0.4472 -0.8411 0.3043
vn 0.2587 -0.7607 -0.5953
vn 0.4554 -0.8855 -0.0923
vn 0.4302 -0.8849 -0.1787
vn 0.4305 -0.8849 -0.1779
vn 0.4555 -0.8855 -0.0916
vn 0.5557 -0.8036 0.2132
vn 0.0027 -0.8765 0.4814
vn 0.0003 -0.8765 0.4814
vn 0.0087 -0.8762 -0.4818
vn 0.0066 -0.8762 -0.4819
vn 0.3888 -0.8841 -0.2590
vn 0.3895 -0.8841 -0.2580
vn -0.4302 -0.8849 0.1787
vn -0.4305 -0.8849 0.1779
vn -0.4555 -0.8855 0.0916
vn -0.4554 -0.8855 0.0923
vn -0.3888 -0.8841 0.2590
vn -0.3895 -0.8841 0.2580
vn 0.3311 -0.8831 -0.3325
vn 0.3323 -0.8831 -0.3312
vn 0.4554 0.8855 0.0923
vn 0.4302 0.8849 0.1787
vn 0.4305 0.8849 0.1779
vn 0.4555 0.8855 0.0916
vn -0.3311 -0.8831 0.3325
vn -0.3323 -0.8831 0.3312
vn -0.4641 -0.8858 -0.0000
vn 0.4641 -0.8858 -0.0000
vn 0.3889 0.8841 0.2590
vn 0.3895 0.8841 0.2580
vn -0.4302 0.8849 -0.1787
vn -0.4305 0.8849 -0.1779
vn -0.4556 0.8855 -0.0916
vn -0.4554 0.8855 -0.0923
vn -0.3888 0.8841 -0.2590
vn -0.3895 0.8842 -0.2580
vn 0.3888 -0.8841 0.2590
vn 0.4302 -0.8849 0.1787
vn 0.4305 -0.8849 0.1779
vn 0.3895 -0.8842 0.2580
vn 0.4554 -0.8855 0.0923
vn 0.4555 -0.8855 0.0916
vn -0.4302 -0.8849 -0.1787
vn -0.4305 -0.8849 -0.1779
vn -0.3895 -0.8841 -0.2580
vn -0.3889 -0.8841 -0.2590
vn -0.4554 -0.8855 -0.0923
vn -0.4555 -0.8855 -0.0916
vn 0.0934 0.8781 -0.4693
vn 0.1808 0.8798 -0.4396
vn 0.1829 0.8798 -0.4387
vn 0.0957 0.8781 -0.4687
vn 0.2602 0.8815 -0.3940
vn 0.2620 0.8816 -0.3927
vn -0.1808 0.8798 0.4396
vn -0.1829 0.8798 0.4387
vn -0.0957 0.8781 0.4687
vn -0.0934 0.8781 0.4693
vn -0.2602 0.8815 0.3940
vn -0.2620 0.8816 0.3927
vn -0.0350 0.8728 0.4867
vn 0.0098 0.8600 0.5102
vn 0.0107 0.8598 0.5105
vn -0.0350 0.8729 0.4866
vn 0.1492 0.8129 0.5629
vn 0.1570 0.8097 0.5655
vn 0.2507 0.8700 -0.4246
vn 0.2548 0.8697 -0.4228
vn 0.1111 0.8751 -0.4711
vn 0.1117 0.8751 -0.4709
vn 0.4388 0.8431 -0.3108
vn 0.4472 0.8411 -0.3043
vn 0.2587 0.7607 0.5953
vn 0.2602 -0.8815 -0.3940
vn 0.1808 -0.8798 -0.4396
vn 0.1829 -0.8798 -0.4387
vn 0.2620 -0.8816 -0.3927
vn 0.5557 0.8036 -0.2132
vn 0.0934 -0.8781 -0.4693
vn 0.0957 -0.8781 -0.4687
vn -0.1808 -0.8798 0.4396
vn -0.1829 -0.8798 0.4387
vn -0.2620 -0.8816 0.3927
vn -0.2602 -0.8815 0.3940
vn -0.0934 -0.8781 0.4693
vn -0.0957 -0.8781 0.4687
vn 0.1492 -0.8129 0.5629
vn 0.0098 -0.8600 0.5102
vn 0.0107 -0.8598 0.5105
vn 0.1570 -0.8097 0.5655
vn -0.0350 -0.8728 0.4867
vn -0.0350 -0.8729 0.4866
vn 0.2507 -0.8700 -0.4246
vn 0.2548 -0.8697 -0.4228
vn 0.4472 -0.8411 -0.3043
vn 0.4388 -0.8431 -0.3108
vn 0.1117 -0.8751 -0.4709
vn 0.1111 -0.8751 -0.4711
vn 0.5557 -0.8036 -0.2132
vn 0.2587 -0.7607 0.5953
vn -0.0575 -0.2351 0.9703
vn -0.0484 -0.0000 0.9988
vn -0.1407 0.2460 0.9590
vn -0.1177 0.2468 0.9619
vn -0.0575 0.2351 0.9703
vn 0.0322 -0.2198 0.9750
vn 0.0330 -0.0000 0.9995
vn -0.0575 -0.2351 -0.9703
vn -0.1407 -0.2460 -0.9590
vn -0.1441 -0.0000 -0.9896
vn -0.0484 -0.0000 -0.9988
vn 0.0322 0.2198 0.9750
vn 0.0091 -0.0000 1.0000
vn 0.0102 0.2480 0.9687
vn 0.0102 -0.2480 0.9687
vn -0.1177 -0.2468 -0.9619
vn -0.1224 -0.0000 -0.9925
vn -0.1407 0.2460 -0.9590
vn -0.0575 0.2351 -0.9703
vn -0.1177 0.2468 -0.9619
vn 0.0102 -0.2480 -0.9687
vn 0.0091 -0.0000 -1.0000
vn 0.1922 -0.2499 -0.9490
vn 0.3709 -0.2519 -0.8938
vn 0.3820 -0.0000 -0.9241
vn 0.1971 -0.0000 -0.9804
vn 0.0102 0.2480 -0.9687
vn 0.0330 -0.0000 -0.9995
vn 0.0322 0.2198 -0.9750
vn 0.0322 -0.2198 -0.9750
vn 0.5356 -0.2540 -0.8053
vn 0.5527 -0.0000 -0.8334
vn 0.3709 0.2519 -0.8938
vn 0.1922 0.2499 -0.9490
vn 0.5356 0.2540 -0.8053
vn 0.6839 -0.2559 -0.6832
vn 0.7067 -0.0000 -0.7075
vn 0.8052 -0.2572 -0.5343
vn 0.8927 -0.2581 -0.3695
vn 0.9238 -0.0000 -0.3830
vn 0.8328 -0.0000 -0.5536
vn 0.6839 0.2559 -0.6832
vn 0.9469 -0.2588 -0.1909
vn 0.9802 -0.0000 -0.1980
vn 0.8927 0.2581 -0.3695
vn 0.8052 0.2572 -0.5343
vn 0.9469 0.2588 -0.1909
vn 0.9658 -0.2592 -0.0000
vn 0.9469 -0.2588 0.1909
vn 0.8927 -0.2581 0.3695
vn 0.9238 -0.0000 0.3830
vn 0.9802 -0.0000 0.1980
vn 0.9658 0.2592 -0.0000
vn 0.8052 -0.2572 0.5343
vn 0.8328 -0.0000 0.5536
vn 0.8927 0.2581 0.3695
vn 0.9469 0.2588 0.1909
vn 0.8052 0.2572 0.5343
vn 0.6839 -0.2559 0.6832
vn 0.7067 -0.0000 0.7075
vn 0.5356 -0.2540 0.8053
vn 0.3709 -0.2519 0.8938
vn 0.3820 -0.0000 0.9241
vn 0.5527 -0.0000 0.8334
vn 0.6839 0.2559 0.6832
vn 0.1922 -0.2499 0.9490
vn 0.1971 -0.0000 0.9804
vn 0.3709 0.2519 0.8938
vn 0.5356 0.2540 0.8053
vn 0.1922 0.2499 0.9490
vn 0.9482 0.3164 0.0302
vn 0.8045 0.2596 -0.5342
vn -0.3725 -0.2292 -0.8993
vn -0.3809 -0.0960 -0.9196
vn -0.1969 -0.0960 -0.9757
vn -0.1926 -0.2293 -0.9541
vn -0.0000 -0.0961 -0.9954
vn -0.0000 -0.2294 -0.9733
vn -0.1977 -0.0477 -0.9791
vn -0.3823 -0.0476 -0.9228
vn -0.0000 -0.0477 -0.9989
vn -0.6883 -0.2294 -0.6883
vn -0.7038 -0.0961 -0.7038
vn -0.5507 -0.0960 -0.8292
vn -0.5385 -0.2293 -0.8108
vn -0.5526 -0.0477 -0.8321
vn -0.7063 -0.0477 -0.7063
vn -0.3704 0.2518 -0.8941
vn -0.3744 0.2071 -0.9038
vn -0.5413 0.2072 -0.8149
vn -0.5354 0.2519 -0.8062
vn -0.9541 -0.2293 -0.1926
vn -0.9757 -0.0960 -0.1969
vn -0.9196 -0.0960 -0.3809
vn -0.8993 -0.2292 -0.3725
vn -0.1915 0.2519 -0.9486
vn -0.1935 0.2072 -0.9590
vn -0.0000 0.2521 -0.9677
vn -0.0000 0.2073 -0.9783
vn -0.6843 0.2521 -0.6843
vn -0.6917 0.2073 -0.6917
vn -0.3817 0.0728 -0.9214
vn -0.1973 0.0728 -0.9776
vn -0.5518 0.0728 -0.8308
vn -0.7052 0.0728 -0.7052
vn -0.8308 0.0728 -0.5518
vn -0.8149 0.2072 -0.5413
vn -0.3660 -0.2917 -0.8837
vn -0.5291 -0.2918 -0.7968
vn -0.1893 -0.2918 -0.9376
vn -0.0000 -0.2920 -0.9564
vn -0.6763 -0.2920 -0.6763
vn -0.5291 0.2918 -0.7968
vn -0.3660 0.2917 -0.8837
vn -0.3656 0.2954 -0.8826
vn -0.5285 0.2956 -0.7958
vn -0.1893 0.2918 -0.9376
vn -0.1890 0.2956 -0.9364
vn -0.0000 0.2920 -0.9564
vn -0.0000 0.2958 -0.9553
vn -0.3755 0.1930 -0.9065
vn -0.5429 0.1931 -0.8173
vn -0.1941 0.1931 -0.9618
vn -0.9228 -0.0476 -0.3822
vn -0.9791 -0.0477 -0.1977
vn -0.6755 0.2958 -0.6755
vn -0.6763 0.2920 -0.6763
vn -0.0000 0.1931 -0.9812
vn -0.6938 0.1931 -0.6938
vn -0.1936 -0.2052 -0.9594
vn -0.1977 -0.0467 -0.9792
vn -0.3823 -0.0466 -0.9229
vn -0.3745 -0.2051 -0.9042
vn -0.0000 -0.2052 -0.9787
vn -0.0000 -0.0467 -0.9989
vn -0.6921 -0.2052 -0.6921
vn -0.5415 -0.2052 -0.8153
vn -0.5526 -0.0467 -0.8321
vn -0.7063 -0.0467 -0.7063
vn -0.3691 0.2636 -0.8912
vn -0.3746 0.2044 -0.9044
vn -0.5416 0.2045 -0.8154
vn -0.5336 0.2637 -0.8035
vn -0.1908 0.2637 -0.9455
vn -0.1936 0.2045 -0.9595
vn -0.0000 0.2639 -0.9645
vn -0.0000 0.2045 -0.9789
vn -0.6820 0.2639 -0.6820
vn -0.6922 0.2045 -0.6922
vn -0.9042 -0.2051 -0.3745
vn -0.9229 -0.0466 -0.3823
vn -0.9792 -0.0467 -0.1977
vn -0.9594 -0.2052 -0.1936
vn -0.5427 -0.1945 -0.8171
vn -0.3754 -0.1944 -0.9063
vn -0.3675 -0.2790 -0.8872
vn -0.5312 -0.2792 -0.7999
vn -0.1940 -0.1945 -0.9615
vn -0.1900 -0.2792 -0.9413
vn -0.1898 -0.2831 -0.9401
vn -0.3670 -0.2829 -0.8861
vn -0.0000 -0.2793 -0.9602
vn -0.0000 -0.2832 -0.9591
vn -0.5518 -0.0728 -0.8308
vn -0.3817 -0.0728 -0.9214
vn -0.1973 -0.0728 -0.9776
vn -0.0000 -0.0728 -0.9973
vn -0.0000 -0.1945 -0.9809
vn -0.9809 -0.1945 -0.0000
vn -0.9973 -0.0728 -0.0000
vn -0.9776 -0.0728 -0.1973
vn -0.9615 -0.1945 -0.1940
vn -0.6790 -0.2793 -0.6790
vn -0.5306 -0.2830 -0.7990
vn -0.6782 -0.2832 -0.6782
vn -0.6936 -0.1945 -0.6936
vn -0.8872 -0.2790 -0.3675
vn -0.8861 -0.2829 -0.3670
vn -0.9401 -0.2830 -0.1898
vn -0.9413 -0.2792 -0.1900
vn -0.8292 -0.0960 -0.5507
vn -0.8108 -0.2293 -0.5385
vn -0.8321 -0.0477 -0.5526
vn -0.9733 -0.2294 -0.0000
vn -0.9954 -0.0961 -0.0000
vn -0.9989 -0.0477 -0.0000
vn -0.8941 0.2518 -0.3704
vn -0.9038 0.2071 -0.3744
vn -0.9590 0.2072 -0.1935
vn -0.9486 0.2519 -0.1915
vn -0.8108 -0.2293 0.5385
vn -0.8292 -0.0960 0.5507
vn -0.9196 -0.0960 0.3809
vn -0.8993 -0.2292 0.3725
vn -0.8062 0.2519 -0.5354
vn -0.9677 0.2521 -0.0000
vn -0.9783 0.2073 -0.0000
vn -0.9214 0.0728 -0.3817
vn -0.9776 0.0728 -0.1973
vn -0.9973 0.0728 -0.0000
vn -0.9776 0.0728 0.1973
vn -0.9590 0.2072 0.1935
vn -0.8837 -0.2917 -0.3660
vn -0.9376 -0.2918 -0.1893
vn -0.7968 -0.2918 -0.5291
vn -0.9564 -0.2920 -0.0000
vn -0.9376 0.2918 -0.1893
vn -0.8837 0.2917 -0.3660
vn -0.8826 0.2954 -0.3656
vn -0.9364 0.2956 -0.1890
vn -0.7968 0.2918 -0.5291
vn -0.7958 0.2956 -0.5285
vn -0.9065 0.1930 -0.3755
vn -0.9618 0.1931 -0.1941
vn -0.8173 0.1931 -0.5429
vn -0.9228 -0.0476 0.3822
vn -0.8321 -0.0477 0.5526
vn -0.9553 0.2958 -0.0000
vn -0.9564 0.2920 -0.0000
vn -0.9812 0.1931 -0.0000
vn -0.8153 -0.2052 -0.5415
vn -0.8321 -0.0467 -0.5526
vn -0.9787 -0.2052 -0.0000
vn -0.9989 -0.0467 -0.0000
vn -0.8912 0.2636 -0.3691
vn -0.9044 0.2044 -0.3746
vn -0.9595 0.2045 -0.1936
vn -0.9455 0.2637 -0.1908
vn -0.8035 0.2637 -0.5336
vn -0.8154 0.2045 -0.5416
vn -0.9645 0.2639 -0.0000
vn -0.9789 0.2045 -0.0000
vn -0.9042 -0.2051 0.3745
vn -0.9229 -0.0466 0.3823
vn -0.8321 -0.0467 0.5526
vn -0.8153 -0.2052 0.5415
vn -0.9063 -0.1944 -0.3754
vn -0.8171 -0.1945 -0.5427
vn -0.7999 -0.2792 -0.5312
vn -0.7990 -0.2830 -0.5306
vn -0.9214 -0.0728 -0.3817
vn -0.8308 -0.0728 -0.5518
vn -0.7052 -0.0728 -0.7052
vn -0.6936 -0.1945 0.6936
vn -0.7052 -0.0728 0.7052
vn -0.8308 -0.0728 0.5518
vn -0.8171 -0.1945 0.5427
vn -0.9602 -0.2793 -0.0000
vn -0.9591 -0.2832 -0.0000
vn -0.8872 -0.2790 0.3675
vn -0.8861 -0.2829 0.3670
vn -0.7990 -0.2830 0.5306
vn -0.7999 -0.2792 0.5312
vn -0.9757 -0.0960 0.1969
vn -0.9541 -0.2293 0.1926
vn -0.9791 -0.0477 0.1977
vn -0.6883 -0.2294 0.6883
vn -0.7038 -0.0961 0.7038
vn -0.7063 -0.0477 0.7063
vn -0.8941 0.2518 0.3704
vn -0.9038 0.2071 0.3744
vn -0.8149 0.2072 0.5413
vn -0.8062 0.2519 0.5354
vn -0.1926 -0.2293 0.9541
vn -0.1969 -0.0960 0.9757
vn -0.3809 -0.0960 0.9196
vn -0.3725 -0.2292 0.8993
vn -0.9486 0.2519 0.1915
vn -0.6843 0.2521 0.6843
vn -0.6918 0.2073 0.6917
vn -0.9214 0.0728 0.3817
vn -0.8308 0.0728 0.5518
vn -0.7052 0.0728 0.7052
vn -0.5518 0.0728 0.8308
vn -0.5413 0.2072 0.8149
vn -0.8837 -0.2917 0.3660
vn -0.7968 -0.2918 0.5291
vn -0.9376 -0.2918 0.1893
vn -0.6763 -0.2920 0.6763
vn -0.7968 0.2918 0.5291
vn -0.8837 0.2917 0.3660
vn -0.8826 0.2954 0.3656
vn -0.7958 0.2956 0.5285
vn -0.9376 0.2918 0.1893
vn -0.9364 0.2956 0.1890
vn -0.9065 0.1930 0.3755
vn -0.8173 0.1931 0.5429
vn -0.9618 0.1931 0.1941
vn -0.3822 -0.0476 0.9228
vn -0.1977 -0.0477 0.9791
vn -0.6755 0.2958 0.6755
vn -0.6763 0.2920 0.6763
vn -0.6938 0.1931 0.6938
vn -0.9594 -0.2052 0.1936
vn -0.9792 -0.0467 0.1977
vn -0.6921 -0.2052 0.6921
vn -0.7063 -0.0467 0.7063
vn -0.8912 0.2636 0.3692
vn -0.9044 0.2044 0.3746
vn -0.8154 0.2045 0.5416
vn -0.8035 0.2637 0.5336
vn -0.9455 0.2637 0.1908
vn -0.9595 0.2045 0.1936
vn -0.6820 0.2639 0.6820
vn -0.6922 0.2045 0.6922
vn -0.3745 -0.2051 0.9042
vn -0.3823 -0.0466 0.9229
vn -0.1977 -0.0467 0.9792
vn -0.1936 -0.2052 0.9594
vn -0.9063 -0.1944 0.3754
vn -0.9615 -0.1945 0.1940
vn -0.9413 -0.2792 0.1900
vn -0.9401 -0.2830 0.1898
vn -0.9214 -0.0728 0.3817
vn -0.9776 -0.0728 0.1973
vn -0.0000 -0.1945 0.9809
vn -0.0000 -0.0728 0.9973
vn -0.1973 -0.0728 0.9776
vn -0.1940 -0.1945 0.9615
vn -0.6790 -0.2793 0.6790
vn -0.6782 -0.2832 0.6782
vn -0.3675 -0.2790 0.8872
vn -0.3670 -0.2829 0.8861
vn -0.1898 -0.2830 0.9401
vn -0.1900 -0.2792 0.9413
vn -0.5507 -0.0960 0.8292
vn -0.5385 -0.2293 0.8108
vn -0.5526 -0.0477 0.8321
vn -0.0000 -0.2294 0.9733
vn -0.0000 -0.0961 0.9954
vn -0.0000 -0.0477 0.9989
vn -0.3704 0.2518 0.8941
vn -0.3744 0.2071 0.9038
vn -0.1935 0.2072 0.9590
vn -0.1915 0.2520 0.9486
vn 0.5385 -0.2293 0.8108
vn 0.5507 -0.0960 0.8292
vn 0.3809 -0.0960 0.9196
vn 0.3725 -0.2292 0.8993
vn -0.5354 0.2520 0.8062
vn -0.0000 0.2521 0.9677
vn -0.0000 0.2073 0.9783
vn -0.3817 0.0728 0.9214
vn -0.1973 0.0728 0.9776
vn -0.0000 0.0728 0.9973
vn 0.1973 0.0728 0.9776
vn 0.1935 0.2072 0.9590
vn -0.3660 -0.2917 0.8837
vn -0.1893 -0.2918 0.9376
vn -0.5291 -0.2918 0.7968
vn -0.0000 -0.2920 0.9564
vn -0.1893 0.2918 0.9376
vn -0.3660 0.2917 0.8837
vn -0.3656 0.2954 0.8826
vn -0.1890 0.2956 0.9364
vn -0.5291 0.2918 0.7968
vn -0.5285 0.2956 0.7958
vn -0.3755 0.1930 0.9065
vn -0.1941 0.1931 0.9618
vn -0.5429 0.1931 0.8173
vn 0.3822 -0.0476 0.9228
vn 0.5526 -0.0477 0.8321
vn -0.0000 0.2958 0.9553
vn -0.0000 0.2920 0.9564
vn -0.0000 0.1931 0.9812
vn -0.5415 -0.2052 0.8153
vn -0.5526 -0.0467 0.8321
vn -0.0000 -0.2052 0.9787
vn -0.0000 -0.0467 0.9989
vn -0.3692 0.2636 0.8912
vn -0.3746 0.2044 0.9044
vn -0.1936 0.2045 0.9595
vn -0.1908 0.2637 0.9455
vn -0.5336 0.2637 0.8035
vn -0.5416 0.2045 0.8154
vn -0.0000 0.2639 0.9645
vn -0.0000 0.2045 0.9789
vn 0.3746 -0.2051 0.9042
vn 0.3823 -0.0466 0.9229
vn 0.5526 -0.0467 0.8321
vn 0.5415 -0.2052 0.8153
vn -0.3754 -0.1944 0.9063
vn -0.5427 -0.1945 0.8171
vn -0.5312 -0.2792 0.7999
vn -0.5306 -0.2830 0.7990
vn -0.3817 -0.0728 0.9214
vn -0.5518 -0.0728 0.8308
vn 0.6936 -0.1945 0.6936
vn 0.7052 -0.0728 0.7052
vn 0.5518 -0.0728 0.8308
vn 0.5427 -0.1945 0.8171
vn -0.0000 -0.2793 0.9602
vn -0.0000 -0.2832 0.9591
vn 0.3675 -0.2790 0.8872
vn 0.3671 -0.2829 0.8861
vn 0.5306 -0.2830 0.7990
vn 0.5312 -0.2792 0.7999
vn 0.1969 -0.0960 0.9757
vn 0.1926 -0.2293 0.9541
vn 0.1977 -0.0477 0.9791
vn 0.6883 -0.2294 0.6883
vn 0.7038 -0.0961 0.7038
vn 0.7063 -0.0477 0.7063
vn 0.3704 0.2518 0.8941
vn 0.3744 0.2071 0.9038
vn 0.5413 0.2072 0.8149
vn 0.5354 0.2519 0.8062
vn 0.9541 -0.2293 0.1926
vn 0.9757 -0.0960 0.1969
vn 0.9196 -0.0960 0.3809
vn 0.8993 -0.2292 0.3725
vn 0.1915 0.2520 0.9486
vn 0.6843 0.2521 0.6843
vn 0.6917 0.2073 0.6917
vn 0.3817 0.0728 0.9214
vn 0.5518 0.0728 0.8308
vn 0.7052 0.0728 0.7052
vn 0.8308 0.0728 0.5518
vn 0.8149 0.2072 0.5413
vn 0.3660 -0.2917 0.8837
vn 0.5291 -0.2918 0.7968
vn 0.1893 -0.2918 0.9376
vn 0.6763 -0.2920 0.6763
vn 0.5291 0.2918 0.7968
vn 0.3660 0.2917 0.8837
vn 0.3656 0.2954 0.8826
vn 0.5285 0.2956 0.7958
vn 0.1893 0.2918 0.9376
vn 0.1890 0.2956 0.9364
vn 0.3755 0.1930 0.9065
vn 0.5429 0.1931 0.8173
vn 0.1941 0.1931 0.9618
vn 0.9228 -0.0476 0.3823
vn 0.9791 -0.0477 0.1977
vn 0.6755 0.2958 0.6755
vn 0.6763 0.2920 0.6763
vn 0.6938 0.1931 0.6938
vn 0.1936 -0.2052 0.9594
vn 0.1977 -0.0467 0.9792
vn 0.6921 -0.2052 0.6921
vn 0.7063 -0.0467 0.7063
vn 0.3691 0.2636 0.8912
vn 0.3746 0.2044 0.9044
vn 0.5416 0.2045 0.8154
vn 0.5336 0.2637 0.8035
vn 0.1908 0.2637 0.9455
vn 0.1936 0.2045 0.9595
vn 0.6820 0.2639 0.6820
vn 0.6922 0.2045 0.6922
vn 0.9042 -0.2051 0.3745
vn 0.9229 -0.0466 0.3823
vn 0.9792 -0.0467 0.1977
vn 0.9594 -0.2052 0.1936
vn 0.3754 -0.1944 0.9063
vn 0.1940 -0.1945 0.9615
vn 0.1900 -0.2792 0.9413
vn 0.1898 -0.2830 0.9401
vn 0.3817 -0.0728 0.9214
vn 0.1973 -0.0728 0.9776
vn 0.9809 -0.1945 -0.0000
vn 0.9973 -0.0728 -0.0000
vn 0.9776 -0.0728 0.1973
vn 0.9615 -0.1945 0.1940
vn 0.6790 -0.2793 0.6790
vn 0.6782 -0.2832 0.6782
vn 0.8872 -0.2790 0.3675
vn 0.8861 -0.2829 0.3670
vn 0.9401 -0.2830 0.1898
vn 0.9413 -0.2792 0.1900
vn 0.8292 -0.0960 0.5507
vn 0.8108 -0.2293 0.5385
vn 0.8321 -0.0476 0.5526
vn 0.9733 -0.2294 -0.0000
vn 0.9954 -0.0961 -0.0000
vn 0.9989 -0.0477 -0.0000
vn 0.8941 0.2518 0.3704
vn 0.9038 0.2071 0.3744
vn 0.9590 0.2072 0.1935
vn 0.9486 0.2519 0.1915
vn 0.1926 -0.2293 -0.9541
vn 0.1969 -0.0960 -0.9757
vn 0.3809 -0.0960 -0.9196
vn 0.3725 -0.2292 -0.8993
vn 0.8062 0.2520 0.5354
vn 0.9677 0.2521 -0.0000
vn 0.9783 0.2073 -0.0000
vn 0.9214 0.0728 0.3817
vn 0.9776 0.0728 0.1973
vn 0.9973 0.0728 -0.0000
vn 0.5518 0.0728 -0.8308
vn 0.5413 0.2072 -0.8149
vn 0.6918 0.2073 -0.6917
vn 0.7052 0.0728 -0.7052
vn 0.8837 -0.2917 0.3660
vn 0.9376 -0.2918 0.1893
vn 0.7968 -0.2918 0.5291
vn 0.9564 -0.2920 -0.0000
vn 0.9376 0.2918 0.1893
vn 0.8837 0.2917 0.3660
vn 0.8826 0.2954 0.3656
vn 0.9364 0.2956 0.1890
vn 0.7968 0.2918 0.5291
vn 0.7958 0.2956 0.5285
vn 0.9065 0.1930 0.3755
vn 0.9618 0.1931 0.1941
vn 0.8173 0.1931 0.5429
vn 0.3822 -0.0476 -0.9228
vn 0.1977 -0.0477 -0.9791
vn 0.9553 0.2958 -0.0000
vn 0.9564 0.2920 -0.0000
vn 0.9812 0.1931 -0.0000
vn 0.8153 -0.2052 0.5415
vn 0.8321 -0.0467 0.5526
vn 0.9787 -0.2052 -0.0000
vn 0.9989 -0.0467 -0.0000
vn 0.8912 0.2636 0.3692
vn 0.9044 0.2044 0.3746
vn 0.9595 0.2045 0.1936
vn 0.9455 0.2637 0.1908
vn 0.8035 0.2637 0.5336
vn 0.8154 0.2045 0.5416
vn 0.9645 0.2639 -0.0000
vn 0.9789 0.2045 -0.0000
vn 0.3745 -0.2051 -0.9042
vn 0.3823 -0.0466 -0.9229
vn 0.1977 -0.0467 -0.9792
vn 0.1936 -0.2052 -0.9594
vn 0.9063 -0.1944 0.3754
vn 0.8171 -0.1945 0.5427
vn 0.7999 -0.2792 0.5312
vn 0.7990 -0.2830 0.5306
vn 0.9214 -0.0728 0.3817
vn 0.8308 -0.0728 0.5518
vn 0.1973 -0.0728 -0.9776
vn 0.1940 -0.1945 -0.9615
vn 0.9602 -0.2793 -0.0000
vn 0.9591 -0.2832 -0.0000
vn 0.3675 -0.2790 -0.8872
vn 0.3670 -0.2829 -0.8861
vn 0.1898 -0.2831 -0.9401
vn 0.1900 -0.2792 -0.9413
vn 0.5507 -0.0960 -0.8292
vn 0.5385 -0.2293 -0.8108
vn 0.7038 -0.0961 -0.7038
vn 0.6883 -0.2294 -0.6883
vn 0.5526 -0.0477 -0.8321
vn 0.7063 -0.0477 -0.7063
vn 0.3703 0.2518 -0.8941
vn 0.3744 0.2071 -0.9038
vn 0.1935 0.2072 -0.9590
vn 0.1915 0.2519 -0.9486
vn 0.8108 -0.2293 -0.5385
vn 0.8292 -0.0960 -0.5507
vn 0.9196 -0.0960 -0.3809
vn 0.8993 -0.2292 -0.3725
vn 0.5354 0.2520 -0.8062
vn 0.6843 0.2521 -0.6843
vn 0.3817 0.0728 -0.9214
vn 0.1973 0.0728 -0.9776
vn -0.0000 0.0728 -0.9973
vn 0.9776 0.0728 -0.1973
vn 0.9590 0.2072 -0.1935
vn 0.3660 -0.2917 -0.8837
vn 0.1893 -0.2918 -0.9376
vn 0.5291 -0.2918 -0.7968
vn 0.6763 -0.2920 -0.6763
vn 0.1893 0.2918 -0.9376
vn 0.3660 0.2917 -0.8837
vn 0.3656 0.2954 -0.8826
vn 0.1890 0.2956 -0.9364
vn 0.5291 0.2918 -0.7968
vn 0.5285 0.2956 -0.7958
vn 0.6763 0.2920 -0.6763
vn 0.6755 0.2958 -0.6755
vn 0.3755 0.1930 -0.9065
vn 0.1941 0.1931 -0.9618
vn 0.5429 0.1931 -0.8173
vn 0.9228 -0.0476 -0.3823
vn 0.8321 -0.0477 -0.5526
vn 0.6938 0.1931 -0.6938
vn 0.5415 -0.2052 -0.8153
vn 0.5526 -0.0467 -0.8321
vn 0.6921 -0.2052 -0.6921
vn 0.7063 -0.0467 -0.7063
vn 0.3691 0.2636 -0.8912
vn 0.3746 0.2044 -0.9044
vn 0.1936 0.2045 -0.9595
vn 0.1908 0.2637 -0.9455
vn 0.5336 0.2637 -0.8035
vn 0.5416 0.2045 -0.8154
vn 0.6820 0.2639 -0.6820
vn 0.6922 0.2045 -0.6922
vn 0.9042 -0.2051 -0.3745
vn 0.9229 -0.0466 -0.3823
vn 0.8321 -0.0467 -0.5526
vn 0.8153 -0.2052 -0.5415
vn 0.3754 -0.1944 -0.9063
vn 0.5427 -0.1945 -0.8171
vn 0.5312 -0.2792 -0.7999
vn 0.5306 -0.2830 -0.7990
vn 0.6790 -0.2793 -0.6790
vn 0.6782 -0.2832 -0.6782
vn 0.3817 -0.0728 -0.9214
vn 0.5518 -0.0728 -0.8308
vn 0.7052 -0.0728 -0.7052
vn 0.6936 -0.1945 -0.6936
vn 0.8308 -0.0728 -0.5518
vn 0.8171 -0.1945 -0.5427
vn 0.8872 -0.2790 -0.3675
vn 0.8861 -0.2829 -0.3670
vn 0.7990 -0.2831 -0.5306
vn 0.7999 -0.2792 -0.5312
vn 0.9757 -0.0960 -0.1969
vn 0.9541 -0.2293 -0.1926
vn 0.9791 -0.0477 -0.1977
vn 0.8941 0.2518 -0.3704
vn 0.9038 0.2071 -0.3744
vn 0.8149 0.2072 -0.5413
vn 0.8062 0.2519 -0.5354
vn 0.1977 0.0311 -0.9798
vn 0.3825 0.0311 -0.9234
vn 0.9486 0.2519 -0.1915
vn 0.9214 0.0728 -0.3817
vn 0.8308 0.0728 -0.5518
vn 0.8394 -0.0686 -0.5391
vn 0.8402 -0.0202 -0.5419
vn 0.9261 -0.0428 -0.3748
vn 0.9202 -0.1157 -0.3739
vn 0.8837 -0.2917 -0.3660
vn 0.7968 -0.2918 -0.5291
vn 0.9376 -0.2918 -0.1893
vn 0.7968 0.2918 -0.5291
vn 0.8837 0.2917 -0.3660
vn 0.8826 0.2954 -0.3656
vn 0.7958 0.2956 -0.5285
vn 0.9376 0.2918 -0.1893
vn 0.9364 0.2956 -0.1890
vn 0.9065 0.1930 -0.3755
vn 0.8173 0.1931 -0.5429
vn 0.9618 0.1931 -0.1941
vn 0.9594 -0.2052 -0.1936
vn 0.9792 -0.0467 -0.1977
vn 0.8912 0.2636 -0.3691
vn 0.9044 0.2044 -0.3746
vn 0.8154 0.2045 -0.5416
vn 0.8035 0.2637 -0.5336
vn 0.8329 -0.0159 -0.5532
vn 0.9238 -0.0159 -0.3826
vn 0.9455 0.2637 -0.1908
vn 0.9595 0.2045 -0.1936
vn 0.9063 -0.1944 -0.3754
vn 0.9615 -0.1945 -0.1940
vn 0.9413 -0.2792 -0.1900
vn 0.9401 -0.2830 -0.1898
vn 0.9214 -0.0728 -0.3817
vn 0.9776 -0.0728 -0.1973
vn 0.1936 0.0558 -0.9795
vn 0.1931 0.1429 -0.9707
vn 0.3739 0.1157 -0.9202
vn 0.3748 0.0428 -0.9261
vn 0.5391 0.0686 -0.8394
vn 0.5419 0.0202 -0.8402
vn -0.0000 0.0600 -0.9982
vn -0.0000 0.1520 -0.9884
vn 0.7065 0.0416 -0.7065
vn 0.7071 0.0049 -0.7071
vn 0.8402 0.0202 -0.5419
vn 0.8394 0.0686 -0.5391
vn 0.9202 0.1157 -0.3739
vn 0.9261 0.0428 -0.3748
vn 0.9801 -0.0159 -0.1978
vn 0.7070 -0.0159 -0.7070
vn 0.9999 -0.0159 -0.0000
vn 0.1978 -0.0159 -0.9801
vn 0.3826 -0.0159 -0.9238
vn 0.9707 0.1429 -0.1931
vn 0.9795 0.0558 -0.1936
vn 0.9884 0.1520 -0.0000
vn 0.9982 0.0600 -0.0000
vn -0.5419 0.0202 -0.8402
vn -0.5391 0.0686 -0.8394
vn -0.3739 0.1157 -0.9202
vn -0.3748 0.0428 -0.9261
vn 0.5532 -0.0159 -0.8329
vn -0.0000 -0.0159 -0.9999
vn -0.5532 -0.0159 -0.8329
vn -0.3826 -0.0159 -0.9238
vn 0.5530 0.0311 -0.8326
vn -0.0000 0.0311 -0.9995
vn 0.7068 0.0311 -0.7068
vn 0.8326 0.0311 -0.5530
vn 0.9234 0.0311 -0.3825
vn 0.9798 0.0311 -0.1977
vn 0.9995 0.0311 -0.0000
vn -0.5530 0.0311 -0.8326
vn -0.3825 0.0311 -0.9234
vn 0.9795 -0.0558 -0.1936
vn 0.9707 -0.1429 -0.1931
vn 0.7065 -0.0416 -0.7065
vn 0.7071 -0.0049 -0.7071
vn 0.9982 -0.0600 -0.0000
vn 0.9884 -0.1520 -0.0000
vn 0.1931 -0.1429 -0.9707
vn 0.1936 -0.0558 -0.9795
vn 0.3748 -0.0428 -0.9261
vn 0.3739 -0.1157 -0.9202
vn 0.5419 -0.0202 -0.8402
vn 0.5391 -0.0686 -0.8394
vn -0.0000 -0.1520 -0.9884
vn -0.0000 -0.0600 -0.9982
vn -0.5391 -0.0686 -0.8394
vn -0.5419 -0.0202 -0.8402
vn -0.3748 -0.0428 -0.9261
vn -0.3739 -0.1157 -0.9202
vn -0.1936 -0.0558 -0.9795
vn -0.1931 -0.1429 -0.9707
vn -0.7065 -0.0416 -0.7065
vn -0.7071 -0.0049 -0.7071
vn 0.9707 -0.1429 0.1931
vn 0.9795 -0.0558 0.1936
vn 0.9261 -0.0428 0.3748
vn 0.9202 -0.1157 0.3739
vn -0.1977 0.0311 -0.9798
vn -0.7068 0.0311 -0.7068
vn 0.9798 0.0311 0.1977
vn 0.9234 0.0311 0.3825
vn -0.1978 -0.0159 -0.9801
vn -0.7070 -0.0159 -0.7070
vn 0.9801 -0.0159 0.1978
vn 0.9238 -0.0159 0.3826
vn -0.1931 0.1429 -0.9707
vn -0.1936 0.0558 -0.9795
vn -0.7071 0.0049 -0.7071
vn -0.7065 0.0416 -0.7065
vn 0.9795 0.0558 0.1936
vn 0.9707 0.1429 0.1931
vn 0.9202 0.1157 0.3739
vn 0.9261 0.0428 0.3748
vn 0.8394 0.0686 0.5391
vn 0.8402 0.0202 0.5419
vn 0.7065 0.0416 0.7065
vn 0.7071 0.0049 0.7071
vn 0.5419 0.0202 0.8402
vn 0.5391 0.0686 0.8394
vn 0.3739 0.1157 0.9202
vn 0.3748 0.0428 0.9261
vn 0.8329 -0.0159 0.5532
vn 0.7070 -0.0159 0.7070
vn 0.5532 -0.0159 0.8329
vn 0.3826 -0.0159 0.9238
vn 0.8326 0.0311 0.5530
vn 0.7068 0.0311 0.7068
vn 0.5530 0.0311 0.8326
vn 0.3825 0.0311 0.9234
vn 0.8402 -0.0202 0.5419
vn 0.8394 -0.0686 0.5391
vn 0.7071 -0.0049 0.7071
vn 0.7065 -0.0416 0.7065
vn 0.5391 -0.0686 0.8394
vn 0.5419 -0.0202 0.8402
vn 0.3748 -0.0428 0.9261
vn 0.3739 -0.1157 0.9202
vn 0.1931 0.1429 0.9707
vn 0.1936 0.0558 0.9795
vn -0.0000 0.1520 0.9884
vn -0.0000 0.0600 0.9982
vn -0.1936 0.0558 0.9795
vn -0.1931 0.1429 0.9707
vn -0.3739 0.1157 0.9202
vn -0.3748 0.0428 0.9261
vn 0.1978 -0.0159 0.9801
vn -0.0000 -0.0159 0.9999
vn -0.1978 -0.0159 0.9801
vn -0.3826 -0.0159 0.9238
vn 0.1977 0.0311 0.9798
vn -0.0000 0.0311 0.9995
vn -0.1977 0.0311 0.9798
vn -0.3825 0.0311 0.9234
vn 0.1936 -0.0558 0.9795
vn 0.1931 -0.1429 0.9707
vn -0.0000 -0.0600 0.9982
vn -0.0000 -0.1520 0.9884
vn -0.1931 -0.1429 0.9707
vn -0.1936 -0.0558 0.9795
vn -0.3748 -0.0428 0.9261
vn -0.3739 -0.1157 0.9202
vn -0.5391 0.0686 0.8394
vn -0.5419 0.0202 0.8402
vn -0.7065 0.0416 0.7065
vn -0.7071 0.0049 0.7071
vn -0.8402 0.0202 0.5419
vn -0.8394 0.0686 0.5391
vn -0.9202 0.1157 0.3739
vn -0.9261 0.0428 0.3748
vn -0.5532 -0.0159 0.8329
vn -0.7070 -0.0159 0.7070
vn -0.8329 -0.0159 0.5532
vn -0.9238 -0.0159 0.3826
vn -0.5530 0.0311 0.8326
vn -0.7068 0.0311 0.7068
vn -0.8326 0.0311 0.5530
vn -0.9234 0.0311 0.3825
vn -0.5419 -0.0202 0.8402
vn -0.5391 -0.0686 0.8394
vn -0.7071 -0.0049 0.7071
vn -0.7065 -0.0416 0.7065
vn -0.8394 -0.0686 0.5391
vn -0.8402 -0.0202 0.5419
vn -0.9261 -0.0428 0.3748
vn -0.9202 -0.1157 0.3739
vn -0.9707 0.1429 0.1931
vn -0.9795 0.0558 0.1936
vn -0.9884 0.1520 -0.0000
vn -0.9982 0.0600 -0.0000
vn -0.9795 0.0558 -0.1936
vn -0.9707 0.1429 -0.1931
vn -0.9202 0.1157 -0.3739
vn -0.9261 0.0428 -0.3748
vn -0.9801 -0.0159 0.1978
vn -0.9999 -0.0159 -0.0000
vn -0.9801 -0.0159 -0.1978
vn -0.9238 -0.0159 -0.3826
vn -0.9798 0.0311 0.1977
vn -0.9995 0.0311 -0.0000
vn -0.9798 0.0311 -0.1977
vn -0.9234 0.0311 -0.3825
vn -0.9795 -0.0558 0.1936
vn -0.9707 -0.1429 0.1931
vn -0.9982 -0.0600 -0.0000
vn -0.9884 -0.1520 -0.0000
vn -0.9707 -0.1429 -0.1931
vn -0.9795 -0.0558 -0.1936
vn -0.9261 -0.0428 -0.3748
vn -0.9202 -0.1157 -0.3739
vn -0.8394 0.0686 -0.5391
vn -0.8402 0.0202 -0.5419
vn -0.8329 -0.0159 -0.5532
vn -0.8326 0.0311 -0.5530
vn -0.8402 -0.0202 -0.5419
vn -0.8394 -0.0686 -0.5391
vn -0.9157 0.3433 -0.2088
vn 0.3815 0.0792 0.9210
vn -0.7951 0.3434 0.4999
vn -0.3815 0.0792 0.9210
vt 0.530995 0.084006
vt 0.532174 0.091979
vt 0.524521 0.091862
vt 0.522944 0.084372
vt 0.533525 0.099928
vt 0.526487 0.099249
vt 0.516895 0.091343
vt 0.514885 0.084563
vt 0.519597 0.097837
vt 0.538239 0.075217
vt 0.539027 0.083387
vt 0.530070 0.076004
vt 0.539814 0.091556
vt 0.540601 0.099726
vt 0.541283 0.106740
vt 0.534764 0.106740
vt 0.528349 0.105542
vt 0.522261 0.103233
vt 0.517470 0.100426
vt 0.513798 0.096257
vt 0.510368 0.090722
vt 0.507967 0.084653
vt 0.513731 0.077579
vt 0.506722 0.078254
vt 0.521901 0.076791
vt 0.451518 0.102847
vt 0.451652 0.083164
vt 0.455403 0.083581
vt 0.455363 0.103230
vt 0.451518 0.063807
vt 0.455363 0.064031
vt 0.460446 0.083690
vt 0.460441 0.103296
vt 0.460441 0.064097
vt 0.447613 0.122927
vt 0.448692 0.101222
vt 0.451177 0.122940
vt 0.448921 0.082138
vt 0.448692 0.063611
vt 0.447613 0.044529
vt 0.451177 0.044542
vt 0.455273 0.044541
vt 0.460430 0.044512
vt 0.455273 0.122938
vt 0.460430 0.122909
vt 0.453536 0.143183
vt 0.453536 0.162784
vt 0.448011 0.162782
vt 0.448011 0.143181
vt 0.453536 0.182384
vt 0.448011 0.182383
vt 0.443128 0.162724
vt 0.443128 0.143124
vt 0.443128 0.182325
vt 0.453536 0.201985
vt 0.448011 0.201983
vt 0.443128 0.201926
vt 0.506722 0.063292
vt 0.506722 0.082891
vt 0.448011 0.123581
vt 0.443128 0.123523
vt 0.453536 0.123582
vt 0.512659 0.143186
vt 0.512659 0.162787
vt 0.507134 0.162786
vt 0.507134 0.143185
vt 0.512659 0.182387
vt 0.507134 0.182387
vt 0.502228 0.162730
vt 0.502228 0.143129
vt 0.502228 0.182330
vt 0.519630 0.123535
vt 0.519630 0.143136
vt 0.512659 0.123585
vt 0.519630 0.162736
vt 0.519630 0.182337
vt 0.519630 0.201938
vt 0.512659 0.201988
vt 0.507134 0.201987
vt 0.502228 0.201931
vt 0.502228 0.142540
vt 0.502228 0.162141
vt 0.507134 0.123584
vt 0.502228 0.123528
vt 0.377716 0.139007
vt 0.377607 0.158361
vt 0.374015 0.158744
vt 0.374048 0.139197
vt 0.377716 0.178044
vt 0.374048 0.178392
vt 0.369585 0.158808
vt 0.369589 0.139216
vt 0.369589 0.178412
vt 0.381539 0.119764
vt 0.380658 0.138834
vt 0.377994 0.119746
vt 0.380472 0.157358
vt 0.380658 0.176442
vt 0.381539 0.198155
vt 0.377994 0.198138
vt 0.374122 0.198100
vt 0.369598 0.198024
vt 0.561173 0.142527
vt 0.561169 0.162122
vt 0.374122 0.119709
vt 0.369598 0.119632
vt 0.506722 0.102490
vt 0.506722 0.043692
vt 0.506722 0.122090
vt 0.585882 0.089467
vt 0.585882 0.100170
vt 0.569767 0.100170
vt 0.569767 0.089467
vt 0.585882 0.121576
vt 0.569767 0.121576
vt 0.569767 0.110873
vt 0.585882 0.110873
vt 0.569767 0.078765
vt 0.585882 0.078765
vt 0.502228 0.181742
vt 0.502228 0.122940
vt 0.502228 0.201342
vt 0.561173 0.181728
vt 0.561181 0.122940
vt 0.561181 0.201343
vt 0.436345 0.118791
vt 0.421734 0.118791
vt 0.407123 0.118791
vt 0.392512 0.118791
vt 0.377901 0.118791
vt 0.375432 0.116169
vt 0.373119 0.112790
vt 0.371118 0.107896
vt 0.369585 0.058430
vt 0.371244 0.051290
vt 0.374129 0.046578
vt 0.378840 0.043692
vt 0.435406 0.043692
vt 0.440117 0.046578
vt 0.443002 0.051290
vt 0.443128 0.107896
vt 0.441127 0.112790
vt 0.438814 0.116169
vt 0.561181 0.247259
vt 0.561181 0.240740
vt 0.562379 0.234325
vt 0.564688 0.228237
vt 0.567487 0.223444
vt 0.571662 0.219773
vt 0.577196 0.216344
vt 0.583263 0.213943
vt 0.589661 0.212698
vt 0.596179 0.212699
vt 0.602592 0.213897
vt 0.608679 0.216206
vt 0.613465 0.219014
vt 0.617141 0.223183
vt 0.620569 0.228718
vt 0.622970 0.234786
vt 0.624215 0.241186
vt 0.624215 0.247705
vt 0.623017 0.254120
vt 0.620708 0.260208
vt 0.617896 0.265002
vt 0.613734 0.268672
vt 0.608200 0.272101
vt 0.602133 0.274502
vt 0.595735 0.275746
vt 0.589218 0.275746
vt 0.582804 0.274548
vt 0.576717 0.272238
vt 0.571918 0.269432
vt 0.568255 0.265262
vt 0.564827 0.259727
vt 0.562426 0.253658
vt 0.562949 0.079931
vt 0.562271 0.086970
vt 0.554885 0.088936
vt 0.555001 0.081283
vt 0.560858 0.093860
vt 0.554365 0.096563
vt 0.547395 0.090513
vt 0.547029 0.082461
vt 0.547586 0.098573
vt 0.569767 0.072178
vt 0.569767 0.078698
vt 0.562748 0.072855
vt 0.568569 0.085113
vt 0.566260 0.091201
vt 0.563457 0.095994
vt 0.559285 0.099665
vt 0.553750 0.103094
vt 0.547682 0.105495
vt 0.546409 0.074429
vt 0.554578 0.073642
vt 0.528893 0.051861
vt 0.529084 0.059921
vt 0.521594 0.061497
vt 0.522114 0.053871
vt 0.529450 0.067972
vt 0.521478 0.069151
vt 0.514208 0.063464
vt 0.515621 0.056573
vt 0.513530 0.070502
vt 0.535207 0.043692
vt 0.535878 0.050707
vt 0.528808 0.044937
vt 0.536665 0.058877
vt 0.537452 0.067047
vt 0.506722 0.071735
vt 0.507920 0.065320
vt 0.510229 0.059232
vt 0.517205 0.050767
vt 0.513038 0.054437
vt 0.522740 0.047338
vt 0.556882 0.052597
vt 0.559584 0.059091
vt 0.551958 0.058571
vt 0.549992 0.051184
vt 0.561594 0.065870
vt 0.553535 0.066061
vt 0.544305 0.058454
vt 0.542954 0.050506
vt 0.545484 0.066427
vt 0.559025 0.050006
vt 0.562692 0.054176
vt 0.554229 0.047200
vt 0.566121 0.059711
vt 0.568522 0.065779
vt 0.541726 0.043692
vt 0.548141 0.044890
vt 0.387817 0.147482
vt 0.387817 0.139315
vt 0.422205 0.138602
vt 0.428001 0.137852
vt 0.427899 0.156374
vt 0.422205 0.146769
vt 0.422205 0.130435
vt 0.428484 0.118791
vt 0.443128 0.080386
vt 0.443128 0.088554
vt 0.405011 0.163460
vt 0.405011 0.197669
vt 0.393275 0.197912
vt 0.396414 0.163638
vt 0.387817 0.155649
vt 0.387817 0.163816
vt 0.387817 0.131148
vt 0.405011 0.130792
vt 0.405011 0.119277
vt 0.416748 0.119034
vt 0.413608 0.130614
vt 0.413608 0.163282
vt 0.416748 0.197426
vt 0.428484 0.197182
vt 0.422205 0.163103
vt 0.396414 0.130970
vt 0.393275 0.119521
vt 0.443128 0.072219
vt 0.594263 0.069996
vt 0.586098 0.069827
vt 0.586098 0.061228
vt 0.594263 0.061398
vt 0.577933 0.069658
vt 0.577933 0.061059
vt 0.586098 0.052630
vt 0.594263 0.052799
vt 0.577933 0.052460
vt 0.602428 0.078765
vt 0.594263 0.078595
vt 0.602428 0.070166
vt 0.586098 0.078426
vt 0.577933 0.078257
vt 0.569767 0.078088
vt 0.569767 0.069489
vt 0.569767 0.060890
vt 0.569767 0.052291
vt 0.569767 0.043692
vt 0.577933 0.043861
vt 0.586098 0.044031
vt 0.594263 0.044200
vt 0.602428 0.052968
vt 0.602428 0.044369
vt 0.602428 0.061567
vt 0.443128 0.126959
vt 0.443128 0.135127
vt 0.429333 0.135312
vt 0.429333 0.127143
vt 0.429333 0.151648
vt 0.429333 0.143480
vt 0.443128 0.143295
vt 0.443128 0.151463
vt 0.429333 0.118975
vt 0.443128 0.118791
vt 0.431981 0.208860
vt 0.431981 0.219565
vt 0.415866 0.219565
vt 0.415866 0.208860
vt 0.415866 0.240975
vt 0.415866 0.230270
vt 0.431981 0.230270
vt 0.431981 0.240975
vt 0.415866 0.198155
vt 0.431981 0.198155
vt 0.429333 0.176383
vt 0.429333 0.168216
vt 0.442533 0.167983
vt 0.442533 0.176151
vt 0.442533 0.151648
vt 0.442533 0.159815
vt 0.429333 0.160048
vt 0.429333 0.151880
vt 0.442533 0.184318
vt 0.429333 0.184551
vt 0.429333 0.184665
vt 0.438003 0.184551
vt 0.438003 0.196681
vt 0.429333 0.196796
vt 0.431981 0.198271
vt 0.440605 0.198155
vt 0.440605 0.210286
vt 0.431981 0.210401
vt 0.541659 0.107156
vt 0.549749 0.106988
vt 0.549749 0.119117
vt 0.541659 0.119285
vt 0.431981 0.210547
vt 0.440233 0.210401
vt 0.440233 0.222531
vt 0.431981 0.222676
vt 0.501111 0.202000
vt 0.501727 0.201995
vt 0.501727 0.206407
vt 0.501111 0.206412
vt 0.501003 0.210028
vt 0.501003 0.214440
vt 0.500412 0.214433
vt 0.500412 0.210022
vt 0.502228 0.201985
vt 0.502228 0.206397
vt 0.500475 0.206412
vt 0.500475 0.202000
vt 0.541659 0.106988
vt 0.541659 0.117063
vt 0.531587 0.117063
vt 0.531587 0.106988
vt 0.489416 0.201985
vt 0.499490 0.201985
vt 0.499490 0.212060
vt 0.489416 0.212060
vt 0.494596 0.255315
vt 0.493947 0.264757
vt 0.493470 0.264509
vt 0.493720 0.255309
vt 0.565507 0.107009
vt 0.566049 0.106987
vt 0.566724 0.106987
vt 0.567400 0.107005
vt 0.567951 0.107042
vt 0.568349 0.107414
vt 0.568827 0.107891
vt 0.569292 0.108381
vt 0.569656 0.108793
vt 0.569675 0.109342
vt 0.569675 0.110017
vt 0.569657 0.110693
vt 0.569624 0.111237
vt 0.569249 0.111643
vt 0.568771 0.112120
vt 0.568282 0.112585
vt 0.567873 0.112942
vt 0.567321 0.112968
vt 0.566646 0.112968
vt 0.565971 0.112950
vt 0.565430 0.112910
vt 0.565021 0.112542
vt 0.564543 0.112064
vt 0.564079 0.111574
vt 0.563724 0.111159
vt 0.563696 0.110614
vt 0.563695 0.109938
vt 0.563713 0.109263
vt 0.563756 0.108715
vt 0.564121 0.108313
vt 0.564599 0.107835
vt 0.565089 0.107370
vt 0.557392 0.114875
vt 0.556994 0.110837
vt 0.557663 0.110850
vt 0.557985 0.114888
vt 0.558433 0.110859
vt 0.558666 0.114894
vt 0.554058 0.255365
vt 0.554240 0.252796
vt 0.554874 0.252790
vt 0.554463 0.255605
vt 0.554506 0.248766
vt 0.555227 0.248753
vt 0.559277 0.110865
vt 0.559409 0.114893
vt 0.558972 0.117706
vt 0.559499 0.117462
vt 0.558339 0.117707
vt 0.557719 0.117687
vt 0.560191 0.114901
vt 0.560164 0.110867
vt 0.561060 0.110865
vt 0.560984 0.114901
vt 0.561931 0.110859
vt 0.561755 0.114894
vt 0.560128 0.117711
vt 0.562741 0.110850
vt 0.562470 0.114880
vt 0.561665 0.117704
vt 0.562284 0.117450
vt 0.560898 0.117718
vt 0.432569 0.241288
vt 0.432217 0.237253
vt 0.432940 0.237269
vt 0.433210 0.241304
vt 0.433751 0.237281
vt 0.433927 0.241312
vt 0.563099 0.114875
vt 0.562685 0.117690
vt 0.563457 0.110837
vt 0.434619 0.237288
vt 0.434691 0.241313
vt 0.434183 0.244121
vt 0.434741 0.243879
vt 0.433511 0.244120
vt 0.432849 0.244097
vt 0.435480 0.241321
vt 0.435514 0.237291
vt 0.436402 0.237288
vt 0.436266 0.241321
vt 0.437248 0.237281
vt 0.437015 0.241312
vt 0.435361 0.244128
vt 0.438018 0.237269
vt 0.437695 0.241296
vt 0.436869 0.244119
vt 0.437474 0.243864
vt 0.436118 0.244134
vt 0.549108 0.209872
vt 0.548742 0.205836
vt 0.549450 0.205851
vt 0.549736 0.209887
vt 0.550249 0.205861
vt 0.550443 0.209894
vt 0.548887 0.212422
vt 0.548590 0.209851
vt 0.549402 0.212683
vt 0.438679 0.237253
vt 0.438276 0.241288
vt 0.551112 0.205868
vt 0.551202 0.209894
vt 0.550714 0.212705
vt 0.551264 0.212462
vt 0.550052 0.212704
vt 0.551989 0.209902
vt 0.552005 0.205870
vt 0.552896 0.205868
vt 0.552778 0.209902
vt 0.553750 0.205861
vt 0.553534 0.209894
vt 0.551887 0.212710
vt 0.554532 0.205851
vt 0.554224 0.209879
vt 0.553405 0.212703
vt 0.554014 0.212448
vt 0.552648 0.212717
vt 0.549169 0.252790
vt 0.548767 0.248753
vt 0.549430 0.248766
vt 0.549758 0.252803
vt 0.550197 0.248775
vt 0.550435 0.252810
vt 0.554820 0.209872
vt 0.554380 0.212686
vt 0.555210 0.205836
vt 0.551038 0.248781
vt 0.551175 0.252809
vt 0.550745 0.255622
vt 0.551269 0.255378
vt 0.550117 0.255622
vt 0.549501 0.255602
vt 0.551956 0.252816
vt 0.551924 0.248783
vt 0.552821 0.248781
vt 0.552750 0.252816
vt 0.553693 0.248775
vt 0.553523 0.252809
vt 0.551898 0.255627
vt 0.558277 0.107369
vt 0.559187 0.107375
vt 0.553438 0.255620
vt 0.552670 0.255634
vt 0.555187 0.265791
vt 0.554513 0.265779
vt 0.554626 0.265449
vt 0.555328 0.265462
vt 0.553734 0.265770
vt 0.553816 0.265440
vt 0.432046 0.233406
vt 0.432810 0.233423
vt 0.432760 0.233780
vt 0.431981 0.233763
vt 0.433667 0.233435
vt 0.433635 0.233793
vt 0.550182 0.265774
vt 0.550656 0.275213
vt 0.550118 0.274975
vt 0.549356 0.265784
vt 0.490245 0.255329
vt 0.491083 0.264523
vt 0.490763 0.264776
vt 0.489556 0.255345
vt 0.554075 0.275225
vt 0.553540 0.275227
vt 0.552995 0.275209
vt 0.552880 0.265765
vt 0.552926 0.265434
vt 0.434586 0.233443
vt 0.434571 0.233801
vt 0.562923 0.107359
vt 0.563695 0.107345
vt 0.437406 0.233793
vt 0.438236 0.233780
vt 0.562873 0.107002
vt 0.563631 0.106988
vt 0.489418 0.255015
vt 0.490136 0.254999
vt 0.596191 0.088895
vt 0.595280 0.088898
vt 0.595251 0.088567
vt 0.596199 0.088564
vt 0.594396 0.088905
vt 0.594330 0.088574
vt 0.552013 0.202024
vt 0.552955 0.202021
vt 0.552976 0.202379
vt 0.552015 0.202381
vt 0.553858 0.202015
vt 0.553897 0.202372
vt 0.591032 0.098699
vt 0.590460 0.108147
vt 0.589974 0.107900
vt 0.590150 0.098696
vt 0.597092 0.088896
vt 0.596762 0.098093
vt 0.596217 0.098337
vt 0.595548 0.098350
vt 0.594881 0.098344
vt 0.593573 0.088915
vt 0.593474 0.088585
vt 0.554685 0.202003
vt 0.554740 0.202361
vt 0.551051 0.202379
vt 0.550037 0.245285
vt 0.550944 0.245291
vt 0.551068 0.202022
vt 0.597137 0.088565
vt 0.551980 0.265764
vt 0.551068 0.265767
vt 0.551041 0.265436
vt 0.551989 0.265433
vt 0.550118 0.265443
vt 0.435532 0.233446
vt 0.436471 0.233443
vt 0.436494 0.233801
vt 0.435536 0.233804
vt 0.437366 0.233435
vt 0.597950 0.088901
vt 0.597221 0.098340
vt 0.552538 0.274962
vt 0.551993 0.275206
vt 0.551323 0.275219
vt 0.549258 0.265454
vt 0.438180 0.233423
vt 0.550121 0.202372
vt 0.592590 0.098718
vt 0.591856 0.098706
vt 0.591952 0.098375
vt 0.592716 0.098387
vt 0.591095 0.098367
vt 0.548566 0.244904
vt 0.549268 0.244917
vt 0.549211 0.245274
vt 0.548496 0.245261
vt 0.550078 0.244927
vt 0.587604 0.107927
vt 0.586697 0.098734
vt 0.587479 0.098718
vt 0.588127 0.108162
vt 0.594345 0.098106
vt 0.593996 0.098357
vt 0.592845 0.088929
vt 0.591619 0.108162
vt 0.591045 0.108164
vt 0.590176 0.098364
vt 0.550968 0.244934
vt 0.555471 0.202345
vt 0.553808 0.245284
vt 0.554685 0.245274
vt 0.555403 0.201988
vt 0.592716 0.088599
vt 0.492812 0.255308
vt 0.491907 0.255311
vt 0.491866 0.254979
vt 0.492808 0.254976
vt 0.491039 0.255318
vt 0.490963 0.254987
vt 0.560148 0.107020
vt 0.561096 0.107018
vt 0.561111 0.107375
vt 0.560144 0.107377
vt 0.562017 0.107012
vt 0.562050 0.107369
vt 0.492929 0.264753
vt 0.492268 0.264766
vt 0.491610 0.264761
vt 0.559210 0.107018
vt 0.493753 0.254978
vt 0.599412 0.088922
vt 0.598732 0.088910
vt 0.598844 0.088580
vt 0.599551 0.088592
vt 0.598029 0.088571
vt 0.548562 0.201988
vt 0.549310 0.202003
vt 0.549259 0.202360
vt 0.548496 0.202345
vt 0.550156 0.202015
vt 0.549766 0.275227
vt 0.548623 0.265798
vt 0.598308 0.098356
vt 0.597770 0.098357
vt 0.438950 0.233763
vt 0.438880 0.233406
vt 0.548496 0.265468
vt 0.589240 0.098699
vt 0.588338 0.098706
vt 0.588291 0.098375
vt 0.589230 0.098367
vt 0.587396 0.098387
vt 0.551904 0.244936
vt 0.552853 0.244933
vt 0.552867 0.245291
vt 0.551900 0.245293
vt 0.553776 0.244927
vt 0.589438 0.108147
vt 0.588780 0.108164
vt 0.586582 0.098404
vt 0.554636 0.244917
vt 0.496128 0.255339
vt 0.495409 0.255325
vt 0.495511 0.254995
vt 0.496259 0.255009
vt 0.494665 0.254984
vt 0.556796 0.106988
vt 0.557503 0.107002
vt 0.557446 0.107359
vt 0.556725 0.107345
vt 0.558317 0.107012
vt 0.495531 0.264542
vt 0.495087 0.264775
vt 0.496723 0.255356
vt 0.494522 0.264776
vt 0.555462 0.245261
vt 0.555398 0.244904
vt 0.586025 0.098754
vt 0.585882 0.098425
vt 0.601630 0.115079
vt 0.602260 0.115056
vt 0.603037 0.115056
vt 0.603814 0.115077
vt 0.604447 0.115117
vt 0.604909 0.115547
vt 0.605458 0.116097
vt 0.605993 0.116661
vt 0.606413 0.117135
vt 0.606435 0.117768
vt 0.606435 0.118545
vt 0.606414 0.119322
vt 0.606376 0.119952
vt 0.605944 0.120417
vt 0.605394 0.120966
vt 0.604830 0.121501
vt 0.604357 0.121918
vt 0.603723 0.121942
vt 0.602946 0.121943
vt 0.602169 0.121922
vt 0.601540 0.121880
vt 0.601075 0.121451
vt 0.600525 0.120902
vt 0.599990 0.120337
vt 0.599575 0.119862
vt 0.599549 0.119231
vt 0.599548 0.118454
vt 0.599569 0.117676
vt 0.599612 0.117045
vt 0.600039 0.116582
vt 0.600589 0.116032
vt 0.601153 0.115497
vt 0.601630 0.108193
vt 0.602260 0.108170
vt 0.603037 0.108170
vt 0.603814 0.108191
vt 0.604447 0.108230
vt 0.604909 0.108661
vt 0.605458 0.109211
vt 0.605993 0.109775
vt 0.606413 0.110249
vt 0.606435 0.110881
vt 0.606435 0.111659
vt 0.606414 0.112436
vt 0.606376 0.113066
vt 0.605944 0.113530
vt 0.605394 0.114080
vt 0.604830 0.114615
vt 0.604357 0.115032
vt 0.603723 0.115056
vt 0.602946 0.115056
vt 0.602169 0.115036
vt 0.601540 0.114994
vt 0.601075 0.114565
vt 0.600525 0.114015
vt 0.599990 0.113451
vt 0.599575 0.112976
vt 0.599549 0.112345
vt 0.599548 0.111567
vt 0.599569 0.110790
vt 0.599612 0.110158
vt 0.600039 0.109696
vt 0.600589 0.109146
vt 0.601153 0.108611
vt 0.586697 0.079135
vt 0.586025 0.079155
vt 0.585882 0.078825
vt 0.586582 0.078805
vt 0.438122 0.244148
vt 0.438885 0.244134
vt 0.438949 0.244491
vt 0.438171 0.244505
vt 0.437187 0.226547
vt 0.437305 0.223057
vt 0.438179 0.223047
vt 0.437997 0.226538
vt 0.437993 0.247996
vt 0.438714 0.247983
vt 0.432250 0.226525
vt 0.431981 0.223033
vt 0.432702 0.223046
vt 0.432918 0.226538
vt 0.433533 0.223057
vt 0.433689 0.226547
vt 0.433573 0.222699
vt 0.434465 0.222706
vt 0.434443 0.223063
vt 0.437162 0.255203
vt 0.436286 0.255197
vt 0.436319 0.254865
vt 0.437230 0.254872
vt 0.437088 0.264663
vt 0.436513 0.264645
vt 0.437974 0.255213
vt 0.437653 0.264663
vt 0.438693 0.255227
vt 0.438097 0.264429
vt 0.439288 0.255244
vt 0.433605 0.255206
vt 0.434176 0.264648
vt 0.433649 0.264411
vt 0.432810 0.255217
vt 0.432758 0.222690
vt 0.432051 0.222676
vt 0.438076 0.254882
vt 0.438825 0.254897
vt 0.590150 0.079097
vt 0.589240 0.079099
vt 0.589230 0.078767
vt 0.590176 0.078765
vt 0.434454 0.244164
vt 0.435391 0.244166
vt 0.435386 0.244523
vt 0.434431 0.244521
vt 0.435410 0.248013
vt 0.434524 0.248011
vt 0.436353 0.244521
vt 0.436307 0.248011
vt 0.437294 0.244515
vt 0.437180 0.248005
vt 0.437262 0.244157
vt 0.587479 0.079119
vt 0.587396 0.078788
vt 0.588780 0.088564
vt 0.588127 0.088562
vt 0.588338 0.079107
vt 0.589438 0.088547
vt 0.589974 0.088301
vt 0.436339 0.244164
vt 0.588291 0.078775
vt 0.433316 0.265015
vt 0.432584 0.265028
vt 0.432456 0.264699
vt 0.433219 0.264684
vt 0.495615 0.233535
vt 0.496315 0.233518
vt 0.496385 0.233876
vt 0.495672 0.233893
vt 0.553750 0.216590
vt 0.553897 0.213101
vt 0.554740 0.213089
vt 0.554532 0.216580
vt 0.496115 0.237366
vt 0.495453 0.237382
vt 0.548742 0.216565
vt 0.548496 0.213074
vt 0.549259 0.213089
vt 0.549450 0.216579
vt 0.550121 0.213101
vt 0.550249 0.216590
vt 0.550156 0.212744
vt 0.551068 0.212750
vt 0.551051 0.213108
vt 0.597950 0.079102
vt 0.597092 0.079096
vt 0.597137 0.078766
vt 0.598029 0.078771
vt 0.597770 0.088558
vt 0.597221 0.088540
vt 0.598732 0.079110
vt 0.598308 0.088556
vt 0.599412 0.079122
vt 0.434079 0.274205
vt 0.433727 0.274457
vt 0.594396 0.079105
vt 0.594881 0.088544
vt 0.594345 0.088306
vt 0.593573 0.079115
vt 0.549310 0.212732
vt 0.548562 0.212717
vt 0.598844 0.078780
vt 0.599551 0.078793
vt 0.435378 0.255195
vt 0.435374 0.254864
vt 0.435404 0.222708
vt 0.435400 0.223065
vt 0.491186 0.237393
vt 0.491070 0.233905
vt 0.492006 0.233913
vt 0.492054 0.237401
vt 0.435420 0.226555
vt 0.434533 0.226553
vt 0.436366 0.223063
vt 0.436316 0.226553
vt 0.437272 0.222699
vt 0.438129 0.222690
vt 0.432701 0.254886
vt 0.433528 0.254875
vt 0.434833 0.264654
vt 0.434473 0.255198
vt 0.435495 0.264641
vt 0.436035 0.264397
vt 0.437695 0.265001
vt 0.436956 0.274440
vt 0.436499 0.274192
vt 0.436841 0.264995
vt 0.436352 0.222705
vt 0.434431 0.254867
vt 0.592845 0.079129
vt 0.592716 0.078799
vt 0.593474 0.078785
vt 0.554685 0.212732
vt 0.555403 0.212717
vt 0.555471 0.213074
vt 0.555210 0.216565
vt 0.432254 0.247983
vt 0.431982 0.244491
vt 0.432697 0.244505
vt 0.432917 0.247996
vt 0.433524 0.244515
vt 0.433683 0.248005
vt 0.433565 0.244157
vt 0.591032 0.079099
vt 0.591095 0.078767
vt 0.591045 0.088564
vt 0.590460 0.088547
vt 0.591856 0.079107
vt 0.591619 0.088562
vt 0.592590 0.079119
vt 0.593996 0.088558
vt 0.587604 0.088327
vt 0.432754 0.244147
vt 0.432053 0.244134
vt 0.591952 0.078775
vt 0.592716 0.078788
vt 0.435941 0.264994
vt 0.435950 0.264664
vt 0.436887 0.264665
vt 0.492021 0.233555
vt 0.492967 0.233558
vt 0.492972 0.233916
vt 0.551112 0.216597
vt 0.492949 0.237403
vt 0.493929 0.233913
vt 0.493837 0.237401
vt 0.494841 0.233905
vt 0.494683 0.237393
vt 0.494801 0.233548
vt 0.434143 0.265004
vt 0.434079 0.264674
vt 0.435284 0.274449
vt 0.434617 0.274443
vt 0.435029 0.264997
vt 0.435954 0.274436
vt 0.596762 0.088293
vt 0.493906 0.233555
vt 0.435002 0.264667
vt 0.596191 0.079095
vt 0.596199 0.078764
vt 0.552013 0.212753
vt 0.552015 0.213110
vt 0.552005 0.216599
vt 0.552976 0.213108
vt 0.552896 0.216597
vt 0.553858 0.212743
vt 0.594330 0.078775
vt 0.595548 0.088550
vt 0.595280 0.079098
vt 0.596217 0.088537
vt 0.552955 0.212750
vt 0.595251 0.078768
vt 0.432121 0.255232
vt 0.431984 0.254902
vt 0.438886 0.222676
vt 0.438951 0.223033
vt 0.438713 0.226525
vt 0.489652 0.237366
vt 0.489416 0.233876
vt 0.490196 0.233893
vt 0.490375 0.237382
vt 0.491103 0.233548
vt 0.437776 0.264670
vt 0.437501 0.274457
vt 0.438474 0.265009
vt 0.438036 0.274455
vt 0.439148 0.265022
vt 0.433329 0.264663
vt 0.490245 0.233535
vt 0.489481 0.233518
vt 0.438587 0.264679
vt 0.439288 0.264692
vt 0.435385 0.254857
vt 0.435442 0.252047
vt 0.436236 0.252047
vt 0.436156 0.254864
vt 0.437009 0.252040
vt 0.436924 0.254850
vt 0.437727 0.252026
vt 0.437544 0.254595
vt 0.434661 0.252039
vt 0.434755 0.254608
vt 0.432987 0.254832
vt 0.432656 0.252020
vt 0.433244 0.252033
vt 0.433603 0.254852
vt 0.433921 0.252040
vt 0.434231 0.254852
vt 0.554224 0.220608
vt 0.554820 0.220601
vt 0.554014 0.223177
vt 0.554380 0.223415
vt 0.551887 0.223439
vt 0.551989 0.220631
vt 0.552778 0.220631
vt 0.552648 0.223446
vt 0.553534 0.220623
vt 0.553405 0.223432
vt 0.551202 0.220623
vt 0.551264 0.223191
vt 0.549402 0.223412
vt 0.549108 0.220601
vt 0.549736 0.220616
vt 0.550052 0.223433
vt 0.550443 0.220623
vt 0.550714 0.223434
vt 0.495130 0.241409
vt 0.495711 0.241400
vt 0.548887 0.223151
vt 0.548590 0.220580
vt 0.492796 0.244240
vt 0.492915 0.241433
vt 0.493701 0.241433
vt 0.493553 0.244246
vt 0.494450 0.241425
vt 0.494305 0.244232
vt 0.494909 0.243976
vt 0.492127 0.241425
vt 0.492177 0.243992
vt 0.490284 0.244210
vt 0.490005 0.241400
vt 0.490645 0.241416
vt 0.490946 0.244232
vt 0.491362 0.241425
vt 0.491618 0.244234
vt 0.437726 0.230568
vt 0.438355 0.230562
vt 0.437540 0.233138
vt 0.437940 0.233378
vt 0.435383 0.233399
vt 0.435446 0.230589
vt 0.436240 0.230589
vt 0.436154 0.233406
vt 0.437011 0.230582
vt 0.436921 0.233392
vt 0.434664 0.230581
vt 0.434754 0.233150
vt 0.432975 0.233375
vt 0.432648 0.230562
vt 0.433241 0.230575
vt 0.433595 0.233395
vt 0.433922 0.230582
vt 0.434227 0.233394
vt 0.438360 0.252020
vt 0.437949 0.254835
vt 0.565507 0.112990
vt 0.566049 0.112968
vt 0.566724 0.112968
vt 0.567400 0.112986
vt 0.567951 0.113022
vt 0.568349 0.113394
vt 0.568827 0.113872
vt 0.569292 0.114362
vt 0.569656 0.114773
vt 0.569675 0.115323
vt 0.569675 0.115998
vt 0.569657 0.116673
vt 0.569624 0.117218
vt 0.569249 0.117623
vt 0.568771 0.118101
vt 0.568282 0.118566
vt 0.567873 0.118923
vt 0.567321 0.118949
vt 0.566646 0.118949
vt 0.565971 0.118931
vt 0.565430 0.118890
vt 0.565021 0.118522
vt 0.564543 0.118045
vt 0.564079 0.117555
vt 0.563724 0.117139
vt 0.563696 0.116594
vt 0.563695 0.115919
vt 0.563713 0.115243
vt 0.563756 0.114695
vt 0.564121 0.114294
vt 0.564599 0.113816
vt 0.565089 0.113351
vt 0.544251 0.122280
vt 0.543661 0.122519
vt 0.542999 0.122519
vt 0.542375 0.122299
vt 0.541899 0.121877
vt 0.541659 0.121287
vt 0.541659 0.120625
vt 0.541880 0.120000
vt 0.542302 0.119524
vt 0.542891 0.119285
vt 0.543554 0.119285
vt 0.544178 0.119505
vt 0.544654 0.119927
vt 0.544893 0.120517
vt 0.544893 0.121179
vt 0.544673 0.121803
vt 0.441919 0.210420
vt 0.442518 0.210413
vt 0.442518 0.214825
vt 0.441919 0.214832
vt 0.441169 0.198170
vt 0.441169 0.202582
vt 0.440605 0.202576
vt 0.440605 0.198163
vt 0.442989 0.210401
vt 0.442989 0.214813
vt 0.441284 0.214833
vt 0.441284 0.210421
vt 0.501638 0.210027
vt 0.502228 0.210019
vt 0.502228 0.214430
vt 0.501638 0.214438
vt 0.440699 0.214826
vt 0.440699 0.210415
vt 0.440233 0.210403
vt 0.440233 0.214815
vt 0.441806 0.198170
vt 0.442424 0.198165
vt 0.442424 0.202577
vt 0.441806 0.202582
vt 0.499908 0.206406
vt 0.499908 0.201993
vt 0.442929 0.198155
vt 0.442929 0.202568
vt 0.555466 0.223512
vt 0.560439 0.223446
vt 0.560439 0.229224
vt 0.555466 0.229290
vt 0.555471 0.209684
vt 0.560419 0.209618
vt 0.560419 0.215396
vt 0.555471 0.215462
vt 0.555471 0.215558
vt 0.560113 0.215462
vt 0.560113 0.221239
vt 0.555471 0.221335
vt 0.537366 0.117063
vt 0.537366 0.122842
vt 0.531587 0.122842
vt 0.496392 0.229765
vt 0.496392 0.223986
vt 0.502170 0.223986
vt 0.502170 0.229765
vt 0.498268 0.217892
vt 0.500165 0.217935
vt 0.500170 0.219497
vt 0.498273 0.219549
vt 0.496397 0.219505
vt 0.498285 0.221161
vt 0.496409 0.221026
vt 0.500182 0.221017
vt 0.498270 0.216255
vt 0.496392 0.217943
vt 0.496394 0.216399
vt 0.500167 0.216391
vt 0.500200 0.222434
vt 0.498304 0.222664
vt 0.496426 0.222442
vt 0.500939 0.208204
vt 0.499504 0.208133
vt 0.499929 0.206412
vt 0.500951 0.206780
vt 0.500805 0.209605
vt 0.499751 0.209857
vt 0.442976 0.204441
vt 0.442537 0.205805
vt 0.441578 0.206006
vt 0.441886 0.204321
vt 0.551720 0.120791
vt 0.551795 0.121879
vt 0.550052 0.121449
vt 0.550306 0.120682
vt 0.441776 0.196183
vt 0.439899 0.196502
vt 0.439925 0.195194
vt 0.441801 0.194950
vt 0.438003 0.196181
vt 0.438028 0.194948
vt 0.439945 0.193717
vt 0.441820 0.193557
vt 0.438047 0.193554
vt 0.557370 0.230513
vt 0.557369 0.229290
vt 0.559237 0.229713
vt 0.559238 0.230866
vt 0.555466 0.230772
vt 0.555466 0.229619
vt 0.438058 0.192053
vt 0.439957 0.192124
vt 0.441831 0.192055
vt 0.496439 0.212443
vt 0.498317 0.212060
vt 0.498295 0.213285
vt 0.496418 0.213599
vt 0.500212 0.212435
vt 0.500191 0.213591
vt 0.498279 0.214701
vt 0.496403 0.214934
vt 0.500176 0.214926
vt 0.439925 0.185804
vt 0.439899 0.184551
vt 0.441776 0.184914
vt 0.441801 0.186095
vt 0.438028 0.186093
vt 0.438003 0.184912
vt 0.514055 0.110477
vt 0.513120 0.109980
vt 0.513691 0.108792
vt 0.514849 0.109407
vt 0.440605 0.205567
vt 0.440605 0.204147
vt 0.442886 0.202996
vt 0.442003 0.202582
vt 0.440954 0.202759
vt 0.558934 0.234557
vt 0.557314 0.234566
vt 0.557339 0.233325
vt 0.559128 0.233480
vt 0.555672 0.234476
vt 0.555518 0.233389
vt 0.557359 0.231914
vt 0.559217 0.232183
vt 0.555466 0.232089
vt 0.557287 0.235510
vt 0.558701 0.235222
vt 0.555873 0.235151
vt 0.549749 0.118184
vt 0.551597 0.117717
vt 0.551634 0.118816
vt 0.549853 0.119184
vt 0.553497 0.117979
vt 0.553460 0.118988
vt 0.551677 0.119879
vt 0.550063 0.120085
vt 0.553321 0.119908
vt 0.498328 0.223986
vt 0.496459 0.223688
vt 0.500212 0.223680
vt 0.553132 0.120528
vt 0.441835 0.190498
vt 0.439961 0.190473
vt 0.439957 0.188826
vt 0.441831 0.188945
vt 0.438062 0.190496
vt 0.438058 0.188943
vt 0.439945 0.187249
vt 0.441820 0.187458
vt 0.438047 0.187456
vt 0.442839 0.188304
vt 0.442132 0.188215
vt 0.441835 0.186419
vt 0.442489 0.186435
vt 0.512107 0.109670
vt 0.512437 0.108408
vt 0.514231 0.107604
vt 0.515612 0.108338
vt 0.512735 0.107146
vt 0.511056 0.109563
vt 0.511135 0.108275
vt 0.524536 0.120258
vt 0.525549 0.119948
vt 0.526112 0.121136
vt 0.524857 0.121520
vt 0.511183 0.106988
vt 0.515863 0.110234
vt 0.516821 0.109324
vt 0.514874 0.111145
vt 0.526485 0.119451
vt 0.527270 0.120521
vt 0.526660 0.122324
vt 0.525165 0.122782
vt 0.528042 0.121590
vt 0.527304 0.118783
vt 0.528284 0.119693
vt 0.515542 0.117964
vt 0.516039 0.117029
vt 0.517305 0.117521
vt 0.516690 0.118679
vt 0.529251 0.120604
vt 0.523555 0.121652
vt 0.523612 0.122940
vt 0.523485 0.120365
vt 0.516349 0.116016
vt 0.517689 0.116266
vt 0.518541 0.118013
vt 0.517807 0.119394
vt 0.518999 0.116517
vt 0.516456 0.114964
vt 0.517821 0.114964
vt 0.508193 0.119946
vt 0.509030 0.120098
vt 0.508650 0.121257
vt 0.507651 0.120925
vt 0.519156 0.114964
vt 0.515863 0.119693
vt 0.516821 0.120604
vt 0.514874 0.118783
vt 0.510009 0.120277
vt 0.509842 0.121535
vt 0.508296 0.122440
vt 0.507282 0.121986
vt 0.509650 0.122796
vt 0.511056 0.120365
vt 0.511135 0.121652
vt 0.522438 0.109651
vt 0.521460 0.109830
vt 0.521071 0.108671
vt 0.522262 0.108393
vt 0.511183 0.122940
vt 0.506899 0.120629
vt 0.506722 0.121609
vt 0.507636 0.119887
vt 0.520624 0.109982
vt 0.520075 0.109003
vt 0.520726 0.107488
vt 0.522079 0.107132
vt 0.519713 0.107942
vt 0.520070 0.110041
vt 0.519329 0.109299
vt 0.528779 0.113912
vt 0.528469 0.112899
vt 0.529727 0.112407
vt 0.530111 0.113662
vt 0.519156 0.108319
vt 0.523555 0.108275
vt 0.523612 0.106988
vt 0.523485 0.109563
vt 0.527972 0.111964
vt 0.529112 0.111249
vt 0.530972 0.111915
vt 0.531429 0.113411
vt 0.530238 0.110534
vt 0.527304 0.111145
vt 0.528284 0.110234
vt 0.516349 0.113912
vt 0.516039 0.112899
vt 0.517305 0.112407
vt 0.517689 0.113662
vt 0.529251 0.109324
vt 0.530243 0.114964
vt 0.531587 0.114964
vt 0.528886 0.114964
vt 0.515542 0.111964
vt 0.516690 0.111249
vt 0.518541 0.111915
vt 0.518999 0.113411
vt 0.517807 0.110534
vt 0.527972 0.117964
vt 0.528469 0.117029
vt 0.529727 0.117521
vt 0.529112 0.118679
vt 0.528779 0.116016
vt 0.530111 0.116266
vt 0.530972 0.118013
vt 0.530238 0.119394
vt 0.531429 0.116517
vt 0.512107 0.120258
vt 0.513120 0.119948
vt 0.513691 0.121136
vt 0.512437 0.121520
vt 0.514055 0.119451
vt 0.514849 0.120521
vt 0.514231 0.122324
vt 0.512735 0.122782
vt 0.515612 0.121590
vt 0.510009 0.109651
vt 0.509030 0.109830
vt 0.508650 0.108671
vt 0.509842 0.108393
vt 0.508193 0.109982
vt 0.507651 0.109003
vt 0.508296 0.107488
vt 0.509650 0.107132
vt 0.507282 0.107942
vt 0.506899 0.109299
vt 0.507636 0.110041
vt 0.526485 0.110477
vt 0.525549 0.109980
vt 0.526112 0.108792
vt 0.527270 0.109407
vt 0.506722 0.108319
vt 0.524536 0.109670
vt 0.524857 0.108408
vt 0.526660 0.107604
vt 0.528042 0.108338
vt 0.525165 0.107146
vt 0.520624 0.119946
vt 0.521460 0.120098
vt 0.521071 0.121257
vt 0.520075 0.120925
vt 0.522438 0.120277
vt 0.522262 0.121535
vt 0.520726 0.122440
vt 0.519713 0.121986
vt 0.522079 0.122796
vt 0.519329 0.120629
vt 0.519156 0.121609
vt 0.520070 0.119887
vt 0.501773 0.210019
vt 0.501202 0.209832
vt 0.501603 0.208227
vt 0.502228 0.208242
vt 0.442132 0.184604
vt 0.442839 0.184551
vt 0.501370 0.206574
vt 0.501958 0.206412
vt 0.540860 0.117831
vt 0.541041 0.118626
vt 0.539245 0.118502
vt 0.539238 0.117712
vt 0.440836 0.223733
vt 0.440818 0.223011
vt 0.442704 0.222676
vt 0.442733 0.223464
vt 0.438960 0.223464
vt 0.438951 0.222676
vt 0.541119 0.119558
vt 0.539253 0.119373
vt 0.537429 0.118626
vt 0.537597 0.117830
vt 0.537366 0.119558
vt 0.541140 0.120504
vt 0.539262 0.120238
vt 0.555471 0.209618
vt 0.555486 0.208829
vt 0.557364 0.208553
vt 0.557350 0.209272
vt 0.537366 0.120504
vt 0.539228 0.117063
vt 0.537809 0.117325
vt 0.540639 0.117325
vt 0.555497 0.207920
vt 0.557374 0.207725
vt 0.559260 0.208825
vt 0.559245 0.209614
vt 0.559271 0.207916
vt 0.555504 0.206924
vt 0.557380 0.206819
vt 0.555506 0.205878
vt 0.555504 0.204820
vt 0.557380 0.204903
vt 0.557382 0.205866
vt 0.559278 0.206920
vt 0.539275 0.121012
vt 0.537380 0.121354
vt 0.541154 0.121355
vt 0.555497 0.203793
vt 0.557374 0.203967
vt 0.559277 0.204816
vt 0.559280 0.205874
vt 0.559271 0.203789
vt 0.555486 0.202837
vt 0.557364 0.203097
vt 0.438951 0.230308
vt 0.438969 0.229455
vt 0.440843 0.229188
vt 0.440827 0.229965
vt 0.559260 0.202833
vt 0.438981 0.228499
vt 0.440855 0.228317
vt 0.442741 0.229455
vt 0.442724 0.230308
vt 0.442754 0.228499
vt 0.438989 0.227474
vt 0.440861 0.227384
vt 0.438990 0.226418
vt 0.438985 0.225371
vt 0.440858 0.225469
vt 0.440862 0.226423
vt 0.442761 0.227474
vt 0.557350 0.202327
vt 0.559245 0.201988
vt 0.555471 0.201992
vt 0.438975 0.224372
vt 0.440849 0.224560
vt 0.442758 0.225371
vt 0.442763 0.226418
vt 0.442748 0.224372
vt 0.553497 0.121261
vt 0.553673 0.255973
vt 0.553025 0.265415
vt 0.552547 0.265166
vt 0.552797 0.255967
vt 0.417678 0.257705
vt 0.418220 0.257684
vt 0.418895 0.257684
vt 0.419570 0.257701
vt 0.420121 0.257738
vt 0.420520 0.258110
vt 0.420998 0.258587
vt 0.421463 0.259077
vt 0.421827 0.259489
vt 0.421846 0.260038
vt 0.421846 0.260713
vt 0.421828 0.261389
vt 0.421795 0.261933
vt 0.421420 0.262339
vt 0.420942 0.262816
vt 0.420452 0.263281
vt 0.420044 0.263638
vt 0.419492 0.263664
vt 0.418817 0.263664
vt 0.418142 0.263646
vt 0.417600 0.263606
vt 0.417192 0.263238
vt 0.416714 0.262760
vt 0.416249 0.262270
vt 0.415895 0.261855
vt 0.415866 0.261310
vt 0.415866 0.260634
vt 0.415884 0.259959
vt 0.415927 0.259411
vt 0.416292 0.259009
vt 0.416769 0.258531
vt 0.417260 0.258066
vt 0.549162 0.231332
vt 0.548764 0.227295
vt 0.549433 0.227308
vt 0.549755 0.231345
vt 0.550203 0.227317
vt 0.550436 0.231352
vt 0.494979 0.254708
vt 0.495161 0.252138
vt 0.495795 0.252132
vt 0.495383 0.254948
vt 0.495427 0.248108
vt 0.496148 0.248095
vt 0.551047 0.227323
vt 0.551179 0.231351
vt 0.550742 0.234164
vt 0.551269 0.233920
vt 0.550110 0.234164
vt 0.549490 0.234145
vt 0.551961 0.231358
vt 0.551934 0.227325
vt 0.552831 0.227323
vt 0.552754 0.231359
vt 0.553701 0.227317
vt 0.553525 0.231352
vt 0.551898 0.234169
vt 0.554511 0.227308
vt 0.554240 0.231338
vt 0.553435 0.234162
vt 0.554054 0.233907
vt 0.552668 0.234176
vt 0.416454 0.248857
vt 0.416102 0.244822
vt 0.416825 0.244838
vt 0.417095 0.248873
vt 0.417635 0.244850
vt 0.417812 0.248881
vt 0.554870 0.231332
vt 0.554455 0.234147
vt 0.555227 0.227295
vt 0.418504 0.244857
vt 0.418576 0.248882
vt 0.418068 0.251690
vt 0.418626 0.251448
vt 0.417396 0.251689
vt 0.416734 0.251666
vt 0.419365 0.248890
vt 0.419399 0.244860
vt 0.420287 0.244857
vt 0.420151 0.248889
vt 0.421133 0.244850
vt 0.420900 0.248881
vt 0.419246 0.251697
vt 0.421903 0.244838
vt 0.421580 0.248865
vt 0.420754 0.251688
vt 0.421359 0.251433
vt 0.420003 0.251703
vt 0.490029 0.219944
vt 0.489663 0.215908
vt 0.490370 0.215922
vt 0.490656 0.219958
vt 0.491170 0.215933
vt 0.491364 0.219966
vt 0.489808 0.222494
vt 0.489511 0.219922
vt 0.490323 0.222754
vt 0.422564 0.244822
vt 0.422161 0.248857
vt 0.492032 0.215939
vt 0.492123 0.219966
vt 0.491635 0.222776
vt 0.492184 0.222533
vt 0.490973 0.222776
vt 0.492910 0.219973
vt 0.492926 0.215941
vt 0.493817 0.215939
vt 0.493699 0.219973
vt 0.494671 0.215933
vt 0.494455 0.219966
vt 0.492807 0.222782
vt 0.495453 0.215922
vt 0.495145 0.219950
vt 0.494325 0.222774
vt 0.494935 0.222519
vt 0.493569 0.222789
vt 0.490090 0.252132
vt 0.489688 0.248095
vt 0.490351 0.248108
vt 0.490678 0.252146
vt 0.491118 0.248118
vt 0.491356 0.252152
vt 0.495741 0.219944
vt 0.495301 0.222758
vt 0.496131 0.215908
vt 0.491958 0.248123
vt 0.492096 0.252151
vt 0.491665 0.254964
vt 0.492189 0.254720
vt 0.491037 0.254965
vt 0.490422 0.254945
vt 0.492877 0.252159
vt 0.492844 0.248125
vt 0.493741 0.248123
vt 0.493670 0.252159
vt 0.494614 0.248117
vt 0.494443 0.252152
vt 0.492819 0.254969
vt 0.550048 0.223826
vt 0.550957 0.223833
vt 0.494359 0.254962
vt 0.493590 0.254976
vt 0.599408 0.108528
vt 0.598734 0.108516
vt 0.598847 0.108186
vt 0.599548 0.108198
vt 0.597955 0.108507
vt 0.598036 0.108176
vt 0.415931 0.240975
vt 0.416695 0.240992
vt 0.416645 0.241349
vt 0.415866 0.241332
vt 0.417552 0.241004
vt 0.417520 0.241362
vt 0.594403 0.108511
vt 0.594877 0.117950
vt 0.594339 0.117712
vt 0.593576 0.108521
vt 0.549322 0.255987
vt 0.550160 0.265180
vt 0.549841 0.265433
vt 0.548633 0.256002
vt 0.598296 0.117962
vt 0.597761 0.117963
vt 0.597216 0.117946
vt 0.597101 0.108502
vt 0.597147 0.108171
vt 0.418471 0.241012
vt 0.418456 0.241370
vt 0.554693 0.223816
vt 0.555466 0.223803
vt 0.421291 0.241362
vt 0.422121 0.241349
vt 0.554643 0.223459
vt 0.555401 0.223446
vt 0.548496 0.255672
vt 0.549213 0.255656
vt 0.596191 0.098695
vt 0.595280 0.098698
vt 0.595251 0.098367
vt 0.596199 0.098364
vt 0.594396 0.098705
vt 0.594330 0.098374
vt 0.492934 0.212095
vt 0.493876 0.212093
vt 0.493896 0.212450
vt 0.492936 0.212453
vt 0.494779 0.212086
vt 0.494817 0.212443
vt 0.591032 0.108498
vt 0.590460 0.117947
vt 0.589974 0.117700
vt 0.590150 0.108496
vt 0.597092 0.098696
vt 0.596762 0.107892
vt 0.596217 0.108136
vt 0.595548 0.108149
vt 0.594881 0.108143
vt 0.593573 0.098715
vt 0.593474 0.098385
vt 0.495606 0.212075
vt 0.495661 0.212432
vt 0.491972 0.212451
vt 0.490958 0.244627
vt 0.491865 0.244633
vt 0.491989 0.212093
vt 0.597137 0.098365
vt 0.596200 0.108501
vt 0.595289 0.108504
vt 0.595262 0.108173
vt 0.596210 0.108170
vt 0.594339 0.108180
vt 0.419417 0.241014
vt 0.420356 0.241012
vt 0.420379 0.241370
vt 0.419421 0.241372
vt 0.421251 0.241004
vt 0.597950 0.098701
vt 0.597221 0.108140
vt 0.596759 0.117699
vt 0.596214 0.117943
vt 0.595544 0.117956
vt 0.593479 0.108191
vt 0.422065 0.240992
vt 0.491042 0.212443
vt 0.592590 0.108518
vt 0.591856 0.108506
vt 0.591952 0.108174
vt 0.592716 0.108187
vt 0.591095 0.108166
vt 0.489487 0.244246
vt 0.490189 0.244260
vt 0.490132 0.244617
vt 0.489416 0.244603
vt 0.490999 0.244270
vt 0.587604 0.117726
vt 0.586697 0.108534
vt 0.587479 0.108518
vt 0.588127 0.117961
vt 0.594345 0.107905
vt 0.593996 0.108157
vt 0.592845 0.098729
vt 0.591619 0.117961
vt 0.591045 0.117963
vt 0.590176 0.108164
vt 0.491888 0.244276
vt 0.496392 0.212417
vt 0.494729 0.244627
vt 0.495606 0.244617
vt 0.496323 0.212060
vt 0.592716 0.098399
vt 0.551889 0.255965
vt 0.550984 0.255968
vt 0.550943 0.255637
vt 0.551885 0.255634
vt 0.550116 0.255975
vt 0.550040 0.255644
vt 0.551918 0.223477
vt 0.552866 0.223475
vt 0.552881 0.223833
vt 0.551914 0.223835
vt 0.553787 0.223469
vt 0.553820 0.223826
vt 0.552006 0.265410
vt 0.551345 0.265424
vt 0.550687 0.265418
vt 0.550980 0.223475
vt 0.552830 0.255635
vt 0.599412 0.098722
vt 0.598732 0.098710
vt 0.598844 0.098379
vt 0.599551 0.098392
vt 0.598029 0.098370
vt 0.489483 0.212060
vt 0.490231 0.212075
vt 0.490180 0.212432
vt 0.489416 0.212417
vt 0.491077 0.212086
vt 0.593987 0.117963
vt 0.592844 0.108535
vt 0.598308 0.108155
vt 0.597770 0.108157
vt 0.422835 0.241332
vt 0.422765 0.240975
vt 0.592716 0.108205
vt 0.589240 0.108498
vt 0.588339 0.108506
vt 0.588291 0.108174
vt 0.589230 0.108166
vt 0.587396 0.108187
vt 0.492825 0.244278
vt 0.493774 0.244276
vt 0.493788 0.244633
vt 0.492820 0.244635
vt 0.494697 0.244270
vt 0.589438 0.117947
vt 0.588780 0.117963
vt 0.586582 0.108204
vt 0.495557 0.244260
vt 0.555205 0.255997
vt 0.554486 0.255983
vt 0.554588 0.255652
vt 0.555336 0.255667
vt 0.553742 0.255641
vt 0.548566 0.223446
vt 0.549273 0.223459
vt 0.549217 0.223816
vt 0.548496 0.223803
vt 0.550088 0.223469
vt 0.554608 0.265199
vt 0.554164 0.265433
vt 0.555800 0.256014
vt 0.553599 0.265433
vt 0.496383 0.244603
vt 0.496319 0.244246
vt 0.586025 0.108554
vt 0.585882 0.108225
vt 0.601633 0.078787
vt 0.602263 0.078765
vt 0.603040 0.078765
vt 0.603818 0.078785
vt 0.604451 0.078825
vt 0.604912 0.079256
vt 0.605461 0.079805
vt 0.605996 0.080370
vt 0.606416 0.080843
vt 0.606438 0.081476
vt 0.606438 0.082253
vt 0.606417 0.083031
vt 0.606379 0.083661
vt 0.605947 0.084125
vt 0.605397 0.084675
vt 0.604833 0.085210
vt 0.604360 0.085626
vt 0.603727 0.085651
vt 0.602949 0.085651
vt 0.602172 0.085630
vt 0.601543 0.085589
vt 0.601078 0.085160
vt 0.600528 0.084610
vt 0.599993 0.084046
vt 0.599578 0.083570
vt 0.599552 0.082939
vt 0.599551 0.082162
vt 0.599572 0.081385
vt 0.599615 0.080753
vt 0.600043 0.080290
vt 0.600592 0.079741
vt 0.601157 0.079206
vt 0.531121 0.272845
vt 0.531242 0.267781
vt 0.537471 0.267748
vt 0.537184 0.272812
vt 0.543276 0.267688
vt 0.542835 0.272754
vt 0.537052 0.274110
vt 0.531064 0.274143
vt 0.542632 0.274053
vt 0.518732 0.272831
vt 0.518517 0.267767
vt 0.524841 0.267788
vt 0.524888 0.272851
vt 0.524910 0.274149
vt 0.518831 0.274129
vt 0.531081 0.274712
vt 0.531170 0.276728
vt 0.524869 0.276734
vt 0.524904 0.274719
vt 0.502954 0.272616
vt 0.502311 0.267547
vt 0.507046 0.267643
vt 0.507564 0.272710
vt 0.537091 0.274680
vt 0.537300 0.276695
vt 0.542691 0.274622
vt 0.543013 0.276636
vt 0.518803 0.274698
vt 0.518646 0.276713
vt 0.531243 0.281271
vt 0.537473 0.281237
vt 0.524841 0.281277
vt 0.518516 0.281256
vt 0.512513 0.281207
vt 0.512738 0.276665
vt 0.531121 0.254719
vt 0.531064 0.256017
vt 0.524910 0.256023
vt 0.524888 0.254725
vt 0.531242 0.249655
vt 0.537471 0.249622
vt 0.537184 0.254686
vt 0.543276 0.249562
vt 0.542835 0.254628
vt 0.537052 0.255984
vt 0.542632 0.255927
vt 0.518732 0.254704
vt 0.518517 0.249640
vt 0.524841 0.249662
vt 0.518831 0.256002
vt 0.531121 0.257332
vt 0.524888 0.257338
vt 0.502954 0.254490
vt 0.502311 0.249420
vt 0.507046 0.249517
vt 0.507564 0.254584
vt 0.537184 0.257299
vt 0.542835 0.257241
vt 0.531170 0.258452
vt 0.524869 0.258459
vt 0.537300 0.258419
vt 0.507803 0.274010
vt 0.503251 0.273917
vt 0.518732 0.257318
vt 0.543013 0.258360
vt 0.518646 0.258438
vt 0.537184 0.236560
vt 0.537052 0.237858
vt 0.531064 0.237890
vt 0.531121 0.236592
vt 0.542835 0.236501
vt 0.542632 0.237800
vt 0.518732 0.236578
vt 0.524888 0.236599
vt 0.524910 0.237897
vt 0.518831 0.237876
vt 0.531081 0.238454
vt 0.531170 0.240326
vt 0.524869 0.240333
vt 0.524904 0.238461
vt 0.537091 0.238422
vt 0.537300 0.240293
vt 0.542691 0.238364
vt 0.543013 0.240234
vt 0.518803 0.238440
vt 0.518646 0.240312
vt 0.507564 0.236458
vt 0.507803 0.237757
vt 0.503251 0.237665
vt 0.502954 0.236364
vt 0.524869 0.217219
vt 0.531170 0.217212
vt 0.531121 0.218422
vt 0.524888 0.218428
vt 0.537300 0.217179
vt 0.537184 0.218389
vt 0.537052 0.219732
vt 0.531064 0.219764
vt 0.542835 0.218331
vt 0.542632 0.219674
vt 0.524841 0.212699
vt 0.531243 0.212692
vt 0.537473 0.212658
vt 0.543279 0.212599
vt 0.543013 0.217120
vt 0.602292 0.138047
vt 0.602591 0.133527
vt 0.607432 0.133421
vt 0.607056 0.137944
vt 0.518732 0.218408
vt 0.524910 0.219770
vt 0.518831 0.219750
vt 0.531121 0.221080
vt 0.524888 0.221086
vt 0.518646 0.217198
vt 0.537184 0.221047
vt 0.542835 0.220989
vt 0.531170 0.222200
vt 0.524869 0.222206
vt 0.537300 0.222167
vt 0.507564 0.218287
vt 0.507803 0.219631
vt 0.503251 0.219539
vt 0.502954 0.218193
vt 0.518732 0.221065
vt 0.543013 0.222108
vt 0.518646 0.222185
vt 0.512515 0.267717
vt 0.512889 0.272783
vt 0.513061 0.274081
vt 0.602092 0.193677
vt 0.602588 0.188612
vt 0.607428 0.188507
vt 0.606804 0.193574
vt 0.606516 0.194874
vt 0.601863 0.194975
vt 0.507733 0.274579
vt 0.507355 0.276592
vt 0.502694 0.276497
vt 0.503165 0.274486
vt 0.584531 0.193821
vt 0.584550 0.188760
vt 0.590910 0.188740
vt 0.590723 0.193801
vt 0.513011 0.274651
vt 0.606600 0.195443
vt 0.601929 0.195544
vt 0.607056 0.197455
vt 0.602292 0.197559
vt 0.507042 0.281132
vt 0.502307 0.281036
vt 0.602591 0.202101
vt 0.607432 0.201996
vt 0.597008 0.202179
vt 0.596798 0.197636
vt 0.507803 0.255883
vt 0.503251 0.255791
vt 0.512515 0.249591
vt 0.512889 0.254656
vt 0.513061 0.255955
vt 0.602092 0.175552
vt 0.602588 0.170487
vt 0.607428 0.170382
vt 0.606804 0.175449
vt 0.606516 0.176749
vt 0.601863 0.176850
vt 0.507564 0.257197
vt 0.502954 0.257104
vt 0.584531 0.175696
vt 0.584550 0.170635
vt 0.590910 0.170615
vt 0.590723 0.175676
vt 0.512889 0.257270
vt 0.507355 0.258316
vt 0.502694 0.258221
vt 0.512738 0.258389
vt 0.590637 0.195098
vt 0.584523 0.195117
vt 0.606804 0.178062
vt 0.602092 0.178165
vt 0.607056 0.179181
vt 0.602292 0.179284
vt 0.512889 0.236530
vt 0.513061 0.237829
vt 0.602092 0.157427
vt 0.606804 0.157324
vt 0.606516 0.158624
vt 0.601863 0.158725
vt 0.507733 0.238321
vt 0.507355 0.240190
vt 0.502694 0.240095
vt 0.503165 0.238228
vt 0.513011 0.238393
vt 0.512738 0.240263
vt 0.606600 0.159187
vt 0.601929 0.159289
vt 0.607056 0.161056
vt 0.602292 0.161160
vt 0.590723 0.157551
vt 0.590637 0.158848
vt 0.584523 0.158867
vt 0.584531 0.157571
vt 0.502694 0.216981
vt 0.507355 0.217076
vt 0.512738 0.217149
vt 0.512889 0.218360
vt 0.513061 0.219703
vt 0.502307 0.212457
vt 0.507042 0.212554
vt 0.512513 0.212628
vt 0.518516 0.212677
vt 0.578262 0.138181
vt 0.578171 0.133663
vt 0.584550 0.133675
vt 0.584539 0.138193
vt 0.602092 0.139257
vt 0.606804 0.139155
vt 0.606516 0.140499
vt 0.601863 0.140600
vt 0.507564 0.220945
vt 0.502954 0.220851
vt 0.512889 0.221017
vt 0.507355 0.222064
vt 0.502694 0.221969
vt 0.512738 0.222137
vt 0.590723 0.139382
vt 0.590637 0.140723
vt 0.584523 0.140742
vt 0.584531 0.139401
vt 0.606804 0.141813
vt 0.602092 0.141915
vt 0.607056 0.142931
vt 0.602292 0.143035
vt 0.597005 0.188691
vt 0.596657 0.193753
vt 0.596496 0.195050
vt 0.578322 0.193809
vt 0.578172 0.188748
vt 0.578391 0.195106
vt 0.590662 0.195668
vt 0.590799 0.197685
vt 0.584539 0.197704
vt 0.584525 0.195687
vt 0.561856 0.193599
vt 0.561258 0.188532
vt 0.566309 0.188631
vt 0.566773 0.193695
vt 0.596543 0.195620
vt 0.578371 0.195676
vt 0.578262 0.197693
vt 0.590912 0.202229
vt 0.584550 0.202249
vt 0.578171 0.202237
vt 0.572017 0.202193
vt 0.572205 0.197650
vt 0.590637 0.176973
vt 0.584523 0.176992
vt 0.597005 0.170566
vt 0.596657 0.175628
vt 0.596496 0.176925
vt 0.578322 0.175684
vt 0.578172 0.170623
vt 0.578391 0.176981
vt 0.590723 0.178290
vt 0.584531 0.178309
vt 0.561856 0.175474
vt 0.561258 0.170407
vt 0.566309 0.170506
vt 0.566773 0.175570
vt 0.596657 0.178241
vt 0.590799 0.179411
vt 0.584539 0.179430
vt 0.596798 0.179362
vt 0.566987 0.194993
vt 0.562131 0.194898
vt 0.578322 0.178297
vt 0.578262 0.179419
vt 0.596657 0.157503
vt 0.596496 0.158800
vt 0.578322 0.157559
vt 0.578391 0.158856
vt 0.590662 0.159413
vt 0.590799 0.161286
vt 0.584539 0.161305
vt 0.584525 0.159432
vt 0.596543 0.159365
vt 0.596798 0.161237
vt 0.578371 0.159420
vt 0.578262 0.161294
vt 0.566773 0.157445
vt 0.566987 0.158744
vt 0.562131 0.158648
vt 0.561856 0.157349
vt 0.590799 0.138173
vt 0.596798 0.138124
vt 0.596657 0.139334
vt 0.596496 0.140676
vt 0.590912 0.133655
vt 0.597008 0.133605
vt 0.410753 0.213278
vt 0.411063 0.208759
vt 0.415788 0.208639
vt 0.415402 0.213160
vt 0.578322 0.139390
vt 0.578391 0.140731
vt 0.590723 0.142040
vt 0.584531 0.142059
vt 0.596657 0.141991
vt 0.590799 0.143161
vt 0.584539 0.143180
vt 0.596798 0.143112
vt 0.566773 0.139276
vt 0.566987 0.140619
vt 0.562131 0.140523
vt 0.561856 0.139180
vt 0.578322 0.142047
vt 0.578262 0.143169
vt 0.572019 0.188705
vt 0.572332 0.193767
vt 0.572476 0.195064
vt 0.410545 0.268903
vt 0.411060 0.263840
vt 0.415784 0.263720
vt 0.415144 0.268786
vt 0.414848 0.270085
vt 0.410307 0.270201
vt 0.566925 0.195563
vt 0.566586 0.197578
vt 0.561614 0.197480
vt 0.562051 0.195467
vt 0.393148 0.269076
vt 0.393191 0.264019
vt 0.399527 0.263992
vt 0.399317 0.269050
vt 0.572434 0.195634
vt 0.414934 0.270654
vt 0.410376 0.270770
vt 0.415402 0.272667
vt 0.410753 0.272785
vt 0.566306 0.202120
vt 0.561254 0.202021
vt 0.411063 0.277328
vt 0.415788 0.277208
vt 0.405568 0.277419
vt 0.405345 0.272875
vt 0.566987 0.176868
vt 0.562131 0.176773
vt 0.572019 0.170580
vt 0.572332 0.175642
vt 0.572476 0.176939
vt 0.410545 0.250779
vt 0.411060 0.245717
vt 0.415784 0.245596
vt 0.415144 0.250662
vt 0.414848 0.251961
vt 0.410307 0.252077
vt 0.566773 0.178184
vt 0.561856 0.178087
vt 0.393148 0.250953
vt 0.393191 0.245895
vt 0.399527 0.245868
vt 0.399317 0.250927
vt 0.572332 0.178255
vt 0.566586 0.179303
vt 0.561614 0.179206
vt 0.572205 0.179375
vt 0.399220 0.270346
vt 0.393129 0.270372
vt 0.415144 0.253275
vt 0.410545 0.253392
vt 0.415402 0.254394
vt 0.410753 0.254513
vt 0.572332 0.157517
vt 0.572476 0.158814
vt 0.410545 0.232656
vt 0.415144 0.232539
vt 0.414848 0.233838
vt 0.410307 0.233953
vt 0.566925 0.159307
vt 0.566586 0.161178
vt 0.561614 0.161081
vt 0.562051 0.159212
vt 0.572434 0.159378
vt 0.572205 0.161250
vt 0.414934 0.234401
vt 0.410376 0.234517
vt 0.415402 0.236270
vt 0.410753 0.236389
vt 0.399317 0.232803
vt 0.399220 0.234099
vt 0.393129 0.234124
vt 0.393148 0.232829
vt 0.561614 0.137968
vt 0.566586 0.138066
vt 0.572205 0.138138
vt 0.572332 0.139347
vt 0.572476 0.140689
vt 0.561254 0.133447
vt 0.566306 0.133546
vt 0.572017 0.133619
vt 0.386878 0.213445
vt 0.386802 0.208929
vt 0.393191 0.208937
vt 0.393165 0.213454
vt 0.410545 0.214488
vt 0.415144 0.214371
vt 0.414848 0.215714
vt 0.410307 0.215830
vt 0.566773 0.141934
vt 0.561856 0.141837
vt 0.572332 0.142005
vt 0.566586 0.143053
vt 0.561614 0.142956
vt 0.572205 0.143126
vt 0.399317 0.214635
vt 0.399220 0.215975
vt 0.393129 0.216001
vt 0.393148 0.214661
vt 0.415144 0.217028
vt 0.410545 0.217145
vt 0.415402 0.218147
vt 0.410753 0.218265
vt 0.405566 0.263932
vt 0.405196 0.268992
vt 0.405025 0.270288
vt 0.386929 0.269068
vt 0.386802 0.264010
vt 0.386988 0.270364
vt 0.399248 0.270916
vt 0.399402 0.272934
vt 0.393165 0.272961
vt 0.393134 0.270942
vt 0.370239 0.268847
vt 0.369659 0.263783
vt 0.374817 0.263890
vt 0.375260 0.268951
vt 0.405075 0.270858
vt 0.386970 0.270934
vt 0.386878 0.272953
vt 0.399528 0.277479
vt 0.393191 0.277506
vt 0.386802 0.277498
vt 0.380602 0.277454
vt 0.380777 0.272909
vt 0.399220 0.252222
vt 0.393129 0.252248
vt 0.405566 0.245808
vt 0.405196 0.250868
vt 0.405025 0.252165
vt 0.386929 0.250945
vt 0.386802 0.245887
vt 0.386988 0.252240
vt 0.399317 0.253540
vt 0.393148 0.253566
vt 0.370239 0.250724
vt 0.369659 0.245660
vt 0.374817 0.245766
vt 0.375260 0.250827
vt 0.405196 0.253481
vt 0.399402 0.254662
vt 0.393165 0.254688
vt 0.405345 0.254602
vt 0.375465 0.270248
vt 0.370507 0.270146
vt 0.386929 0.253558
vt 0.386878 0.254680
vt 0.405196 0.232745
vt 0.405025 0.234041
vt 0.386929 0.232821
vt 0.386988 0.234117
vt 0.399248 0.234663
vt 0.399402 0.236538
vt 0.393165 0.236564
vt 0.393134 0.234689
vt 0.405075 0.234605
vt 0.405345 0.236479
vt 0.386970 0.234681
vt 0.386878 0.236556
vt 0.375260 0.232704
vt 0.375465 0.234001
vt 0.370507 0.233898
vt 0.370239 0.232600
vt 0.399402 0.213427
vt 0.405345 0.213368
vt 0.405196 0.214577
vt 0.405025 0.215918
vt 0.399528 0.208910
vt 0.405568 0.208850
vt 0.483963 0.217108
vt 0.484233 0.212587
vt 0.489345 0.212502
vt 0.488995 0.217025
vt 0.386929 0.214653
vt 0.386988 0.215993
vt 0.399317 0.217292
vt 0.393148 0.217318
vt 0.405196 0.217234
vt 0.399402 0.218414
vt 0.393165 0.218441
vt 0.405345 0.218355
vt 0.375260 0.214536
vt 0.375465 0.215877
vt 0.370507 0.215775
vt 0.370239 0.214432
vt 0.386929 0.217310
vt 0.386878 0.218433
vt 0.380604 0.263967
vt 0.380894 0.269026
vt 0.381028 0.270322
vt 0.483783 0.272742
vt 0.484230 0.267676
vt 0.489342 0.267591
vt 0.488760 0.272660
vt 0.488491 0.273960
vt 0.483577 0.274041
vt 0.375405 0.270817
vt 0.375081 0.272834
vt 0.370005 0.272729
vt 0.370429 0.270715
vt 0.443849 0.272614
vt 0.443210 0.267544
vt 0.447983 0.267639
vt 0.448495 0.272706
vt 0.380989 0.270892
vt 0.488569 0.274529
vt 0.483637 0.274611
vt 0.488995 0.276541
vt 0.483963 0.276624
vt 0.374814 0.277377
vt 0.369655 0.277271
vt 0.484233 0.281166
vt 0.489345 0.281081
vt 0.453480 0.281201
vt 0.453701 0.276659
vt 0.459627 0.276706
vt 0.459502 0.281249
vt 0.375465 0.252124
vt 0.370507 0.252022
vt 0.380604 0.245843
vt 0.380894 0.250902
vt 0.381028 0.252198
vt 0.483783 0.254616
vt 0.484230 0.249550
vt 0.489342 0.249465
vt 0.488760 0.254533
vt 0.488491 0.255833
vt 0.483577 0.255915
vt 0.375260 0.253440
vt 0.370239 0.253337
vt 0.443849 0.254487
vt 0.443210 0.249418
vt 0.447983 0.249512
vt 0.448495 0.254580
vt 0.380894 0.253515
vt 0.375081 0.254561
vt 0.370005 0.254456
vt 0.380777 0.254637
vt 0.448732 0.274005
vt 0.444143 0.273914
vt 0.488760 0.257147
vt 0.483783 0.257230
vt 0.488995 0.258265
vt 0.483963 0.258349
vt 0.380894 0.232778
vt 0.381028 0.234074
vt 0.483783 0.236490
vt 0.488760 0.236407
vt 0.488491 0.237707
vt 0.483577 0.237789
vt 0.375405 0.234565
vt 0.375081 0.236437
vt 0.370005 0.236333
vt 0.370429 0.234462
vt 0.380989 0.234639
vt 0.380777 0.236513
vt 0.488569 0.238271
vt 0.483637 0.238353
vt 0.488995 0.240139
vt 0.483963 0.240222
vt 0.448495 0.236453
vt 0.448732 0.237753
vt 0.444143 0.237662
vt 0.443849 0.236361
vt 0.370005 0.213222
vt 0.375081 0.213327
vt 0.380777 0.213402
vt 0.380894 0.214611
vt 0.381028 0.215951
vt 0.369655 0.208702
vt 0.374814 0.208808
vt 0.380602 0.208885
vt 0.548425 0.212514
vt 0.548078 0.217037
vt 0.483783 0.218319
vt 0.488760 0.218237
vt 0.488491 0.219581
vt 0.483577 0.219663
vt 0.375260 0.217193
vt 0.370239 0.217089
vt 0.380894 0.217268
vt 0.375081 0.218314
vt 0.370005 0.218209
vt 0.380777 0.218389
vt 0.448495 0.218283
vt 0.448732 0.219627
vt 0.444143 0.219536
vt 0.443849 0.218191
vt 0.488760 0.220894
vt 0.483783 0.220977
vt 0.488995 0.222012
vt 0.483963 0.222096
vt 0.453482 0.267712
vt 0.453849 0.272777
vt 0.459504 0.267759
vt 0.459711 0.272823
vt 0.454018 0.274075
vt 0.459807 0.274121
vt 0.548422 0.267603
vt 0.547845 0.272671
vt 0.547579 0.273971
vt 0.448663 0.274575
vt 0.448288 0.276587
vt 0.443591 0.276494
vt 0.444057 0.274483
vt 0.465875 0.272843
vt 0.465835 0.267779
vt 0.472234 0.267771
vt 0.472105 0.272835
vt 0.453969 0.274645
vt 0.459779 0.274691
vt 0.547657 0.274540
vt 0.548078 0.276552
vt 0.447980 0.281128
vt 0.443206 0.281033
vt 0.543279 0.281177
vt 0.548425 0.281093
vt 0.478451 0.281226
vt 0.478274 0.276684
vt 0.448732 0.255879
vt 0.444143 0.255788
vt 0.453482 0.249585
vt 0.453849 0.254651
vt 0.459504 0.249633
vt 0.459711 0.254697
vt 0.454018 0.255949
vt 0.459807 0.255995
vt 0.548422 0.249477
vt 0.547845 0.254545
vt 0.547579 0.255845
vt 0.448495 0.257193
vt 0.443849 0.257101
vt 0.465875 0.254716
vt 0.465835 0.249653
vt 0.472234 0.249645
vt 0.472105 0.254709
vt 0.453849 0.257264
vt 0.459711 0.257310
vt 0.448288 0.258312
vt 0.443591 0.258219
vt 0.453701 0.258383
vt 0.472045 0.274133
vt 0.465894 0.274140
vt 0.547845 0.257159
vt 0.459627 0.258430
vt 0.548078 0.258277
vt 0.453849 0.236524
vt 0.454018 0.237823
vt 0.459711 0.236571
vt 0.459807 0.237869
vt 0.547845 0.236419
vt 0.547579 0.237719
vt 0.448663 0.238317
vt 0.448288 0.240185
vt 0.443591 0.240092
vt 0.444057 0.238225
vt 0.453969 0.238387
vt 0.453701 0.240257
vt 0.459779 0.238433
vt 0.459627 0.240304
vt 0.547657 0.238283
vt 0.548078 0.240151
vt 0.472105 0.236582
vt 0.472045 0.237880
vt 0.465894 0.237888
vt 0.465875 0.236590
vt 0.443591 0.216978
vt 0.448288 0.217071
vt 0.453701 0.217143
vt 0.453849 0.218354
vt 0.454018 0.219697
vt 0.459711 0.218400
vt 0.459807 0.219743
vt 0.443206 0.212454
vt 0.447980 0.212549
vt 0.453480 0.212622
vt 0.459502 0.212670
vt 0.459627 0.217190
vt 0.465835 0.212690
vt 0.465859 0.217210
vt 0.547845 0.218249
vt 0.547579 0.219593
vt 0.448495 0.220940
vt 0.443849 0.220848
vt 0.453849 0.221011
vt 0.459711 0.221058
vt 0.448288 0.222059
vt 0.443591 0.221966
vt 0.453701 0.222131
vt 0.472105 0.218412
vt 0.472045 0.219754
vt 0.465894 0.219762
vt 0.465875 0.218420
vt 0.547845 0.220906
vt 0.459627 0.222178
vt 0.548078 0.222025
vt 0.478449 0.267737
vt 0.478155 0.272801
vt 0.478020 0.274100
vt 0.472062 0.274702
vt 0.472157 0.276718
vt 0.465859 0.276726
vt 0.465888 0.274710
vt 0.443161 0.264871
vt 0.447944 0.264966
vt 0.478059 0.274669
vt 0.472235 0.281261
vt 0.465835 0.281269
vt 0.465041 0.291719
vt 0.465830 0.284585
vt 0.472251 0.284577
vt 0.471529 0.291707
vt 0.472045 0.256007
vt 0.465894 0.256014
vt 0.478449 0.249610
vt 0.478155 0.254675
vt 0.478020 0.255973
vt 0.472105 0.257322
vt 0.465875 0.257330
vt 0.443161 0.246745
vt 0.447944 0.246840
vt 0.478155 0.257288
vt 0.472157 0.258442
vt 0.465859 0.258450
vt 0.478274 0.258408
vt 0.478155 0.236549
vt 0.478020 0.237847
vt 0.472062 0.238445
vt 0.472157 0.240316
vt 0.465859 0.240324
vt 0.465888 0.238452
vt 0.465832 0.228854
vt 0.472244 0.228846
vt 0.478059 0.238411
vt 0.478274 0.240282
vt 0.472157 0.217202
vt 0.478274 0.217168
vt 0.478155 0.218378
vt 0.478020 0.219721
vt 0.472235 0.212682
vt 0.478451 0.212647
vt 0.443128 0.209142
vt 0.444118 0.201985
vt 0.448907 0.202083
vt 0.447917 0.209237
vt 0.472105 0.221070
vt 0.465875 0.221077
vt 0.478155 0.221036
vt 0.472157 0.222190
vt 0.465859 0.222197
vt 0.478274 0.222156
vt 0.454393 0.202161
vt 0.453435 0.209310
vt 0.543332 0.209287
vt 0.542764 0.202119
vt 0.548030 0.202033
vt 0.548496 0.209202
vt 0.459505 0.202492
vt 0.459477 0.209358
vt 0.465830 0.209378
vt 0.465041 0.202219
vt 0.471529 0.202207
vt 0.472251 0.209370
vt 0.478472 0.228812
vt 0.459488 0.228834
vt 0.484264 0.228751
vt 0.443161 0.228619
vt 0.447944 0.228714
vt 0.477832 0.202170
vt 0.478487 0.209336
vt 0.483710 0.202107
vt 0.484287 0.209275
vt 0.524835 0.209387
vt 0.524051 0.202228
vt 0.530543 0.202217
vt 0.531258 0.209380
vt 0.453454 0.228787
vt 0.543310 0.228763
vt 0.548466 0.228678
vt 0.524837 0.228863
vt 0.531252 0.228857
vt 0.453454 0.246913
vt 0.543310 0.246889
vt 0.548466 0.246804
vt 0.459488 0.246961
vt 0.465832 0.246980
vt 0.472244 0.246973
vt 0.478472 0.246938
vt 0.484264 0.246877
vt 0.524837 0.246989
vt 0.531252 0.246983
vt 0.453454 0.265039
vt 0.543310 0.265015
vt 0.548466 0.264930
vt 0.459488 0.265087
vt 0.465832 0.265107
vt 0.472244 0.265099
vt 0.478472 0.265064
vt 0.484264 0.265004
vt 0.524837 0.265116
vt 0.531252 0.265109
vt 0.478487 0.284542
vt 0.477832 0.291669
vt 0.459505 0.291426
vt 0.459477 0.284565
vt 0.484287 0.284482
vt 0.483710 0.291607
vt 0.444118 0.291485
vt 0.443128 0.284349
vt 0.447917 0.284444
vt 0.448907 0.291583
vt 0.453435 0.284517
vt 0.454393 0.291661
vt 0.542764 0.291618
vt 0.543332 0.284493
vt 0.548496 0.284408
vt 0.548030 0.291533
vt 0.524051 0.291727
vt 0.524835 0.284594
vt 0.531258 0.284587
vt 0.530543 0.291717
vt 0.537508 0.284553
vt 0.536860 0.291680
vt 0.518519 0.291433
vt 0.518490 0.284572
vt 0.370525 0.287716
vt 0.369585 0.280587
vt 0.374760 0.280693
vt 0.375714 0.287827
vt 0.537493 0.265075
vt 0.518501 0.265094
vt 0.369614 0.261111
vt 0.374782 0.261218
vt 0.537493 0.246949
vt 0.518501 0.246968
vt 0.369614 0.242988
vt 0.374782 0.243094
vt 0.537493 0.228823
vt 0.518501 0.228842
vt 0.369614 0.224864
vt 0.374782 0.224971
vt 0.536860 0.202181
vt 0.537508 0.209347
vt 0.518490 0.209366
vt 0.518519 0.202500
vt 0.369585 0.205391
vt 0.370525 0.198229
vt 0.375714 0.198340
vt 0.374760 0.205497
vt 0.381508 0.198423
vt 0.380566 0.205574
vt 0.488942 0.202021
vt 0.489416 0.209189
vt 0.386803 0.198753
vt 0.386786 0.205618
vt 0.393196 0.205627
vt 0.392358 0.198468
vt 0.398764 0.198435
vt 0.399554 0.205600
vt 0.380581 0.225048
vt 0.489386 0.228666
vt 0.386793 0.225092
vt 0.393194 0.225100
vt 0.399543 0.225073
vt 0.380581 0.243171
vt 0.489386 0.246792
vt 0.386793 0.243215
vt 0.393194 0.243223
vt 0.399543 0.243197
vt 0.380581 0.261295
vt 0.489386 0.264918
vt 0.386793 0.261339
vt 0.393194 0.261347
vt 0.399543 0.261320
vt 0.380566 0.280770
vt 0.381508 0.287910
vt 0.489416 0.284396
vt 0.488942 0.291521
vt 0.386786 0.280814
vt 0.386803 0.287674
vt 0.392358 0.287955
vt 0.393196 0.280823
vt 0.399554 0.280796
vt 0.398764 0.287922
vt 0.404877 0.198371
vt 0.405613 0.205540
vt 0.410461 0.198277
vt 0.411126 0.205448
vt 0.561181 0.130135
vt 0.562137 0.122975
vt 0.567215 0.123078
vt 0.566250 0.130234
vt 0.405594 0.225013
vt 0.411100 0.224921
vt 0.561212 0.149610
vt 0.566274 0.149709
vt 0.405594 0.243136
vt 0.411100 0.243045
vt 0.561212 0.167735
vt 0.566274 0.167834
vt 0.405594 0.261260
vt 0.411100 0.261169
vt 0.561212 0.185860
vt 0.566274 0.185959
vt 0.405613 0.280736
vt 0.404877 0.287858
vt 0.411126 0.280644
vt 0.410461 0.287764
vt 0.562137 0.212469
vt 0.561181 0.205336
vt 0.566250 0.205436
vt 0.567215 0.212572
vt 0.572926 0.123157
vt 0.571979 0.130308
vt 0.415300 0.198155
vt 0.415866 0.205327
vt 0.578173 0.123486
vt 0.578153 0.130352
vt 0.584552 0.130364
vt 0.583728 0.123205
vt 0.590163 0.123180
vt 0.590934 0.130344
vt 0.571995 0.149783
vt 0.415833 0.224801
vt 0.578161 0.149826
vt 0.584552 0.149838
vt 0.590925 0.149818
vt 0.571995 0.167908
vt 0.415833 0.242924
vt 0.578161 0.167951
vt 0.584552 0.167963
vt 0.590925 0.167943
vt 0.571995 0.186032
vt 0.415833 0.261048
vt 0.578161 0.186076
vt 0.584552 0.186088
vt 0.590925 0.186068
vt 0.571979 0.205509
vt 0.572926 0.212650
vt 0.415866 0.280523
vt 0.415300 0.287642
vt 0.578153 0.205553
vt 0.578173 0.212413
vt 0.583728 0.212698
vt 0.584552 0.205565
vt 0.590934 0.205545
vt 0.590163 0.212673
vt 0.596337 0.123127
vt 0.597050 0.130294
vt 0.602011 0.123046
vt 0.602651 0.130215
vt 0.502228 0.209145
vt 0.503223 0.201988
vt 0.507972 0.202088
vt 0.506979 0.209242
vt 0.597032 0.149769
vt 0.602626 0.149690
vt 0.502261 0.228621
vt 0.507006 0.228718
vt 0.597032 0.167894
vt 0.602626 0.167815
vt 0.502261 0.246748
vt 0.507006 0.246844
vt 0.597032 0.186019
vt 0.602626 0.185940
vt 0.502261 0.264874
vt 0.507006 0.264970
vt 0.597050 0.205495
vt 0.596337 0.212620
vt 0.602651 0.205417
vt 0.602011 0.212539
vt 0.503223 0.291488
vt 0.502228 0.284352
vt 0.506979 0.284448
vt 0.507972 0.291587
vt 0.513426 0.202167
vt 0.512468 0.209316
vt 0.606967 0.122940
vt 0.607508 0.130110
vt 0.512487 0.228793
vt 0.607476 0.149585
vt 0.512487 0.246919
vt 0.607476 0.167710
vt 0.512487 0.265045
vt 0.607476 0.185835
vt 0.512468 0.284523
vt 0.513426 0.291667
vt 0.607508 0.205311
vt 0.606967 0.212433
vt 0.427675 0.252044
vt 0.427027 0.261486
vt 0.426549 0.261237
vt 0.426799 0.252038
vt 0.417678 0.251725
vt 0.418220 0.251703
vt 0.418895 0.251703
vt 0.419570 0.251721
vt 0.420121 0.251757
vt 0.420520 0.252129
vt 0.420998 0.252607
vt 0.421463 0.253097
vt 0.421827 0.253508
vt 0.421846 0.254057
vt 0.421846 0.254733
vt 0.421828 0.255408
vt 0.421795 0.255952
vt 0.421420 0.256358
vt 0.420942 0.256836
vt 0.420452 0.257300
vt 0.420044 0.257658
vt 0.419492 0.257683
vt 0.418817 0.257684
vt 0.418142 0.257665
vt 0.417600 0.257625
vt 0.417192 0.257257
vt 0.416714 0.256780
vt 0.416249 0.256289
vt 0.415895 0.255874
vt 0.415866 0.255329
vt 0.415866 0.254654
vt 0.415884 0.253978
vt 0.415927 0.253430
vt 0.416292 0.253028
vt 0.416769 0.252551
vt 0.417260 0.252086
vt 0.490083 0.230675
vt 0.489685 0.226637
vt 0.490354 0.226650
vt 0.490676 0.230688
vt 0.491124 0.226659
vt 0.491357 0.230694
vt 0.428397 0.251436
vt 0.428580 0.248866
vt 0.429213 0.248861
vt 0.428802 0.251676
vt 0.428846 0.244837
vt 0.429567 0.244824
vt 0.491968 0.226665
vt 0.492100 0.230694
vt 0.491663 0.233506
vt 0.492190 0.233262
vt 0.491030 0.233507
vt 0.490410 0.233487
vt 0.492882 0.230701
vt 0.492855 0.226667
vt 0.493751 0.226665
vt 0.493675 0.230701
vt 0.494622 0.226659
vt 0.494446 0.230694
vt 0.492819 0.233511
vt 0.495432 0.226650
vt 0.495161 0.230680
vt 0.494356 0.233505
vt 0.494975 0.233250
vt 0.493589 0.233518
vt 0.549084 0.242058
vt 0.548732 0.238023
vt 0.549454 0.238039
vt 0.549725 0.242074
vt 0.550265 0.238051
vt 0.550441 0.242082
vt 0.495790 0.230675
vt 0.495376 0.233490
vt 0.496148 0.226637
vt 0.551134 0.238058
vt 0.551206 0.242083
vt 0.550698 0.244891
vt 0.551256 0.244649
vt 0.550025 0.244890
vt 0.549364 0.244867
vt 0.551995 0.242091
vt 0.552029 0.238061
vt 0.552916 0.238058
vt 0.552780 0.242090
vt 0.553762 0.238051
vt 0.553530 0.242082
vt 0.551876 0.244898
vt 0.554532 0.238039
vt 0.554209 0.242066
vt 0.553384 0.244889
vt 0.553989 0.244634
vt 0.552632 0.244904
vt 0.550362 0.114872
vt 0.549996 0.110837
vt 0.550703 0.110851
vt 0.550990 0.114887
vt 0.551503 0.110861
vt 0.551697 0.114894
vt 0.550141 0.117422
vt 0.549844 0.114851
vt 0.550656 0.117683
vt 0.555194 0.238023
vt 0.554791 0.242058
vt 0.552365 0.110868
vt 0.552456 0.114894
vt 0.551968 0.117705
vt 0.552517 0.117462
vt 0.551306 0.117704
vt 0.553243 0.114902
vt 0.553259 0.110870
vt 0.554150 0.110868
vt 0.554032 0.114902
vt 0.555004 0.110861
vt 0.554788 0.114894
vt 0.553141 0.117711
vt 0.555786 0.110851
vt 0.555478 0.114879
vt 0.554659 0.117703
vt 0.555268 0.117448
vt 0.553902 0.117717
vt 0.423509 0.248861
vt 0.423107 0.244824
vt 0.423770 0.244836
vt 0.424097 0.248874
vt 0.424536 0.244846
vt 0.424774 0.248881
vt 0.556074 0.114872
vt 0.555634 0.117686
vt 0.556464 0.110837
vt 0.425377 0.244852
vt 0.425514 0.248880
vt 0.425084 0.251692
vt 0.425608 0.251448
vt 0.424456 0.251693
vt 0.423840 0.251673
vt 0.426295 0.248887
vt 0.426263 0.244854
vt 0.427160 0.244852
vt 0.427089 0.248887
vt 0.428033 0.244846
vt 0.427862 0.248880
vt 0.426238 0.251698
vt 0.490968 0.223169
vt 0.491878 0.223175
vt 0.427777 0.251691
vt 0.427009 0.251705
vt 0.496110 0.265134
vt 0.495436 0.265122
vt 0.495549 0.264791
vt 0.496250 0.264804
vt 0.494657 0.265113
vt 0.494738 0.264782
vt 0.548560 0.234176
vt 0.549324 0.234193
vt 0.549275 0.234550
vt 0.548496 0.234533
vt 0.550182 0.234205
vt 0.550149 0.234563
vt 0.491105 0.265117
vt 0.491579 0.274556
vt 0.491041 0.274318
vt 0.490278 0.265127
vt 0.423324 0.252058
vt 0.424162 0.261251
vt 0.423843 0.261504
vt 0.422635 0.252073
vt 0.494998 0.274568
vt 0.494463 0.274569
vt 0.493917 0.274552
vt 0.493803 0.265108
vt 0.493849 0.264777
vt 0.551100 0.234213
vt 0.551086 0.234571
vt 0.495614 0.223159
vt 0.496386 0.223145
vt 0.553921 0.234563
vt 0.554751 0.234550
vt 0.495564 0.222802
vt 0.496322 0.222789
vt 0.422498 0.251743
vt 0.423215 0.251727
vt 0.425972 0.261835
vt 0.425061 0.261838
vt 0.425032 0.261507
vt 0.425980 0.261504
vt 0.424177 0.261845
vt 0.424111 0.261514
vt 0.553267 0.107024
vt 0.554209 0.107022
vt 0.554230 0.107379
vt 0.553269 0.107382
vt 0.555112 0.107015
vt 0.555151 0.107372
vt 0.591032 0.088899
vt 0.590460 0.098347
vt 0.589974 0.098100
vt 0.590150 0.088896
vt 0.426874 0.261836
vt 0.426543 0.271033
vt 0.425998 0.271277
vt 0.425329 0.271290
vt 0.424662 0.271284
vt 0.423354 0.261855
vt 0.423255 0.261525
vt 0.555939 0.107004
vt 0.555994 0.107361
vt 0.552305 0.107379
vt 0.424377 0.241355
vt 0.425284 0.241362
vt 0.552322 0.107022
vt 0.426918 0.261505
vt 0.492902 0.265107
vt 0.491991 0.265110
vt 0.491964 0.264779
vt 0.492912 0.264776
vt 0.491041 0.264786
vt 0.552047 0.234216
vt 0.552986 0.234213
vt 0.553008 0.234571
vt 0.552051 0.234573
vt 0.553880 0.234205
vt 0.427731 0.261841
vt 0.427002 0.271280
vt 0.493461 0.274304
vt 0.492916 0.274548
vt 0.492246 0.274562
vt 0.490181 0.264797
vt 0.554694 0.234193
vt 0.551375 0.107372
vt 0.592590 0.088919
vt 0.591856 0.088906
vt 0.591952 0.088575
vt 0.592716 0.088587
vt 0.591095 0.088567
vt 0.422906 0.240975
vt 0.423607 0.240988
vt 0.423550 0.241345
vt 0.422835 0.241332
vt 0.424418 0.240998
vt 0.587604 0.098127
vt 0.586697 0.088935
vt 0.587479 0.088919
vt 0.588127 0.098362
vt 0.424126 0.271046
vt 0.423777 0.271297
vt 0.422626 0.261869
vt 0.591619 0.098362
vt 0.591045 0.098364
vt 0.590176 0.088564
vt 0.425307 0.241004
vt 0.556725 0.107345
vt 0.428147 0.241355
vt 0.429024 0.241345
vt 0.556656 0.106988
vt 0.422498 0.261539
vt 0.425891 0.252036
vt 0.424986 0.252039
vt 0.424945 0.251708
vt 0.425887 0.251705
vt 0.424119 0.252046
vt 0.424042 0.251715
vt 0.492839 0.222820
vt 0.493787 0.222818
vt 0.493802 0.223175
vt 0.492835 0.223177
vt 0.494708 0.222812
vt 0.494741 0.223169
vt 0.426008 0.261481
vt 0.425347 0.261495
vt 0.424689 0.261489
vt 0.491901 0.222818
vt 0.426832 0.251706
vt 0.429193 0.261862
vt 0.428513 0.261850
vt 0.428625 0.261520
vt 0.429333 0.261532
vt 0.427811 0.261511
vt 0.549816 0.106988
vt 0.550564 0.107003
vt 0.550513 0.107361
vt 0.549749 0.107345
vt 0.551410 0.107015
vt 0.490689 0.274569
vt 0.489546 0.265141
vt 0.428090 0.271295
vt 0.427551 0.271297
vt 0.555465 0.234533
vt 0.555394 0.234176
vt 0.489418 0.264811
vt 0.589240 0.088899
vt 0.588339 0.088906
vt 0.588291 0.088575
vt 0.589230 0.088567
vt 0.587396 0.088587
vt 0.426244 0.241006
vt 0.427192 0.241004
vt 0.427206 0.241362
vt 0.426239 0.241364
vt 0.428115 0.240998
vt 0.589438 0.098347
vt 0.588780 0.098364
vt 0.586582 0.088604
vt 0.428975 0.240988
vt 0.429207 0.252068
vt 0.428488 0.252054
vt 0.428590 0.251723
vt 0.429338 0.251738
vt 0.427744 0.251712
vt 0.489487 0.222789
vt 0.490194 0.222802
vt 0.490137 0.223159
vt 0.489416 0.223145
vt 0.491009 0.222812
vt 0.428610 0.261270
vt 0.428166 0.261504
vt 0.429802 0.252085
vt 0.427601 0.261504
vt 0.429802 0.241332
vt 0.429738 0.240975
vt 0.586025 0.088955
vt 0.585882 0.088625
vt 0.424528 0.271320
vt 0.425158 0.271297
vt 0.425935 0.271297
vt 0.426713 0.271318
vt 0.427346 0.271358
vt 0.427807 0.271788
vt 0.428356 0.272338
vt 0.428892 0.272902
vt 0.429311 0.273376
vt 0.429333 0.274009
vt 0.429333 0.274786
vt 0.429312 0.275564
vt 0.429274 0.276193
vt 0.428842 0.276658
vt 0.428292 0.277208
vt 0.427728 0.277743
vt 0.427255 0.278159
vt 0.426622 0.278184
vt 0.425844 0.278184
vt 0.425067 0.278163
vt 0.424438 0.278122
vt 0.423973 0.277693
vt 0.423423 0.277143
vt 0.422888 0.276578
vt 0.422473 0.276103
vt 0.422447 0.275472
vt 0.422447 0.274695
vt 0.422467 0.273917
vt 0.422510 0.273286
vt 0.422938 0.272823
vt 0.423487 0.272273
vt 0.424052 0.271738
s 1
usemtl Aseets_Watercoolert_MAT_TEX.
f 937/1/1 938/2/1 941/3/1 940/4/1
f 938/2/1 939/5/2 942/6/3 941/3/1
f 940/4/1 941/3/1 944/7/4 943/8/5
f 941/3/1 942/6/3 945/9/6 944/7/4
f 23/10/1 254/11/1 937/1/1 255/12/1
f 254/11/1 253/13/1 938/2/1 937/1/1
f 253/13/1 252/14/7 939/5/2 938/2/1
f 252/14/7 9/15/8 186/16/9 939/5/2
f 939/5/2 186/16/9 187/17/10 942/6/3
f 942/6/3 187/17/10 188/18/11 945/9/6
f 945/9/6 188/18/11 11/19/12 192/20/13
f 944/7/4 945/9/6 192/20/13 193/21/14
f 943/8/5 944/7/4 193/21/14 194/22/15
f 257/23/16 943/8/5 194/22/15 13/24/17
f 256/25/1 940/4/1 943/8/5 257/23/16
f 255/12/1 937/1/1 940/4/1 256/25/1
f 946/26/18 947/27/19 950/28/20 949/29/21
f 947/27/19 948/30/22 951/31/23 950/28/20
f 949/29/21 950/28/20 953/32/24 952/33/25
f 950/28/20 951/31/23 954/34/26 953/32/24
f 17/35/27 213/36/28 946/26/18 212/37/29
f 213/36/28 214/38/30 947/27/19 946/26/18
f 214/38/30 215/39/31 948/30/22 947/27/19
f 215/39/31 24/40/32 216/41/33 948/30/22
f 948/30/22 216/41/33 217/42/34 951/31/23
f 951/31/23 217/42/34 218/43/35 954/34/26
f 211/44/36 949/29/21 952/33/25 210/45/37
f 212/37/29 946/26/18 949/29/21 211/44/36
f 955/46/38 956/47/38 959/48/39 958/49/39
f 956/47/38 957/50/38 960/51/39 959/48/39
f 958/49/39 959/48/39 962/52/40 961/53/40
f 959/48/39 960/51/39 963/54/40 962/52/40
f 957/50/38 222/55/38 223/56/39 960/51/39
f 960/51/39 223/56/39 224/57/40 963/54/40
f 954/34/26 961/58/41 962/59/41 953/32/24
f 220/60/39 958/49/39 961/53/40 219/61/40
f 221/62/38 955/46/38 958/49/39 220/60/39
f 964/63/42 965/64/42 968/65/43 967/66/43
f 965/64/42 966/67/42 969/68/43 968/65/43
f 967/66/43 968/65/43 971/69/44 970/70/44
f 968/65/43 969/68/43 972/71/44 971/69/44
f 22/72/45 228/73/45 964/63/42 227/74/42
f 228/73/45 229/75/45 965/64/42 964/63/42
f 229/75/45 230/76/45 966/67/42 965/64/42
f 230/76/45 21/77/45 231/78/42 966/67/42
f 966/67/42 231/78/42 232/79/43 969/68/43
f 969/68/43 232/79/43 233/80/44 972/71/44
f 955/46/46 970/81/46 971/82/46 956/47/46
f 226/83/43 967/66/43 970/70/44 225/84/44
f 227/74/42 964/63/42 967/66/43 226/83/43
f 973/85/47 974/86/48 977/87/49 976/88/50
f 974/86/48 975/89/51 978/90/52 977/87/49
f 976/88/50 977/87/49 980/91/53 979/92/54
f 977/87/49 978/90/52 981/93/55 980/91/53
f 26/94/56 237/95/57 973/85/47 236/96/58
f 237/95/57 238/97/59 974/86/48 973/85/47
f 238/97/59 239/98/60 975/89/51 974/86/48
f 239/98/60 19/99/61 240/100/62 975/89/51
f 975/89/51 240/100/62 241/101/63 978/90/52
f 978/90/52 241/101/63 242/102/64 981/93/55
f 229/75/45 228/73/45 979/103/54 980/104/53
f 235/105/65 976/88/50 979/92/54 234/106/66
f 236/96/58 973/85/47 976/88/50 235/105/65
f 953/32/24 962/59/41 963/107/41 952/33/25
f 218/43/35 219/108/67 961/58/41 954/34/26
f 963/107/41 224/109/68 210/45/37 952/33/25
f 245/110/69 244/111/69 274/112/69 275/113/69
f 27/114/69 28/115/69 273/116/69 243/117/69
f 244/111/69 243/117/69 273/116/69 274/112/69
f 275/113/69 29/118/69 25/119/69 245/110/69
f 956/47/46 971/82/46 972/120/46 957/50/46
f 221/62/46 225/121/46 970/81/46 955/46/46
f 972/120/46 233/122/46 222/55/46 957/50/46
f 230/76/45 229/75/45 980/104/53 981/123/55
f 234/124/66 979/103/54 228/73/45 22/72/45
f 981/123/55 242/125/64 21/77/45 230/76/45
f 24/126/69 248/127/69 247/128/69 246/129/69 26/130/69 236/131/69 235/132/69 234/133/69 22/134/69 227/135/69 226/136/69 225/137/69 221/138/69 220/139/69 219/140/69 218/141/69 217/142/69 216/143/69
f 1/144/69 162/145/69 163/146/69 164/147/69 3/148/69 168/149/69 169/150/69 170/151/69 5/152/69 207/153/69 208/154/69 209/155/69 16/156/69 201/157/69 202/158/69 203/159/69 14/160/69 195/161/69 196/162/69 197/163/69 12/164/69 189/165/69 190/166/69 191/167/69 10/168/69 183/169/69 184/170/69 185/171/69 8/172/69 177/173/69 178/174/69 179/175/69
f 982/176/70 983/177/71 986/178/1 985/179/1
f 983/177/71 984/180/72 987/181/73 986/178/1
f 985/179/1 986/178/1 989/182/1 988/183/1
f 986/178/1 987/181/73 990/184/74 989/182/1
f 2/185/75 174/186/76 982/176/70 258/187/77
f 174/186/76 175/188/78 983/177/71 982/176/70
f 175/188/78 176/189/79 984/180/72 983/177/71
f 176/189/79 7/190/80 180/191/81 984/180/72
f 984/180/72 180/191/81 181/192/82 987/181/73
f 987/181/73 181/192/82 182/193/83 990/184/74
f 990/184/74 182/193/83 9/15/8 252/14/7
f 989/182/1 990/184/74 252/14/7 253/13/1
f 988/183/1 989/182/1 253/13/1 254/11/1
f 260/194/1 988/183/1 254/11/1 23/10/1
f 259/195/1 985/179/1 988/183/1 260/194/1
f 258/187/77 982/176/70 985/179/1 259/195/1
f 991/196/84 992/197/1 995/198/1 994/199/85
f 992/197/1 993/200/1 996/201/1 995/198/1
f 994/199/85 995/198/1 998/202/86 997/203/87
f 995/198/1 996/201/1 999/204/88 998/202/86
f 6/205/89 251/206/90 991/196/84 206/207/91
f 251/206/90 250/208/1 992/197/1 991/196/84
f 250/208/1 249/209/1 993/200/1 992/197/1
f 249/209/1 23/10/1 255/12/1 993/200/1
f 993/200/1 255/12/1 256/25/1 996/201/1
f 996/201/1 256/25/1 257/23/16 999/204/88
f 999/204/88 257/23/16 13/24/17 198/210/92
f 998/202/86 999/204/88 198/210/92 199/211/93
f 997/203/87 998/202/86 199/211/93 200/212/94
f 204/213/95 997/203/87 200/212/94 15/214/96
f 205/215/97 994/199/85 997/203/87 204/213/95
f 206/207/91 991/196/84 994/199/85 205/215/97
f 1000/216/98 1001/217/99 1004/218/1 1003/219/100
f 1001/217/99 1002/220/101 1005/221/1 1004/218/1
f 1003/219/100 1004/218/1 1007/222/1 1006/223/102
f 1004/218/1 1005/221/1 1008/224/1 1007/222/1
f 4/225/103 165/226/104 1000/216/98 173/227/105
f 165/226/104 166/228/106 1001/217/99 1000/216/98
f 166/228/106 167/229/107 1002/220/101 1001/217/99
f 167/229/107 2/185/75 258/187/77 1002/220/101
f 1002/220/101 258/187/77 259/195/1 1005/221/1
f 1005/221/1 259/195/1 260/194/1 1008/224/1
f 1008/224/1 260/194/1 23/10/1 249/209/1
f 1007/222/1 1008/224/1 249/209/1 250/208/1
f 1006/223/102 1007/222/1 250/208/1 251/206/90
f 171/230/108 1006/223/102 251/206/90 6/205/89
f 172/231/109 1003/219/100 1006/223/102 171/230/108
f 173/227/105 1000/216/98 1003/219/100 172/231/109
f 265/232/110 238/97/59 237/95/57 264/233/111
f 263/234/112 215/235/31 214/236/30 262/237/113
f 18/238/114 24/239/115 215/235/31 263/234/112
f 261/240/116 213/36/28 17/35/117 25/241/118
f 244/242/119 268/243/119 267/244/119 243/245/119
f 266/246/120 239/98/60 238/97/59 265/232/110
f 27/247/121 19/99/122 239/98/60 266/246/120
f 264/233/111 237/95/57 26/94/123 20/248/124
f 271/249/119 247/250/119 248/251/119 272/252/119
f 245/253/119 269/254/119 268/243/119 244/242/119
f 17/255/117 269/254/119 245/253/119 25/256/118
f 243/245/119 267/244/119 19/99/122 27/247/121
f 270/257/119 246/258/119 247/250/119 271/249/119
f 26/94/123 246/258/119 270/257/119 20/248/124
f 272/252/119 248/251/119 24/239/115 18/238/114
f 262/259/113 214/38/30 213/36/28 261/240/116
f 1009/260/119 1010/261/119 1013/262/119 1012/263/119
f 1010/261/119 1011/264/119 1014/265/119 1013/262/119
f 1012/263/119 1013/262/119 1016/266/119 1015/267/119
f 1013/262/119 1014/265/119 1017/268/119 1016/266/119
f 28/269/119 281/270/119 1009/260/119 273/271/119
f 281/270/119 280/272/119 1010/261/119 1009/260/119
f 280/272/119 279/273/119 1011/264/119 1010/261/119
f 279/273/119 31/274/119 282/275/119 1011/264/119
f 1011/264/119 282/275/119 283/276/119 1014/265/119
f 1014/265/119 283/276/119 284/277/119 1017/268/119
f 1017/268/119 284/277/119 30/278/119 278/279/119
f 1016/266/119 1017/268/119 278/279/119 277/280/119
f 1015/267/119 1016/266/119 277/280/119 276/281/119
f 275/282/119 1015/267/119 276/281/119 29/283/119
f 274/284/119 1012/263/119 1015/267/119 275/282/119
f 273/271/119 1009/260/119 1012/263/119 274/284/119
f 263/285/125 262/286/125 277/287/125 278/288/125
f 29/289/125 276/290/125 261/291/125 25/292/125
f 262/286/125 261/291/125 276/290/125 277/287/125
f 278/288/125 30/293/125 18/294/125 263/285/125
f 270/295/1 271/296/1 283/297/1 282/298/1
f 30/299/1 284/300/1 272/301/1 18/302/1
f 271/296/1 272/301/1 284/300/1 283/297/1
f 282/298/1 31/303/1 20/304/1 270/295/1
f 266/305/126 265/306/126 280/307/126 281/308/126
f 31/309/126 279/310/126 264/311/126 20/312/126
f 265/306/126 264/311/126 279/310/126 280/307/126
f 281/308/126 28/313/126 27/314/126 266/305/126
f 35/315/46 39/316/46 72/317/46 70/318/46
f 39/319/125 37/320/125 73/321/125 72/322/125
f 37/323/119 33/324/119 71/325/119 73/326/119
f 33/327/126 35/328/126 70/329/126 71/330/126
f 461/331/127 460/332/125 472/333/125 473/334/127
f 36/335/128 77/336/128 471/337/129 459/338/129
f 460/332/125 459/339/129 471/340/129 472/333/125
f 473/334/127 76/341/43 38/342/43 461/331/127
f 35/343/69 33/344/69 37/345/69 39/346/69
f 73/347/1 71/348/1 70/349/1 72/350/1
f 1037/351/130 58/352/131 41/353/132 355/354/133
f 40/355/69 294/356/69 293/357/69 292/358/69 47/359/69 291/360/69 290/361/69 289/362/69 46/363/69 288/364/69 287/365/69 286/366/69 45/367/69 285/368/69 69/369/69 68/370/69 44/371/69 67/372/69 66/373/69 65/374/69 43/375/69 64/376/69 63/377/69 62/378/69 42/379/69 61/380/69 60/381/69 59/382/69 41/383/69 58/384/69 57/385/69 56/386/69
f 359/387/134 360/388/135 362/389/136 361/390/137
f 361/390/137 362/389/136 364/391/138 363/392/139
f 48/393/140 298/394/141 359/395/134 295/396/142
f 298/394/141 299/397/143 360/398/135 359/395/134
f 363/392/139 364/391/138 300/399/144 301/400/145
f 297/401/146 363/392/139 301/400/145 49/402/147
f 296/403/148 361/390/137 363/392/139 297/401/146
f 295/404/142 359/387/134 361/390/137 296/403/148
f 365/405/149 366/406/150 368/407/151 367/408/152
f 367/408/152 368/407/151 370/409/153 369/410/154
f 49/402/147 301/400/145 365/405/149 302/411/155
f 301/400/145 300/399/144 366/406/150 365/405/149
f 369/410/154 370/409/153 305/412/156 306/413/157
f 304/414/158 369/410/154 306/413/157 50/415/159
f 303/416/160 367/408/152 369/410/154 304/414/158
f 302/411/155 365/405/149 367/408/152 303/416/160
f 371/417/161 372/418/162 374/419/163 373/420/164
f 373/420/164 374/419/163 376/421/165 375/422/166
f 50/415/159 306/413/157 371/423/161 307/424/167
f 306/413/157 305/412/156 372/425/162 371/423/161
f 375/422/166 376/421/165 310/426/168 311/427/169
f 309/428/170 375/422/166 311/427/169 51/429/171
f 308/430/172 373/420/164 375/422/166 309/428/170
f 307/431/167 371/417/161 373/420/164 308/430/172
f 377/432/173 378/433/174 380/434/175 379/435/176
f 379/435/176 380/434/175 382/436/177 381/437/178
f 51/429/171 311/427/169 377/432/173 312/438/179
f 311/427/169 310/426/168 378/433/174 377/432/173
f 381/437/178 382/436/177 315/439/180 316/440/181
f 314/441/182 381/437/178 316/440/181 52/442/183
f 313/443/184 379/435/176 381/437/178 314/441/182
f 312/438/179 377/432/173 379/435/176 313/443/184
f 383/444/185 384/445/186 386/446/187 385/447/188
f 385/447/188 386/446/187 388/448/189 387/449/190
f 52/450/183 316/451/181 383/444/185 317/452/191
f 316/440/181 315/439/180 384/453/186 383/454/185
f 387/449/190 388/448/189 320/455/192 321/456/193
f 319/457/194 387/449/190 321/456/193 53/458/195
f 318/459/196 385/447/188 387/449/190 319/457/194
f 317/452/191 383/444/185 385/447/188 318/459/196
f 389/460/197 390/461/198 392/462/199 391/463/200
f 391/463/200 392/462/199 394/464/201 393/465/202
f 53/458/195 321/456/193 389/460/197 322/466/203
f 321/456/193 320/455/192 390/461/198 389/460/197
f 393/465/202 394/464/201 325/467/204 326/468/205
f 324/469/206 393/465/202 326/468/205 54/470/207
f 323/471/208 391/463/200 393/465/202 324/469/206
f 322/466/203 389/460/197 391/463/200 323/471/208
f 395/472/209 396/473/210 398/474/211 397/475/212
f 397/475/212 398/474/211 400/476/213 399/477/214
f 54/470/207 326/468/205 395/478/209 327/479/215
f 326/468/205 325/467/204 396/480/210 395/478/209
f 399/477/214 400/476/213 330/481/216 331/482/217
f 329/483/218 399/477/214 331/482/217 55/484/219
f 328/485/220 397/475/212 399/477/214 329/483/218
f 327/486/215 395/472/209 397/475/212 328/485/220
f 401/487/221 402/488/222 404/489/223 403/490/224
f 403/490/224 404/489/223 406/491/225 405/492/226
f 55/484/219 331/482/217 401/487/221 332/493/227
f 331/482/217 330/481/216 402/488/222 401/487/221
f 364/391/138 1043/494/228 353/495/229 300/399/144
f 405/492/226 406/491/225 299/397/143 298/394/141
f 334/496/230 405/492/226 298/394/141 48/393/140
f 333/497/231 403/490/224 405/492/226 334/496/230
f 332/493/227 401/487/221 403/490/224 333/497/231
f 407/498/232 408/499/233 411/500/234 410/501/235
f 408/499/233 409/502/236 412/503/237 411/500/234
f 410/504/238 411/505/239 414/506/240 413/507/241
f 411/505/239 412/508/242 415/509/243 414/506/240
f 427/510/244 67/511/245 44/512/246 347/513/247
f 340/514/248 42/515/249 62/516/250 407/517/232
f 62/518/250 63/519/251 408/499/233 407/498/232
f 63/519/251 64/520/252 409/502/236 408/499/233
f 409/502/236 335/521/253 336/522/254 412/503/237
f 412/508/242 336/523/255 337/524/256 415/509/243
f 374/419/163 414/506/240 415/509/243 376/421/165
f 372/418/162 413/507/241 414/506/240 374/419/163
f 372/425/162 305/412/156 338/525/257 413/526/241
f 382/436/177 433/527/258 349/528/259 315/439/180
f 339/529/260 410/530/238 413/526/241 338/525/257
f 340/514/248 407/517/232 410/531/235 339/532/261
f 416/533/262 417/534/263 420/535/264 419/536/265
f 417/534/263 418/537/266 421/538/267 420/535/264
f 419/539/268 420/540/269 423/541/270 422/542/271
f 420/540/269 421/543/272 424/544/273 423/541/270
f 436/545/274 291/546/275 47/547/276 350/548/277
f 346/549/278 45/550/279 286/551/280 416/533/262
f 286/551/280 287/552/281 417/534/263 416/533/262
f 287/552/281 288/553/282 418/537/266 417/534/263
f 418/537/266 341/554/283 342/555/284 421/538/267
f 421/543/272 342/556/285 343/557/286 424/544/273
f 392/462/199 423/541/270 424/544/273 394/464/201
f 390/461/198 422/542/271 423/541/270 392/462/199
f 390/461/198 320/455/192 344/558/287 422/542/271
f 400/476/213 442/559/288 352/560/289 330/481/216
f 345/561/290 419/539/268 422/542/271 344/558/287
f 346/549/278 416/533/262 419/536/265 345/562/291
f 425/563/292 426/564/293 429/565/294 428/566/295
f 426/564/293 427/510/244 430/567/296 429/565/294
f 428/568/297 429/569/298 432/570/299 431/571/300
f 429/569/298 430/572/301 433/527/258 432/570/299
f 1019/573/302 285/574/303 45/550/279 346/549/278
f 335/521/253 43/575/304 65/576/305 425/563/292
f 65/576/305 66/577/306 426/564/293 425/563/292
f 66/577/306 67/511/245 427/510/244 426/564/293
f 427/510/244 347/513/247 348/578/307 430/567/296
f 430/572/301 348/579/308 349/528/259 433/527/258
f 380/434/175 432/570/299 433/527/258 382/436/177
f 378/433/174 431/571/300 432/570/299 380/434/175
f 378/433/174 310/426/168 337/524/256 431/571/300
f 388/448/189 1025/580/309 344/558/287 320/455/192
f 336/523/255 428/568/297 431/571/300 337/524/256
f 335/521/253 425/563/292 428/566/295 336/522/254
f 434/581/310 435/582/311 438/583/312 437/584/313
f 435/582/311 436/545/274 439/585/314 438/583/312
f 437/586/315 438/587/316 441/588/317 440/589/318
f 438/587/316 439/590/319 442/559/288 441/588/317
f 40/591/320 356/592/321 1028/593/322 294/594/323
f 341/554/283 46/595/324 289/596/325 434/597/310
f 289/598/325 290/599/326 435/582/311 434/581/310
f 290/599/326 291/546/275 436/545/274 435/582/311
f 436/545/274 350/548/277 351/600/327 439/585/314
f 439/590/319 351/601/328 352/560/289 442/559/288
f 398/474/211 441/588/317 442/559/288 400/476/213
f 396/473/210 440/589/318 441/588/317 398/474/211
f 396/480/210 325/467/204 343/557/286 440/602/318
f 406/491/225 1034/603/329 358/604/330 299/397/143
f 342/556/285 437/605/315 440/602/318 343/557/286
f 341/554/283 434/597/310 437/606/313 342/555/284
f 443/607/331 444/608/332 447/609/333 446/610/334
f 444/608/332 445/611/335 448/612/336 447/609/333
f 446/613/337 447/614/338 450/615/339 449/616/340
f 447/614/338 448/617/341 451/618/342 450/615/339
f 409/502/236 64/520/252 43/575/304 335/521/253
f 355/354/133 41/353/132 59/619/343 443/607/331
f 59/619/343 60/620/344 444/608/332 443/607/331
f 60/620/344 61/621/345 445/611/335 444/608/332
f 445/611/335 340/514/248 339/532/261 448/612/336
f 448/617/341 339/529/260 338/525/257 451/618/342
f 368/407/151 450/615/339 451/618/342 370/409/153
f 366/406/150 449/616/340 450/615/339 368/407/151
f 366/406/150 300/399/144 353/495/229 449/616/340
f 376/421/165 415/509/243 337/524/256 310/426/168
f 354/622/346 446/613/337 449/616/340 353/495/229
f 355/354/133 443/607/331 446/610/334 354/623/347
f 452/624/348 1018/625/349 1021/626/350 1020/627/351
f 1018/625/349 1019/573/302 1022/628/352 1021/626/350
f 1020/629/353 1021/630/354 1024/631/355 1023/632/356
f 1021/630/354 1022/633/357 1025/580/309 1024/631/355
f 418/537/266 288/553/282 46/595/324 341/554/283
f 347/513/247 44/512/246 68/634/358 452/635/348
f 68/636/358 69/637/359 1018/625/349 452/624/348
f 69/637/359 285/574/303 1019/573/302 1018/625/349
f 1019/573/302 346/549/278 345/562/291 1022/628/352
f 1022/633/357 345/561/290 344/558/287 1025/580/309
f 386/446/187 1024/631/355 1025/580/309 388/448/189
f 384/445/186 1023/632/356 1024/631/355 386/446/187
f 384/453/186 315/439/180 349/528/259 1023/638/356
f 394/464/201 424/544/273 343/557/286 325/467/204
f 348/579/308 1020/639/353 1023/638/356 349/528/259
f 347/513/247 452/635/348 1020/640/351 348/578/307
f 1026/641/360 1027/642/361 1030/643/362 1029/644/363
f 1027/642/361 1028/593/322 1031/645/364 1030/643/362
f 1029/646/365 1030/647/366 1033/648/367 1032/649/368
f 1030/647/366 1031/650/369 1034/603/329 1033/648/367
f 350/548/277 47/547/276 292/651/370 1026/641/360
f 292/651/370 293/652/371 1027/642/361 1026/641/360
f 293/652/371 294/594/323 1028/593/322 1027/642/361
f 1028/593/322 356/592/321 357/653/372 1031/645/364
f 1031/650/369 357/654/373 358/604/330 1034/603/329
f 404/489/223 1033/648/367 1034/603/329 406/491/225
f 402/488/222 1032/649/368 1033/648/367 404/489/223
f 402/488/222 330/481/216 352/560/289 1032/649/368
f 351/601/328 1029/646/365 1032/649/368 352/560/289
f 350/548/277 1026/641/360 1029/644/363 351/600/327
f 1035/655/374 1036/656/375 1039/657/376 1038/658/377
f 1036/656/375 1037/351/130 1040/659/378 1039/657/376
f 1038/660/379 1039/661/380 1042/662/381 1041/663/382
f 1039/661/380 1040/664/383 1043/494/228 1042/662/381
f 445/611/335 61/621/345 42/515/249 340/514/248
f 40/665/320 56/666/384 1035/655/374 356/667/321
f 56/666/384 57/668/385 1036/656/375 1035/655/374
f 57/668/385 58/352/131 1037/351/130 1036/656/375
f 1037/351/130 355/354/133 354/623/347 1040/659/378
f 1040/664/383 354/622/346 353/495/229 1043/494/228
f 362/389/136 1042/662/381 1043/494/228 364/391/138
f 360/388/135 1041/663/382 1042/662/381 362/389/136
f 299/397/143 358/604/330 1041/669/382 360/398/135
f 370/409/153 451/618/342 338/525/257 305/412/156
f 357/654/373 1038/670/379 1041/669/382 358/604/330
f 356/592/321 1035/671/374 1038/672/377 357/653/372
f 48/673/1 295/674/1 296/675/1 297/676/1 49/677/1 302/678/1 303/679/1 304/680/1 50/681/1 307/682/1 308/683/1 309/684/1 51/685/1 312/686/1 313/687/1 314/688/1 52/689/1 317/690/1 318/691/1 319/692/1 53/693/1 322/694/1 323/695/1 324/696/1 54/697/1 327/698/1 328/699/1 329/700/1 55/701/1 332/702/1 333/703/1 334/704/1
f 1259/705/1 1227/706/1 1226/707/1 1225/708/1 1258/709/1 1220/710/1 1219/711/1 1218/712/1 1257/713/1 1215/714/1 1214/715/1 1213/716/1 1256/717/1 1210/718/1 1209/719/1 1208/720/1 1255/721/1 1205/722/1 1204/723/1 1203/724/1 1254/725/1 1200/726/1 1199/727/1 1198/728/1 1253/729/1 1195/730/1 1194/731/1 1193/732/1 1252/733/1 1190/734/1 1189/735/1 1188/736/1
f 1166/737/321 1052/738/374 1049/739/377 1165/740/372
f 1165/741/373 1049/742/379 1046/743/382 1164/744/330
f 1152/745/153 1071/746/342 1184/747/257 1217/748/156
f 1223/749/143 1164/744/330 1046/743/382 1162/750/135
f 1162/751/135 1046/752/382 1045/753/381 1160/754/136
f 1160/754/136 1045/753/381 1044/755/228 1158/756/138
f 1047/757/383 1168/758/346 1169/759/229 1044/755/228
f 1050/760/130 1167/761/133 1168/762/347 1047/763/378
f 1250/764/385 1249/765/131 1050/760/130 1051/766/375
f 1251/767/384 1250/764/385 1051/766/375 1052/768/374
f 1267/769/320 1251/767/384 1052/768/374 1166/770/321
f 1077/771/386 1246/772/345 1265/773/249 1182/774/248
f 1048/775/380 1047/757/383 1044/755/228 1045/753/381
f 1049/776/379 1048/775/380 1045/753/381 1046/752/382
f 1051/766/375 1050/760/130 1047/763/378 1048/777/376
f 1052/768/374 1051/766/375 1048/777/376 1049/778/377
f 1172/779/277 1061/780/360 1058/781/363 1171/782/327
f 1171/783/328 1058/784/365 1055/785/368 1170/786/289
f 1120/787/222 1192/788/216 1170/786/289 1055/785/368
f 1120/787/222 1055/785/368 1054/789/367 1118/790/223
f 1118/790/223 1054/789/367 1053/791/329 1116/792/225
f 1056/793/369 1165/741/373 1164/744/330 1053/791/329
f 1059/794/322 1166/737/321 1165/740/372 1056/795/364
f 1229/796/371 1228/797/323 1059/794/322 1060/798/361
f 1230/799/370 1229/796/371 1060/798/361 1061/780/360
f 1172/779/277 1260/800/276 1230/799/370 1061/780/360
f 1057/801/366 1056/793/369 1053/791/329 1054/789/367
f 1058/784/365 1057/801/366 1054/789/367 1055/785/368
f 1060/798/361 1059/794/322 1056/795/364 1057/802/362
f 1061/780/360 1060/798/361 1057/802/362 1058/781/363
f 1175/803/247 1070/804/348 1067/805/351 1174/806/307
f 1174/807/308 1067/808/353 1064/809/356 1173/810/259
f 1128/811/201 1098/812/273 1179/813/286 1197/814/204
f 1138/815/186 1207/816/180 1173/810/259 1064/809/356
f 1138/817/186 1064/818/356 1063/819/355 1136/820/187
f 1136/820/187 1063/819/355 1062/821/309 1134/822/189
f 1065/823/357 1177/824/290 1178/825/287 1062/821/309
f 1068/826/302 1176/827/278 1177/828/291 1065/829/352
f 1238/830/359 1237/831/303 1068/826/302 1069/832/349
f 1239/833/358 1238/830/359 1069/832/349 1070/834/348
f 1175/803/247 1263/835/246 1239/836/358 1070/804/348
f 1104/837/266 1234/838/282 1261/839/324 1181/840/283
f 1066/841/354 1065/823/357 1062/821/309 1063/819/355
f 1067/842/353 1066/841/354 1063/819/355 1064/818/356
f 1069/832/349 1068/826/302 1065/829/352 1066/843/350
f 1070/834/348 1069/832/349 1066/843/350 1067/844/351
f 1167/761/133 1079/845/331 1076/846/334 1168/762/347
f 1168/758/346 1076/847/337 1073/848/340 1169/759/229
f 1146/849/165 1107/850/243 1185/851/256 1212/852/168
f 1156/853/150 1222/854/144 1169/759/229 1073/848/340
f 1156/853/150 1073/848/340 1072/855/339 1154/856/151
f 1154/856/151 1072/855/339 1071/746/342 1152/745/153
f 1074/857/341 1183/858/260 1184/747/257 1071/746/342
f 1077/771/386 1182/774/248 1183/859/261 1074/860/336
f 1247/861/344 1246/772/345 1077/771/386 1078/862/332
f 1248/863/343 1247/861/344 1078/862/332 1079/845/331
f 1167/761/133 1266/864/132 1248/863/343 1079/845/331
f 1113/865/236 1243/866/252 1264/867/304 1187/868/253
f 1075/869/338 1074/857/341 1071/746/342 1072/855/339
f 1076/847/337 1075/869/338 1072/855/339 1073/848/340
f 1078/862/332 1077/771/386 1074/860/336 1075/870/333
f 1079/845/331 1078/862/332 1075/870/333 1076/846/334
f 1181/840/283 1088/871/310 1085/872/313 1180/873/284
f 1180/874/285 1085/875/315 1082/876/318 1179/813/286
f 1116/792/225 1053/791/329 1164/744/330 1223/749/143
f 1126/877/210 1197/814/204 1179/813/286 1082/876/318
f 1126/878/210 1082/879/318 1081/880/317 1124/881/211
f 1124/881/211 1081/880/317 1080/882/288 1122/883/213
f 1083/884/319 1171/783/328 1170/786/289 1080/882/288
f 1086/885/274 1172/779/277 1171/782/327 1083/886/314
f 1232/887/326 1231/888/275 1086/885/274 1087/889/311
f 1233/890/325 1232/887/326 1087/889/311 1088/891/310
f 1181/840/283 1261/839/324 1233/892/325 1088/871/310
f 1267/893/320 1166/737/321 1059/794/322 1228/797/323
f 1084/894/316 1083/884/319 1080/882/288 1081/880/317
f 1085/895/315 1084/894/316 1081/880/317 1082/879/318
f 1087/889/311 1086/885/274 1083/886/314 1084/896/312
f 1088/891/310 1087/889/311 1084/896/312 1085/897/313
f 1187/868/253 1097/898/292 1094/899/295 1186/900/254
f 1186/901/255 1094/902/297 1091/903/300 1185/851/256
f 1134/822/189 1062/821/309 1178/825/287 1202/904/192
f 1144/905/174 1212/852/168 1185/851/256 1091/903/300
f 1144/905/174 1091/903/300 1090/906/299 1142/907/175
f 1142/907/175 1090/906/299 1089/908/258 1140/909/177
f 1092/910/301 1174/807/308 1173/810/259 1089/908/258
f 1095/911/244 1175/803/247 1174/806/307 1092/912/296
f 1241/913/306 1240/914/245 1095/911/244 1096/915/293
f 1242/916/305 1241/913/306 1096/915/293 1097/898/292
f 1187/868/253 1264/867/304 1242/916/305 1097/898/292
f 1068/826/302 1237/831/303 1262/917/279 1176/827/278
f 1093/918/298 1092/910/301 1089/908/258 1090/906/299
f 1094/902/297 1093/918/298 1090/906/299 1091/903/300
f 1096/915/293 1095/911/244 1092/912/296 1093/919/294
f 1097/898/292 1096/915/293 1093/919/294 1094/899/295
f 1176/827/278 1106/920/262 1103/921/265 1177/828/291
f 1177/824/290 1103/922/268 1100/923/271 1178/825/287
f 1122/883/213 1080/882/288 1170/786/289 1192/788/216
f 1132/924/198 1202/904/192 1178/825/287 1100/923/271
f 1132/924/198 1100/923/271 1099/925/270 1130/926/199
f 1130/926/199 1099/925/270 1098/812/273 1128/811/201
f 1101/927/272 1180/874/285 1179/813/286 1098/812/273
f 1104/837/266 1181/840/283 1180/873/284 1101/928/267
f 1235/929/281 1234/838/282 1104/837/266 1105/930/263
f 1236/931/280 1235/929/281 1105/930/263 1106/920/262
f 1176/827/278 1262/917/279 1236/931/280 1106/920/262
f 1086/885/274 1231/888/275 1260/800/276 1172/779/277
f 1102/932/269 1101/927/272 1098/812/273 1099/925/270
f 1103/922/268 1102/932/269 1099/925/270 1100/923/271
f 1105/930/263 1104/837/266 1101/928/267 1102/933/264
f 1106/920/262 1105/930/263 1102/933/264 1103/921/265
f 1182/774/248 1115/934/232 1112/935/235 1183/859/261
f 1183/858/260 1112/936/238 1109/937/241 1184/747/257
f 1140/909/177 1089/908/258 1173/810/259 1207/816/180
f 1150/938/162 1217/748/156 1184/747/257 1109/937/241
f 1150/939/162 1109/940/241 1108/941/240 1148/942/163
f 1148/942/163 1108/941/240 1107/850/243 1146/849/165
f 1110/943/387 1186/901/255 1185/851/256 1107/850/243
f 1113/865/236 1187/868/253 1186/900/254 1110/944/237
f 1244/945/251 1243/866/252 1113/865/236 1114/946/233
f 1245/947/250 1244/945/251 1114/946/233 1115/948/232
f 1182/774/248 1265/773/249 1245/949/250 1115/934/232
f 1095/911/244 1240/914/245 1263/835/246 1175/803/247
f 1111/950/239 1110/943/387 1107/850/243 1108/941/240
f 1112/951/238 1111/950/239 1108/941/240 1109/940/241
f 1114/946/233 1113/865/236 1110/944/237 1111/952/234
f 1115/948/232 1114/946/233 1111/952/234 1112/953/235
f 1190/954/227 1121/955/221 1119/956/224 1189/957/231
f 1189/957/231 1119/956/224 1117/958/226 1188/959/230
f 1188/959/230 1117/958/226 1224/960/141 1259/961/140
f 1117/958/226 1116/792/225 1223/749/143 1224/960/141
f 1158/756/138 1044/755/228 1169/759/229 1222/854/144
f 1191/962/217 1192/788/216 1120/787/222 1121/955/221
f 1252/963/219 1191/962/217 1121/955/221 1190/954/227
f 1119/956/224 1118/790/223 1116/792/225 1117/958/226
f 1121/955/221 1120/787/222 1118/790/223 1119/956/224
f 1195/964/215 1127/965/209 1125/966/212 1194/967/220
f 1194/967/220 1125/966/212 1123/968/214 1193/969/218
f 1193/969/218 1123/968/214 1191/962/217 1252/963/219
f 1123/968/214 1122/883/213 1192/788/216 1191/962/217
f 1196/970/205 1197/814/204 1126/877/210 1127/971/209
f 1253/972/207 1196/970/205 1127/971/209 1195/973/215
f 1125/966/212 1124/881/211 1122/883/213 1123/968/214
f 1127/965/209 1126/878/210 1124/881/211 1125/966/212
f 1200/974/203 1133/975/197 1131/976/200 1199/977/208
f 1199/977/208 1131/976/200 1129/978/202 1198/979/206
f 1198/979/206 1129/978/202 1196/970/205 1253/972/207
f 1129/978/202 1128/811/201 1197/814/204 1196/970/205
f 1201/980/193 1202/904/192 1132/924/198 1133/975/197
f 1254/981/195 1201/980/193 1133/975/197 1200/974/203
f 1131/976/200 1130/926/199 1128/811/201 1129/978/202
f 1133/975/197 1132/924/198 1130/926/199 1131/976/200
f 1205/982/191 1139/983/185 1137/984/188 1204/985/196
f 1204/985/196 1137/984/188 1135/986/190 1203/987/194
f 1203/987/194 1135/986/190 1201/980/193 1254/981/195
f 1135/986/190 1134/822/189 1202/904/192 1201/980/193
f 1206/988/181 1207/816/180 1138/815/186 1139/989/185
f 1255/990/183 1206/991/181 1139/983/185 1205/982/191
f 1137/984/188 1136/820/187 1134/822/189 1135/986/190
f 1139/983/185 1138/817/186 1136/820/187 1137/984/188
f 1210/992/179 1145/993/173 1143/994/176 1209/995/184
f 1209/995/184 1143/994/176 1141/996/178 1208/997/182
f 1208/997/182 1141/996/178 1206/988/181 1255/998/183
f 1141/996/178 1140/909/177 1207/816/180 1206/988/181
f 1211/999/169 1212/852/168 1144/905/174 1145/993/173
f 1256/1000/171 1211/999/169 1145/993/173 1210/992/179
f 1143/994/176 1142/907/175 1140/909/177 1141/996/178
f 1145/993/173 1144/905/174 1142/907/175 1143/994/176
f 1215/1001/167 1151/1002/161 1149/1003/164 1214/1004/172
f 1214/1004/172 1149/1003/164 1147/1005/166 1213/1006/170
f 1213/1006/170 1147/1005/166 1211/999/169 1256/1000/171
f 1147/1005/166 1146/849/165 1212/852/168 1211/999/169
f 1216/1007/157 1217/748/156 1150/938/162 1151/1008/161
f 1257/1009/159 1216/1007/157 1151/1008/161 1215/1010/167
f 1149/1003/164 1148/942/163 1146/849/165 1147/1005/166
f 1151/1002/161 1150/939/162 1148/942/163 1149/1003/164
f 1220/1011/155 1157/1012/149 1155/1013/152 1219/1014/160
f 1219/1014/160 1155/1013/152 1153/1015/154 1218/1016/158
f 1218/1016/158 1153/1015/154 1216/1007/157 1257/1009/159
f 1153/1015/154 1152/745/153 1217/748/156 1216/1007/157
f 1221/1017/145 1222/854/144 1156/853/150 1157/1012/149
f 1258/1018/147 1221/1017/145 1157/1012/149 1220/1011/155
f 1155/1013/152 1154/856/151 1152/745/153 1153/1015/154
f 1157/1012/149 1156/853/150 1154/856/151 1155/1013/152
f 1227/1019/142 1163/1020/134 1161/1021/137 1226/1022/148
f 1226/1022/148 1161/1021/137 1159/1023/139 1225/1024/146
f 1225/1024/146 1159/1023/139 1221/1017/145 1258/1018/147
f 1159/1023/139 1158/756/138 1222/854/144 1221/1017/145
f 1224/960/141 1223/749/143 1162/750/135 1163/1025/134
f 1259/961/140 1224/960/141 1163/1025/134 1227/1026/142
f 1161/1021/137 1160/754/136 1158/756/138 1159/1023/139
f 1163/1020/134 1162/751/135 1160/754/136 1161/1021/137
f 1267/1027/69 1228/1028/69 1229/1029/69 1230/1030/69 1260/1031/69 1231/1032/69 1232/1033/69 1233/1034/69 1261/1035/69 1234/1036/69 1235/1037/69 1236/1038/69 1262/1039/69 1237/1040/69 1238/1041/69 1239/1042/69 1263/1043/69 1240/1044/69 1241/1045/69 1242/1046/69 1264/1047/69 1243/1048/69 1244/1049/69 1245/1050/69 1265/1051/69 1246/1052/69 1247/1053/69 1248/1054/69 1266/1055/69 1249/1056/69 1250/1057/69 1251/1058/69
f 1050/760/130 1249/765/131 1266/864/132 1167/761/133
f 74/1059/1 470/1060/1 469/1061/1 468/1062/1 76/1063/1 473/1064/1 472/1065/1 471/1066/1 77/1067/1 476/1068/1 475/1069/1 474/1070/1 75/1071/1 467/1072/1 466/1073/1 465/1074/1
f 455/1075/388 454/1076/126 466/1077/126 467/1078/388
f 34/1079/39 74/1080/39 465/1081/389 453/1082/389
f 454/1076/126 453/1083/389 465/1084/389 466/1077/126
f 467/1078/388 75/1085/390 32/1086/390 455/1075/388
f 464/1087/391 463/1088/119 475/1089/119 476/1090/391
f 75/1085/390 474/1091/392 462/1092/392 32/1086/390
f 463/1093/119 462/1092/392 474/1091/392 475/1094/119
f 476/1090/391 77/336/128 36/335/128 464/1087/391
f 458/1095/393 457/1096/46 469/1097/46 470/1098/393
f 76/341/43 468/1099/394 456/1100/394 38/342/43
f 457/1096/46 456/1101/394 468/1102/394 469/1097/46
f 470/1098/393 74/1080/39 34/1079/39 458/1095/393
f 81/1103/46 85/1104/46 84/1105/46 80/1106/46
f 85/1107/125 83/1108/125 82/1109/125 84/1110/125
f 83/1111/119 79/1112/119 78/1113/119 82/1114/119
f 78/1115/1 80/1116/1 84/1117/1 82/345/1
f 83/1118/69 85/1119/69 81/1120/69 79/1121/69
f 1268/1122/395 479/1123/396 478/1124/397 1269/1125/398
f 481/1126/399 1269/1125/398 1270/1127/400 482/1128/401
f 1269/1125/398 478/1124/397 477/1129/402 1270/1127/400
f 490/1130/403 1268/1122/395 480/1131/404 102/1132/405
f 101/1133/406 479/1123/396 1268/1122/395 490/1130/403
f 1270/1127/400 477/1129/402 100/1134/407 509/1135/408
f 482/1128/401 1270/1127/400 509/1135/408 103/1136/409
f 571/1137/410 1271/1138/410 568/1139/410 96/1140/410
f 97/1141/411 569/1142/411 1271/1138/411 571/1137/411
f 497/1143/412 108/1144/412 565/1145/412 1278/1146/412
f 508/1147/413 1271/1148/413 569/1149/413 113/1150/413
f 514/1151/414 1272/1152/415 1273/1153/416 515/1154/417
f 1272/1152/415 507/1155/418 506/1156/419 1273/1153/416
f 515/1154/417 1273/1153/416 1274/1157/420 516/1158/421
f 1273/1153/416 506/1156/419 505/1159/422 1274/1157/420
f 486/1160/423 1272/1161/415 514/1162/414 109/1163/424
f 106/1164/425 507/1165/418 1272/1161/415 486/1160/423
f 1274/1157/420 505/1159/422 105/1166/426 501/1167/427
f 516/1158/421 1274/1157/420 501/1167/427 110/1168/428
f 502/1169/429 1275/1170/430 1276/1171/431 503/1172/432
f 1275/1170/430 500/1173/433 499/1174/434 1276/1171/431
f 503/1172/432 1276/1171/431 1277/1175/435 504/1176/436
f 1276/1171/431 499/1174/434 498/1177/437 1277/1175/435
f 513/1178/126 1275/1179/430 502/1180/429 111/1181/438
f 104/1182/439 500/1183/433 1275/1179/430 513/1178/126
f 1277/1175/435 498/1177/437 101/1133/406 490/1130/403
f 504/1176/436 1277/1175/435 490/1130/403 102/1132/405
f 522/1184/440 521/1185/441 1289/1186/442 1288/1187/443
f 95/1188/444 572/1189/444 1278/1146/444 565/1145/444
f 107/1190/445 497/1143/445 1278/1146/445 562/1191/445
f 1278/1146/446 572/1189/446 94/1192/446 562/1191/446
f 491/1193/447 1279/1194/448 1280/1195/449 492/1196/450
f 1279/1194/448 489/1197/451 488/1198/452 1280/1195/449
f 492/1196/450 1280/1195/449 1281/1199/453 493/1200/454
f 1280/1195/449 488/1198/452 487/1201/455 1281/1199/453
f 497/1202/456 1279/1194/448 491/1193/447 108/1203/457
f 107/1204/458 489/1197/451 1279/1194/448 497/1202/456
f 1281/1199/453 487/1201/455 106/1164/425 486/1160/423
f 493/1200/454 1281/1199/453 486/1160/423 109/1163/424
f 517/1205/459 1282/1206/460 1283/1207/461 518/1208/462
f 1282/1206/460 512/1209/463 511/1210/464 1283/1207/461
f 518/1208/462 1283/1207/461 1284/1211/465 519/1212/466
f 1283/1207/461 511/1210/464 510/1213/467 1284/1211/465
f 103/1136/409 509/1135/408 1282/1214/460 517/1215/459
f 509/1135/408 100/1134/407 512/1216/463 1282/1214/460
f 1284/1211/465 510/1213/467 112/1217/468 508/1147/469
f 519/1212/466 1284/1211/465 508/1147/469 113/1150/470
f 494/1218/471 1285/1219/472 1286/1220/473 495/1221/474
f 1285/1219/472 485/1222/475 484/1223/476 1286/1220/473
f 495/1221/474 1286/1220/473 1287/1224/477 496/1225/478
f 1286/1220/473 484/1223/476 483/1226/479 1287/1224/477
f 501/1167/427 1285/1219/472 494/1218/471 110/1168/428
f 105/1166/426 485/1222/475 1285/1219/472 501/1167/427
f 1287/1224/477 483/1226/479 104/1182/439 513/1178/126
f 496/1225/478 1287/1224/477 513/1178/126 111/1181/438
f 553/1227/480 554/1228/481 1325/1229/482 1324/1230/483
f 521/1185/441 520/1231/484 1290/1232/485 1289/1186/442
f 1289/1186/486 478/1233/487 479/1234/488 1288/1187/489
f 1290/1232/490 477/1235/491 478/1233/487 1289/1186/486
f 98/1236/492 557/1237/493 1290/1232/485 520/1231/484
f 525/1238/494 524/1239/495 1292/1240/496 1291/1241/497
f 557/1237/498 100/1242/499 477/1235/491 1290/1232/490
f 556/1243/500 1288/1187/489 479/1234/488 101/1244/501
f 1288/1187/443 556/1243/502 86/1245/503 522/1184/440
f 524/1239/495 523/1246/504 1293/1247/505 1292/1240/496
f 1292/1240/506 481/1248/507 482/1249/508 1291/1241/509
f 1293/1247/510 480/1250/511 481/1248/507 1292/1240/506
f 87/1251/512 559/1252/513 1293/1247/505 523/1246/504
f 528/1253/514 527/1254/515 1295/1255/516 1294/1256/517
f 559/1252/518 102/1257/519 480/1250/511 1293/1247/510
f 558/1258/520 1291/1241/509 482/1249/508 103/1259/521
f 1291/1241/497 558/1258/522 99/1260/523 525/1238/494
f 527/1254/515 526/1261/524 1296/1262/525 1295/1255/516
f 1295/1255/526 484/1263/527 485/1264/528 1294/1256/529
f 1296/1262/530 483/1265/531 484/1263/527 1295/1255/526
f 88/1266/532 561/1267/532 1296/1262/525 526/1261/524
f 531/1268/533 530/1269/534 1298/1270/535 1297/1271/536
f 561/1267/537 104/1272/537 483/1265/531 1296/1262/530
f 560/1273/538 1294/1256/529 485/1264/528 105/1274/539
f 1294/1256/517 560/1273/540 90/1275/541 528/1253/514
f 530/1269/534 529/1276/542 1299/1277/543 1298/1270/535
f 1298/1270/544 488/1278/545 489/1279/546 1297/1271/547
f 1299/1277/548 487/1280/549 488/1278/545 1298/1270/544
f 92/1281/550 563/1282/551 1299/1277/543 529/1276/542
f 534/1283/552 533/1284/553 1301/1285/554 1300/1286/555
f 563/1282/556 106/1287/557 487/1280/549 1299/1277/548
f 562/1288/558 1297/1271/547 489/1279/546 107/1289/558
f 1297/1271/536 562/1288/559 94/1290/559 531/1268/533
f 533/1284/553 532/1291/560 1302/1292/561 1301/1285/554
f 1301/1285/562 492/1293/563 493/1294/564 1300/1286/565
f 1302/1292/566 491/1295/567 492/1293/563 1301/1285/562
f 95/1296/568 565/1297/568 1302/1292/561 532/1291/560
f 537/1298/569 536/1299/570 1304/1300/571 1303/1301/572
f 565/1297/573 108/1302/573 491/1295/567 1302/1292/566
f 564/1303/574 1300/1286/565 493/1294/564 109/1304/575
f 1300/1286/555 564/1303/576 93/1305/577 534/1283/552
f 536/1299/570 535/1306/578 1305/1307/579 1304/1300/571
f 1304/1300/580 495/1308/581 496/1309/582 1303/1301/583
f 1305/1307/584 494/1310/585 495/1308/581 1304/1300/580
f 91/1311/586 567/1312/587 1305/1307/579 535/1306/578
f 540/1313/588 539/1314/589 1307/1315/590 1306/1316/591
f 567/1312/592 110/1317/593 494/1310/585 1305/1307/584
f 566/1318/594 1303/1301/583 496/1309/582 111/1319/594
f 1303/1301/572 566/1318/595 89/1320/595 537/1298/569
f 539/1314/589 538/1321/596 1308/1322/597 1307/1315/590
f 1307/1315/598 499/1323/599 500/1324/600 1306/1316/601
f 1308/1322/602 498/1325/603 499/1323/599 1307/1315/598
f 556/1243/502 1308/1322/597 538/1321/596 86/1245/503
f 543/1326/604 542/1327/605 1310/1328/606 1309/1329/607
f 101/1244/501 498/1325/603 1308/1322/602 556/1243/500
f 561/1267/537 1306/1316/601 500/1324/600 104/1272/537
f 1306/1316/591 561/1267/532 88/1266/532 540/1313/588
f 542/1327/605 541/1330/608 1311/1331/609 1310/1328/606
f 1310/1328/610 503/1332/611 504/1333/612 1309/1329/613
f 1311/1331/614 502/1334/615 503/1332/611 1310/1328/610
f 566/1318/595 1311/1331/609 541/1330/608 89/1320/595
f 546/1335/616 545/1336/617 1313/1337/618 1312/1338/619
f 111/1319/594 502/1334/615 1311/1331/614 566/1318/594
f 559/1252/518 1309/1329/613 504/1333/612 102/1257/519
f 1309/1329/607 559/1252/513 87/1251/512 543/1326/604
f 545/1336/617 544/1339/620 1314/1340/621 1313/1337/618
f 1313/1337/622 506/1341/623 507/1342/624 1312/1338/625
f 1314/1340/626 505/1343/627 506/1341/623 1313/1337/622
f 560/1273/540 1314/1340/621 544/1339/620 90/1275/541
f 549/1344/628 548/1345/629 1316/1346/630 1315/1347/631
f 105/1274/539 505/1343/627 1314/1340/626 560/1273/538
f 563/1282/556 1312/1338/625 507/1342/624 106/1287/557
f 1312/1338/619 563/1282/551 92/1281/550 546/1335/616
f 548/1345/629 547/1348/632 1317/1349/633 1316/1346/630
f 1316/1346/634 511/1350/635 512/1351/636 1315/1347/637
f 1317/1349/638 510/1352/639 511/1350/635 1316/1346/634
f 568/1353/640 1317/1349/633 547/1348/632 96/1354/640
f 552/1355/641 551/1356/642 1319/1357/643 1318/1358/644
f 112/1359/645 510/1352/639 1317/1349/638 568/1353/645
f 557/1237/498 1315/1347/637 512/1351/636 100/1242/499
f 1315/1347/631 557/1237/493 98/1236/492 549/1344/628
f 551/1356/642 550/1360/646 1320/1361/647 1319/1357/643
f 1319/1357/648 515/1362/649 516/1363/650 1318/1358/651
f 1320/1361/652 514/1364/653 515/1362/649 1319/1357/648
f 564/1303/576 1320/1361/647 550/1360/646 93/1305/577
f 555/1365/654 554/1366/655 1322/1367/656 1321/1368/657
f 109/1304/575 514/1364/653 1320/1361/652 564/1303/574
f 567/1312/592 1318/1358/651 516/1363/650 110/1317/593
f 1318/1358/644 567/1312/587 91/1311/586 552/1355/641
f 554/1366/655 553/1369/658 1323/1370/659 1322/1367/656
f 1322/1367/660 518/1371/661 519/1372/662 1321/1368/663
f 1323/1370/664 517/1373/665 518/1371/661 1322/1367/660
f 558/1258/522 1323/1370/659 553/1369/658 99/1260/523
f 103/1259/521 517/1373/665 1323/1370/664 558/1258/520
f 569/1374/666 1321/1368/663 519/1372/662 113/1375/666
f 1321/1368/657 569/1374/667 97/1376/667 555/1365/654
f 554/1377/481 555/1378/668 1326/1379/669 1325/1380/482
f 1325/1229/482 548/1381/670 549/1382/671 1324/1230/483
f 1326/1379/669 547/1383/672 548/1384/670 1325/1380/482
f 97/1141/673 571/1137/674 1326/1379/669 555/1378/668
f 532/1385/675 533/1386/676 1328/1387/677 1327/1388/678
f 571/1137/674 96/1140/679 547/1383/672 1326/1379/669
f 570/1389/680 1324/1390/483 549/1391/671 98/1392/681
f 1324/1390/483 570/1389/680 99/1393/682 553/1394/480
f 533/1386/676 534/1395/683 1329/1396/684 1328/1387/677
f 1328/1387/677 530/1397/685 531/1398/686 1327/1388/678
f 1329/1396/684 529/1399/687 530/1397/685 1328/1387/677
f 93/1400/688 573/1401/689 1329/1396/684 534/1395/683
f 550/1402/690 551/1403/691 1331/1404/692 1330/1405/693
f 573/1401/689 92/1406/694 529/1399/687 1329/1396/684
f 572/1407/695 1327/1388/678 531/1398/686 94/1408/696
f 1327/1388/678 572/1407/695 95/1409/697 532/1385/675
f 551/1403/691 552/1410/698 1332/1411/699 1331/1404/692
f 1331/1404/692 545/1412/700 546/1413/701 1330/1405/693
f 1332/1411/699 544/1414/702 545/1412/700 1331/1404/692
f 91/1415/703 574/1416/704 1332/1411/699 552/1410/698
f 535/1417/705 536/1418/706 1334/1419/707 1333/1420/708
f 574/1416/704 90/1421/709 544/1414/702 1332/1411/699
f 573/1401/689 1330/1422/693 546/1423/701 92/1406/694
f 1330/1422/693 573/1401/689 93/1400/688 550/1424/690
f 536/1418/706 537/1425/710 1335/1426/711 1334/1419/707
f 1334/1419/707 527/1427/712 528/1428/713 1333/1420/708
f 1335/1426/711 526/1429/714 527/1427/712 1334/1419/707
f 89/1430/715 575/1431/125 1335/1426/711 537/1425/710
f 541/1432/716 542/1433/717 1337/1434/718 1336/1435/719
f 575/1431/125 88/1436/720 526/1429/714 1335/1426/711
f 574/1416/704 1333/1420/708 528/1428/713 90/1421/709
f 1333/1420/708 574/1416/704 91/1415/703 535/1417/705
f 542/1433/717 543/1437/721 1338/1438/722 1337/1434/718
f 1337/1434/718 539/1439/723 540/1440/724 1336/1435/719
f 1338/1438/722 538/1441/725 539/1439/723 1337/1434/718
f 87/1442/726 576/1443/727 1338/1438/722 543/1437/721
f 523/1444/728 524/1445/729 1340/1446/730 1339/1447/731
f 576/1443/727 86/1448/732 538/1441/725 1338/1438/722
f 575/1431/125 1336/1449/719 540/1450/724 88/1436/720
f 1336/1449/719 575/1431/125 89/1430/715 541/1451/716
f 524/1445/729 525/1452/733 1341/1453/734 1340/1446/730
f 1340/1446/730 521/1454/735 522/1455/736 1339/1447/731
f 1341/1453/734 520/1456/737 521/1454/735 1340/1446/730
f 570/1389/680 1341/1453/734 525/1452/733 99/1393/682
f 1271/1148/738 508/1147/738 112/1217/738 568/1457/738
f 98/1392/681 520/1456/737 1341/1453/734 570/1389/680
f 576/1443/727 1339/1447/731 522/1455/736 86/1448/732
f 1339/1447/731 576/1443/727 87/1442/726 523/1444/728
f 1455/1458/130 579/1459/131 115/1460/132 661/1461/133
f 114/1462/69 600/1463/69 599/1464/69 598/1465/69 121/1466/69 597/1467/69 596/1468/69 595/1469/69 120/1470/69 594/1471/69 593/1472/69 592/1473/69 119/1474/69 591/1475/69 590/1476/69 589/1477/69 118/1478/69 588/1479/69 587/1480/69 586/1481/69 117/1482/69 585/1483/69 584/1484/69 583/1485/69 116/1486/69 582/1487/69 581/1488/69 580/1489/69 115/1490/69 579/1491/69 578/1492/69 577/1493/69
f 1342/1494/134 1343/1495/135 1345/1496/136 1344/1497/137
f 1344/1497/137 1345/1496/136 1347/1498/138 1346/1499/139
f 122/1500/140 604/1501/141 1342/1502/134 601/1503/142
f 604/1501/141 605/1504/143 1343/1505/135 1342/1502/134
f 1346/1499/139 1347/1498/138 606/1506/144 607/1507/145
f 603/1508/146 1346/1499/139 607/1507/145 123/1509/147
f 602/1510/148 1344/1497/137 1346/1499/139 603/1508/146
f 601/1511/142 1342/1494/134 1344/1497/137 602/1510/148
f 1348/1512/149 1349/1513/150 1351/1514/151 1350/1515/152
f 1350/1515/152 1351/1514/151 1353/1516/153 1352/1517/154
f 123/1509/147 607/1507/145 1348/1512/149 608/1518/155
f 607/1507/145 606/1506/144 1349/1513/150 1348/1512/149
f 1352/1517/154 1353/1516/153 611/1519/156 612/1520/157
f 610/1521/158 1352/1517/154 612/1520/157 124/1522/159
f 609/1523/160 1350/1515/152 1352/1517/154 610/1521/158
f 608/1518/155 1348/1512/149 1350/1515/152 609/1523/160
f 1354/1524/161 1355/1525/162 1357/1526/163 1356/1527/164
f 1356/1527/164 1357/1526/163 1359/1528/165 1358/1529/166
f 124/1522/159 612/1520/157 1354/1530/161 613/1531/167
f 612/1520/157 611/1519/156 1355/1532/162 1354/1530/161
f 1358/1529/166 1359/1528/165 616/1533/168 617/1534/169
f 615/1535/170 1358/1529/166 617/1534/169 125/1536/171
f 614/1537/172 1356/1527/164 1358/1529/166 615/1535/170
f 613/1538/167 1354/1524/161 1356/1527/164 614/1537/172
f 1360/1539/173 1361/1540/174 1363/1541/175 1362/1542/176
f 1362/1542/176 1363/1541/175 1365/1543/177 1364/1544/178
f 125/1536/171 617/1534/169 1360/1539/173 618/1545/179
f 617/1534/169 616/1533/168 1361/1540/174 1360/1539/173
f 1364/1544/178 1365/1543/177 621/1546/180 622/1547/181
f 620/1548/182 1364/1544/178 622/1547/181 126/1549/183
f 619/1550/184 1362/1542/176 1364/1544/178 620/1548/182
f 618/1545/179 1360/1539/173 1362/1542/176 619/1550/184
f 1366/1551/185 1367/1552/186 1369/1553/187 1368/1554/188
f 1368/1554/188 1369/1553/187 1371/1555/189 1370/1556/190
f 126/1557/183 622/1558/181 1366/1551/185 623/1559/191
f 622/1547/181 621/1546/180 1367/1560/186 1366/1561/185
f 1370/1556/190 1371/1555/189 626/1562/192 627/1563/193
f 625/1564/194 1370/1556/190 627/1563/193 127/1565/195
f 624/1566/196 1368/1554/188 1370/1556/190 625/1564/194
f 623/1559/191 1366/1551/185 1368/1554/188 624/1566/196
f 1372/1567/197 1373/1568/198 1375/1569/199 1374/1570/200
f 1374/1570/200 1375/1569/199 1377/1571/201 1376/1572/202
f 127/1565/195 627/1563/193 1372/1567/197 628/1573/203
f 627/1563/193 626/1562/192 1373/1568/198 1372/1567/197
f 1376/1572/202 1377/1571/201 631/1574/204 632/1575/205
f 630/1576/206 1376/1572/202 632/1575/205 128/1577/207
f 629/1578/208 1374/1570/200 1376/1572/202 630/1576/206
f 628/1573/203 1372/1567/197 1374/1570/200 629/1578/208
f 1378/1579/209 1379/1580/210 1381/1581/211 1380/1582/212
f 1380/1582/212 1381/1581/211 1383/1583/213 1382/1584/214
f 128/1577/207 632/1575/205 1378/1585/209 633/1586/215
f 632/1575/205 631/1574/204 1379/1587/210 1378/1585/209
f 1382/1584/214 1383/1583/213 636/1588/216 637/1589/217
f 635/1590/218 1382/1584/214 637/1589/217 129/1591/219
f 634/1592/220 1380/1582/212 1382/1584/214 635/1590/218
f 633/1593/215 1378/1579/209 1380/1582/212 634/1592/220
f 1384/1594/221 1385/1595/222 1387/1596/223 1386/1597/224
f 1386/1597/224 1387/1596/223 1389/1598/225 1388/1599/226
f 129/1591/219 637/1589/217 1384/1594/221 638/1600/227
f 637/1589/217 636/1588/216 1385/1595/222 1384/1594/221
f 1347/1498/138 1461/1601/228 659/1602/229 606/1506/144
f 1388/1599/226 1389/1598/225 605/1504/143 604/1501/141
f 640/1603/230 1388/1599/226 604/1501/141 122/1500/140
f 639/1604/231 1386/1597/224 1388/1599/226 640/1603/230
f 638/1600/227 1384/1594/221 1386/1597/224 639/1604/231
f 1390/1605/232 1391/1606/233 1394/1607/234 1393/1608/235
f 1391/1606/233 1392/1609/236 1395/1610/237 1394/1607/234
f 1393/1611/238 1394/1612/239 1397/1613/240 1396/1614/241
f 1394/1612/239 1395/1615/242 1398/1616/243 1397/1613/240
f 1410/1617/244 588/1618/245 118/1619/246 653/1620/247
f 646/1621/248 116/1622/249 583/1623/250 1390/1624/232
f 583/1625/250 584/1626/251 1391/1606/233 1390/1605/232
f 584/1626/251 585/1627/252 1392/1609/236 1391/1606/233
f 1392/1609/236 641/1628/253 642/1629/254 1395/1610/237
f 1395/1615/242 642/1630/255 643/1631/256 1398/1616/243
f 1357/1526/163 1397/1613/240 1398/1616/243 1359/1528/165
f 1355/1525/162 1396/1614/241 1397/1613/240 1357/1526/163
f 1355/1532/162 611/1519/156 644/1632/257 1396/1633/241
f 1365/1543/177 1416/1634/258 655/1635/259 621/1546/180
f 645/1636/260 1393/1637/238 1396/1633/241 644/1632/257
f 646/1621/248 1390/1624/232 1393/1638/235 645/1639/261
f 1399/1640/262 1400/1641/263 1403/1642/264 1402/1643/265
f 1400/1641/263 1401/1644/266 1404/1645/267 1403/1642/264
f 1402/1646/268 1403/1647/269 1406/1648/270 1405/1649/271
f 1403/1647/269 1404/1650/272 1407/1651/273 1406/1648/270
f 1419/1652/274 597/1653/275 121/1654/276 656/1655/277
f 652/1656/278 119/1657/279 592/1658/280 1399/1640/262
f 592/1658/280 593/1659/281 1400/1641/263 1399/1640/262
f 593/1659/281 594/1660/282 1401/1644/266 1400/1641/263
f 1401/1644/266 647/1661/283 648/1662/284 1404/1645/267
f 1404/1650/272 648/1663/285 649/1664/286 1407/1651/273
f 1375/1569/199 1406/1648/270 1407/1651/273 1377/1571/201
f 1373/1568/198 1405/1649/271 1406/1648/270 1375/1569/199
f 1373/1568/198 626/1562/192 650/1665/287 1405/1649/271
f 1383/1583/213 1425/1666/288 658/1667/289 636/1588/216
f 651/1668/290 1402/1646/268 1405/1649/271 650/1665/287
f 652/1656/278 1399/1640/262 1402/1643/265 651/1669/291
f 1408/1670/292 1409/1671/293 1412/1672/294 1411/1673/295
f 1409/1671/293 1410/1617/244 1413/1674/296 1412/1672/294
f 1411/1675/297 1412/1676/298 1415/1677/299 1414/1678/300
f 1412/1676/298 1413/1679/301 1416/1634/258 1415/1677/299
f 1437/1680/302 591/1681/303 119/1657/279 652/1656/278
f 641/1628/253 117/1682/304 586/1683/305 1408/1670/292
f 586/1683/305 587/1684/306 1409/1671/293 1408/1670/292
f 587/1684/306 588/1618/245 1410/1617/244 1409/1671/293
f 1410/1617/244 653/1620/247 654/1685/307 1413/1674/296
f 1413/1679/301 654/1686/308 655/1635/259 1416/1634/258
f 1363/1541/175 1415/1677/299 1416/1634/258 1365/1543/177
f 1361/1540/174 1414/1678/300 1415/1677/299 1363/1541/175
f 1361/1540/174 616/1533/168 643/1631/256 1414/1678/300
f 1371/1555/189 1443/1687/309 650/1665/287 626/1562/192
f 642/1630/255 1411/1675/297 1414/1678/300 643/1631/256
f 641/1628/253 1408/1670/292 1411/1673/295 642/1629/254
f 1417/1688/310 1418/1689/311 1421/1690/312 1420/1691/313
f 1418/1689/311 1419/1652/274 1422/1692/314 1421/1690/312
f 1420/1693/315 1421/1694/316 1424/1695/317 1423/1696/318
f 1421/1694/316 1422/1697/319 1425/1666/288 1424/1695/317
f 114/1698/320 662/1699/321 1446/1700/322 600/1701/323
f 647/1661/283 120/1702/324 595/1703/325 1417/1704/310
f 595/1705/325 596/1706/326 1418/1689/311 1417/1688/310
f 596/1706/326 597/1653/275 1419/1652/274 1418/1689/311
f 1419/1652/274 656/1655/277 657/1707/327 1422/1692/314
f 1422/1697/319 657/1708/328 658/1667/289 1425/1666/288
f 1381/1581/211 1424/1695/317 1425/1666/288 1383/1583/213
f 1379/1580/210 1423/1696/318 1424/1695/317 1381/1581/211
f 1379/1587/210 631/1574/204 649/1664/286 1423/1709/318
f 1389/1598/225 1452/1710/329 664/1711/330 605/1504/143
f 648/1663/285 1420/1712/315 1423/1709/318 649/1664/286
f 647/1661/283 1417/1704/310 1420/1713/313 648/1662/284
f 1426/1714/331 1427/1715/332 1430/1716/333 1429/1717/334
f 1427/1715/332 1428/1718/386 1431/1719/336 1430/1716/333
f 1429/1720/739 1430/1721/338 1433/1722/339 1432/1723/340
f 1430/1721/338 1431/1724/341 1434/1725/342 1433/1722/339
f 1392/1609/236 585/1627/252 117/1682/304 641/1628/253
f 661/1461/133 115/1460/132 580/1726/343 1426/1714/331
f 580/1726/343 581/1727/344 1427/1715/332 1426/1714/331
f 581/1727/344 582/1728/345 1428/1718/386 1427/1715/332
f 1428/1718/386 646/1621/248 645/1639/261 1431/1719/336
f 1431/1724/341 645/1636/260 644/1632/257 1434/1725/342
f 1351/1514/151 1433/1722/339 1434/1725/342 1353/1516/153
f 1349/1513/150 1432/1723/340 1433/1722/339 1351/1514/151
f 1349/1513/150 606/1506/144 659/1602/229 1432/1723/340
f 1359/1528/165 1398/1616/243 643/1631/256 616/1533/168
f 660/1729/346 1429/1720/739 1432/1723/340 659/1602/229
f 661/1461/133 1426/1714/331 1429/1717/334 660/1730/347
f 1435/1731/348 1436/1732/349 1439/1733/350 1438/1734/351
f 1436/1732/349 1437/1680/302 1440/1735/352 1439/1733/350
f 1438/1736/353 1439/1737/354 1442/1738/355 1441/1739/356
f 1439/1737/354 1440/1740/357 1443/1687/309 1442/1738/355
f 1401/1644/266 594/1660/282 120/1702/324 647/1661/283
f 653/1620/247 118/1619/246 589/1741/358 1435/1742/348
f 589/1743/358 590/1744/359 1436/1732/349 1435/1731/348
f 590/1744/359 591/1681/303 1437/1680/302 1436/1732/349
f 1437/1680/302 652/1656/278 651/1669/291 1440/1735/352
f 1440/1740/357 651/1668/290 650/1665/287 1443/1687/309
f 1369/1553/187 1442/1738/355 1443/1687/309 1371/1555/189
f 1367/1552/186 1441/1739/356 1442/1738/355 1369/1553/187
f 1367/1560/186 621/1546/180 655/1635/259 1441/1745/356
f 1377/1571/201 1407/1651/273 649/1664/286 631/1574/204
f 654/1686/308 1438/1746/353 1441/1745/356 655/1635/259
f 653/1620/247 1435/1742/348 1438/1747/351 654/1685/307
f 1444/1748/360 1445/1749/361 1448/1750/362 1447/1751/363
f 1445/1749/361 1446/1700/322 1449/1752/364 1448/1750/362
f 1447/1753/365 1448/1754/366 1451/1755/367 1450/1756/368
f 1448/1754/366 1449/1757/369 1452/1710/329 1451/1755/367
f 480/1131/404 1268/1122/395 1269/1125/398 481/1126/399
f 656/1655/277 121/1654/276 598/1758/370 1444/1748/360
f 598/1758/370 599/1759/371 1445/1749/361 1444/1748/360
f 599/1759/371 600/1701/323 1446/1700/322 1445/1749/361
f 1446/1700/322 662/1699/321 663/1760/372 1449/1752/364
f 1449/1757/369 663/1761/373 664/1711/330 1452/1710/329
f 1387/1596/223 1451/1755/367 1452/1710/329 1389/1598/225
f 1385/1595/222 1450/1756/368 1451/1755/367 1387/1596/223
f 1385/1595/222 636/1588/216 658/1667/289 1450/1756/368
f 657/1708/328 1447/1753/365 1450/1756/368 658/1667/289
f 656/1655/277 1444/1748/360 1447/1751/363 657/1707/327
f 1453/1762/374 1454/1763/375 1457/1764/376 1456/1765/377
f 1454/1763/375 1455/1458/130 1458/1766/378 1457/1764/376
f 1456/1767/379 1457/1768/380 1460/1769/381 1459/1770/382
f 1457/1768/380 1458/1771/383 1461/1601/228 1460/1769/381
f 1428/1718/386 582/1728/345 116/1622/249 646/1621/248
f 114/1772/320 577/1773/384 1453/1762/374 662/1774/321
f 577/1773/384 578/1775/385 1454/1763/375 1453/1762/374
f 578/1775/385 579/1459/131 1455/1458/130 1454/1763/375
f 1455/1458/130 661/1461/133 660/1730/347 1458/1766/378
f 1458/1771/383 660/1729/346 659/1602/229 1461/1601/228
f 1345/1496/136 1460/1769/381 1461/1601/228 1347/1498/138
f 1343/1495/135 1459/1770/382 1460/1769/381 1345/1496/136
f 605/1504/143 664/1711/330 1459/1776/382 1343/1505/135
f 1353/1516/153 1434/1725/342 644/1632/257 611/1519/156
f 663/1761/373 1456/1777/379 1459/1776/382 664/1711/330
f 662/1699/321 1453/1778/374 1456/1779/377 663/1760/372
f 122/1780/1 601/1781/1 602/1782/1 603/1783/1 123/1784/1 608/1785/1 609/1786/1 610/1787/1 124/1788/1 613/1789/1 614/1790/1 615/1791/1 125/1792/1 618/1793/1 619/1794/1 620/1795/1 126/1796/1 623/1797/1 624/1798/1 625/1799/1 127/1800/1 628/1801/1 629/1802/1 630/1803/1 128/1804/1 633/1805/1 634/1806/1 635/1807/1 129/1808/1 638/1809/1 639/1810/1 640/1811/1
f 1463/1812/740 1836/1813/741 1838/1814/742 1464/1815/743
f 1464/1815/743 1838/1814/742 880/1816/744 666/1817/745
f 1464/1815/743 667/1818/746 668/1819/747 1463/1812/740
f 666/1817/745 134/1820/748 667/1818/746 1464/1815/743
f 665/1821/749 894/1822/750 1834/1823/751 1462/1824/752
f 665/1821/749 1462/1824/752 669/1825/753 161/1826/754
f 1466/1827/755 1469/1828/756 1468/1829/757 1465/1830/758
f 1501/1831/759 1978/1832/760 1980/1833/761 1502/1834/762
f 1467/1835/763 1470/1836/764 1469/1828/756 1466/1827/755
f 672/1837/765 673/1838/766 1470/1836/764 1467/1835/763
f 161/1826/754 669/1825/753 1465/1830/758 671/1839/767
f 669/1825/753 668/1819/747 1466/1827/755 1465/1830/758
f 668/1819/747 667/1818/746 1467/1835/763 1466/1827/755
f 667/1818/746 134/1820/748 672/1837/765 1467/1835/763
f 671/1839/767 1465/1830/758 1468/1829/757 670/1840/768
f 1831/1841/769 1469/1828/756 1470/1836/764 1833/1842/770
f 1829/1843/771 1468/1829/757 1469/1828/756 1831/1841/769
f 893/1844/772 670/1840/768 1468/1829/757 1829/1843/771
f 1989/1845/773 1509/1846/774 670/1840/768 893/1844/772
f 1472/1847/740 677/1848/775 678/1849/776 1471/1850/752
f 1472/1847/740 1842/1851/741 1844/1852/742 1473/1853/743
f 1473/1853/743 1844/1852/742 874/1854/744 675/1855/745
f 1473/1853/743 676/1856/777 677/1848/775 1472/1847/740
f 675/1855/745 135/1857/778 676/1856/777 1473/1853/743
f 674/1858/749 896/1859/750 1840/1860/751 1471/1850/752
f 674/1858/749 1471/1850/752 678/1849/776 160/1861/779
f 678/1849/780 677/1848/781 1475/1862/782 1474/1863/783
f 1510/1864/759 1972/1865/760 1974/1866/761 1511/1867/762
f 677/1848/781 676/1856/784 1476/1868/785 1475/1862/782
f 135/1857/786 681/1869/787 1476/1868/785 676/1856/784
f 1474/1863/783 1475/1862/782 1478/1870/788 1477/1871/789
f 1475/1862/782 1476/1868/785 1479/1872/790 1478/1870/788
f 1502/1834/762 705/1873/791 706/1874/792 1501/1831/759
f 1474/1863/783 680/1875/793 160/1861/794 678/1849/780
f 1476/1868/785 681/1869/787 682/1876/795 1479/1872/790
f 680/1875/793 1474/1863/783 1477/1871/789 679/1877/796
f 1482/1878/797 685/1879/798 686/1880/799 1481/1881/800
f 684/1882/801 136/1883/802 685/1879/798 1482/1878/797
f 683/1884/803 1480/1885/804 687/1886/805 159/1887/806
f 1484/1888/807 1487/1889/808 1486/1890/809 1483/1891/810
f 1485/1892/811 1488/1893/812 1487/1889/808 1484/1888/807
f 690/1894/813 691/1895/814 1488/1893/812 1485/1892/811
f 159/1887/806 687/1886/805 1483/1891/810 689/1896/815
f 687/1886/805 686/1880/799 1484/1888/807 1483/1891/810
f 686/1880/799 685/1879/798 1485/1892/811 1484/1888/807
f 685/1879/798 136/1883/802 690/1894/813 1485/1892/811
f 689/1896/815 1483/1891/810 1486/1890/809 688/1897/816
f 1520/1898/817 717/1899/818 718/1900/819 1519/1901/820
f 1489/1902/821 1490/1903/822 1493/1904/823 1492/1905/824
f 1490/1903/822 1491/1906/825 1494/1907/826 1493/1904/823
f 1494/1907/826 696/1908/827 697/1909/828 1493/1904/823
f 695/1910/829 137/1911/830 696/1908/827 1494/1907/826
f 1489/1902/821 1849/1912/831 1851/1913/832 1490/1903/822
f 1490/1903/822 1851/1913/832 1853/1914/833 1491/1906/825
f 1491/1906/825 1853/1914/833 865/1915/834 694/1916/835
f 722/1917/836 929/1918/837 1963/1919/838 1528/1920/839
f 1491/1906/825 694/1916/835 695/1910/829 1494/1907/826
f 692/1921/840 1492/1905/824 698/1922/841 158/1923/842
f 698/1922/780 697/1909/781 1496/1924/782 1495/1925/783
f 693/1926/843 1489/1902/821 1492/1905/824 692/1921/840
f 697/1909/781 696/1908/784 1497/1927/785 1496/1924/782
f 137/1911/786 701/1928/787 1497/1927/785 696/1908/784
f 1495/1925/783 1496/1924/782 1499/1929/788 1498/1930/789
f 1496/1924/782 1497/1927/785 1500/1931/790 1499/1929/788
f 1532/1932/844 724/1933/845 725/1934/846 1531/1935/847
f 1495/1925/783 700/1936/793 158/1923/794 698/1922/780
f 1497/1927/785 701/1928/787 702/1937/795 1500/1931/790
f 700/1936/793 1495/1925/783 1498/1930/789 699/1938/796
f 1502/1834/762 1980/1833/761 1982/1939/848 1503/1940/849
f 1503/1940/849 1982/1939/848 894/1822/750 665/1821/749
f 1503/1940/849 704/1941/850 705/1873/791 1502/1834/762
f 161/1826/754 704/1941/850 1503/1940/849 665/1821/749
f 703/1942/851 934/1943/852 1978/1944/760 1501/1945/759
f 703/1942/851 1501/1945/759 706/1946/792 157/1947/853
f 1505/1948/854 1508/1949/855 1507/1950/856 1504/1951/857
f 1540/1952/858 1951/1953/859 1953/1954/860 1541/1955/861
f 1506/1956/862 1509/1846/774 1508/1949/855 1505/1948/854
f 670/1840/768 1509/1846/774 1506/1956/862 671/1839/767
f 157/1947/853 706/1946/792 1504/1957/857 708/1958/863
f 706/1874/792 705/1873/791 1505/1948/854 1504/1951/857
f 705/1873/791 704/1941/850 1506/1956/862 1505/1948/854
f 704/1941/850 161/1826/754 671/1839/767 1506/1956/862
f 708/1958/863 1504/1957/857 1507/1959/856 707/1960/864
f 1987/1961/865 1508/1949/855 1509/1846/774 1989/1845/773
f 1985/1962/866 1507/1950/856 1508/1949/855 1987/1961/865
f 935/1963/867 707/1960/864 1507/1959/856 1985/1964/866
f 1962/1965/868 1548/1966/869 707/1960/864 935/1963/867
f 1511/1867/762 711/1967/870 712/1968/871 1510/1864/759
f 1511/1867/762 1974/1866/761 1976/1969/848 1512/1970/849
f 1512/1970/849 1976/1969/848 896/1859/750 674/1858/749
f 1512/1970/849 710/1971/872 711/1967/870 1511/1867/762
f 160/1861/779 710/1971/872 1512/1970/849 674/1858/749
f 709/1972/851 932/1973/852 1972/1974/760 1510/1975/759
f 709/1972/851 1510/1975/759 712/1976/871 156/1977/873
f 712/1968/874 711/1967/875 1514/1978/876 1513/1979/877
f 1549/1980/858 1945/1981/859 1947/1982/860 1550/1983/861
f 711/1967/875 710/1971/878 1515/1984/879 1514/1978/876
f 680/1875/793 1515/1984/879 710/1971/878 160/1861/794
f 1513/1979/877 1514/1978/876 1517/1985/880 1516/1986/881
f 1514/1978/876 1515/1984/879 1518/1987/882 1517/1985/880
f 1541/1955/861 730/1988/883 731/1989/884 1540/1952/858
f 1513/1990/877 714/1991/885 156/1977/886 712/1976/874
f 1515/1984/879 680/1875/793 679/1877/796 1518/1987/882
f 714/1991/885 1513/1990/877 1516/1992/881 713/1993/887
f 1521/1994/888 716/1995/889 717/1899/818 1520/1898/817
f 159/1887/806 716/1995/889 1521/1994/888 683/1884/803
f 715/1996/890 1519/1997/820 718/1998/819 155/1999/891
f 1523/2000/892 1526/2001/893 1525/2002/894 1522/2003/895
f 1524/2004/896 1527/2005/897 1526/2001/893 1523/2000/892
f 688/1897/816 1527/2005/897 1524/2004/896 689/1896/815
f 155/1999/891 718/1998/819 1522/2006/895 720/2007/898
f 718/1900/819 717/1899/818 1523/2000/892 1522/2003/895
f 717/1899/818 716/1995/889 1524/2004/896 1523/2000/892
f 716/1995/889 159/1887/806 689/1896/815 1524/2004/896
f 720/2007/898 1522/2006/895 1525/2008/894 719/2009/899
f 1559/2010/900 742/2011/901 743/2012/902 1558/2013/903
f 1528/2014/839 1529/2015/904 1532/1932/844 1531/1935/847
f 1529/2015/904 1530/2016/905 1533/2017/906 1532/1932/844
f 1533/2017/906 723/2018/907 724/1933/845 1532/1932/844
f 158/1923/842 723/2018/907 1533/2017/906 692/1921/840
f 1528/2014/839 1963/2019/838 1965/2020/908 1529/2015/904
f 1529/2015/904 1965/2020/908 1967/2021/909 1530/2016/905
f 1530/2016/905 1967/2021/909 899/2022/910 693/1926/843
f 747/2023/911 920/2024/912 1936/2025/913 1567/2026/914
f 1530/2016/905 693/1926/843 692/1921/840 1533/2017/906
f 721/2027/915 1531/2028/847 725/2029/846 154/2030/916
f 725/1934/874 724/1933/875 1535/2031/876 1534/2032/877
f 722/1917/836 1528/1920/839 1531/2028/847 721/2027/915
f 724/1933/875 723/2018/878 1536/2033/879 1535/2031/876
f 700/1936/793 1536/2033/879 723/2018/878 158/1923/794
f 1534/2032/877 1535/2031/876 1538/2034/880 1537/2035/881
f 1535/2031/876 1536/2033/879 1539/2036/882 1538/2034/880
f 1571/2037/917 749/2038/918 750/2039/919 1570/2040/920
f 1534/2041/877 727/2042/885 154/2030/886 725/2029/874
f 1536/2033/879 700/1936/793 699/1938/796 1539/2036/882
f 727/2042/885 1534/2041/877 1537/2043/881 726/2044/887
f 1541/1955/861 1953/1954/860 1955/2045/921 1542/2046/922
f 1542/2046/922 1955/2045/921 934/1943/852 703/1942/851
f 1542/2046/922 729/2047/923 730/1988/883 1541/1955/861
f 157/1947/853 729/2047/923 1542/2046/922 703/1942/851
f 728/2048/924 925/2049/925 1951/1953/859 1540/1952/858
f 728/2048/924 1540/1952/858 731/1989/884 153/2050/926
f 1544/2051/927 1547/2052/928 1546/2053/929 1543/2054/930
f 1579/2055/931 1924/2056/932 1926/2057/933 1580/2058/934
f 1545/2059/935 1548/1966/869 1547/2052/928 1544/2051/927
f 707/1960/864 1548/1966/869 1545/2059/935 708/1958/863
f 153/2050/926 731/1989/884 1543/2054/930 733/2060/936
f 731/1989/884 730/1988/883 1544/2051/927 1543/2054/930
f 730/1988/883 729/2047/923 1545/2059/935 1544/2051/927
f 729/2047/923 157/1947/853 708/1958/863 1545/2059/935
f 733/2060/936 1543/2054/930 1546/2053/929 732/2061/937
f 1960/2062/938 1547/2052/928 1548/1966/869 1962/1965/868
f 1958/2063/939 1546/2053/929 1547/2052/928 1960/2062/938
f 926/2064/940 732/2061/937 1546/2053/929 1958/2063/939
f 1935/2065/941 1587/2066/942 732/2061/937 926/2064/940
f 1550/1983/861 736/2067/943 737/2068/944 1549/1980/858
f 1550/1983/861 1947/1982/860 1949/2069/921 1551/2070/922
f 1551/2070/922 1949/2069/921 932/1973/852 709/1972/851
f 1551/2070/922 735/2071/945 736/2067/943 1550/1983/861
f 156/1977/873 735/2071/945 1551/2070/922 709/1972/851
f 734/2072/924 923/2073/925 1945/1981/859 1549/1980/858
f 734/2072/924 1549/1980/858 737/2068/944 152/2074/946
f 737/2068/947 736/2067/948 1553/2075/949 1552/2076/950
f 1588/2077/931 1918/2078/932 1920/2079/933 1589/2080/934
f 736/2067/948 735/2071/951 1554/2081/952 1553/2075/949
f 714/1991/885 1554/2081/952 735/2071/951 156/1977/886
f 1552/2076/950 1553/2075/949 1556/2082/953 1555/2083/954
f 1553/2075/949 1554/2081/952 1557/2084/955 1556/2082/953
f 1580/2058/934 755/2085/956 756/2086/957 1579/2055/931
f 1552/2076/950 739/2087/958 152/2074/959 737/2068/947
f 1554/2081/952 714/1991/885 713/1993/887 1557/2084/955
f 739/2087/958 1552/2076/950 1555/2083/954 738/2088/960
f 1560/2089/961 741/2090/962 742/2011/901 1559/2010/900
f 155/1999/891 741/2090/962 1560/2089/961 715/1996/890
f 740/2091/963 1558/2013/903 743/2012/902 151/2092/964
f 1562/2093/965 1565/2094/966 1564/2095/967 1561/2096/968
f 1563/2097/969 1566/2098/970 1565/2094/966 1562/2093/965
f 719/2009/899 1566/2098/970 1563/2097/969 720/2007/898
f 151/2092/964 743/2012/902 1561/2096/968 745/2099/971
f 743/2012/902 742/2011/901 1562/2093/965 1561/2096/968
f 742/2011/901 741/2090/962 1563/2097/969 1562/2093/965
f 741/2090/962 155/1999/891 720/2007/898 1563/2097/969
f 745/2099/971 1561/2096/968 1564/2095/967 744/2100/972
f 1598/2101/973 767/2102/974 768/2103/975 1597/2104/976
f 1567/2026/914 1568/2105/977 1571/2037/917 1570/2040/920
f 1568/2105/977 1569/2106/978 1572/2107/979 1571/2037/917
f 1572/2107/979 748/2108/980 749/2038/918 1571/2037/917
f 154/2030/916 748/2108/980 1572/2107/979 721/2027/915
f 1567/2026/914 1936/2025/913 1938/2109/981 1568/2105/977
f 1568/2105/977 1938/2109/981 1940/2110/982 1569/2106/978
f 1569/2106/978 1940/2110/982 929/1918/837 722/1917/836
f 772/2111/983 911/2112/984 1909/2113/985 1606/2114/986
f 1569/2106/978 722/1917/836 721/2027/915 1572/2107/979
f 746/2115/987 1570/2040/920 750/2039/919 150/2116/988
f 750/2039/947 749/2038/948 1574/2117/949 1573/2118/950
f 747/2023/911 1567/2026/914 1570/2040/920 746/2115/987
f 749/2038/948 748/2108/951 1575/2119/952 1574/2117/949
f 727/2042/885 1575/2119/952 748/2108/951 154/2030/886
f 1573/2118/950 1574/2117/949 1577/2120/953 1576/2121/954
f 1574/2117/949 1575/2119/952 1578/2122/955 1577/2120/953
f 1610/2123/989 774/2124/990 775/2125/991 1609/2126/992
f 1573/2118/950 752/2127/958 150/2116/959 750/2039/947
f 1575/2119/952 727/2042/885 726/2044/887 1578/2122/955
f 752/2127/958 1573/2118/950 1576/2121/954 751/2128/960
f 1580/2058/934 1926/2057/933 1928/2129/993 1581/2130/994
f 1581/2130/994 1928/2129/993 925/2049/925 728/2048/924
f 1581/2130/994 754/2131/995 755/2085/956 1580/2058/934
f 153/2050/926 754/2131/995 1581/2130/994 728/2048/924
f 753/2132/996 916/2133/997 1924/2134/932 1579/2135/931
f 753/2132/996 1579/2135/931 756/2136/957 149/2137/998
f 1583/2138/999 1586/2139/1000 1585/2140/1001 1582/2141/1002
f 1618/2142/1003 1897/2143/1004 1899/2144/1005 1619/2145/1006
f 1584/2146/1007 1587/2066/942 1586/2139/1000 1583/2138/999
f 732/2061/937 1587/2066/942 1584/2146/1007 733/2060/936
f 149/2137/998 756/2136/957 1582/2147/1002 758/2148/1008
f 756/2086/957 755/2085/956 1583/2138/999 1582/2141/1002
f 755/2085/956 754/2131/995 1584/2146/1007 1583/2138/999
f 754/2131/995 153/2050/926 733/2060/936 1584/2146/1007
f 758/2148/1008 1582/2147/1002 1585/2149/1001 757/2150/1009
f 1933/2151/1010 1586/2139/1000 1587/2066/942 1935/2065/941
f 1931/2152/1011 1585/2140/1001 1586/2139/1000 1933/2151/1010
f 917/2153/1012 757/2150/1009 1585/2149/1001 1931/2154/1011
f 1908/2155/1013 1626/2156/1014 757/2150/1009 917/2153/1012
f 1589/2080/934 761/2157/1015 762/2158/1016 1588/2077/931
f 1589/2080/934 1920/2079/933 1922/2159/993 1590/2160/994
f 1590/2160/994 1922/2159/993 923/2073/925 734/2072/924
f 1590/2160/994 760/2161/1017 761/2157/1015 1589/2080/934
f 152/2074/946 760/2161/1017 1590/2160/994 734/2072/924
f 759/2162/996 914/2163/997 1918/2164/932 1588/2165/931
f 759/2162/996 1588/2165/931 762/2166/1016 148/2167/1018
f 762/2158/1019 761/2157/1020 1592/2168/1021 1591/2169/1022
f 1627/2170/1003 1891/2171/1004 1893/2172/1005 1628/2173/1006
f 761/2157/1020 760/2161/1023 1593/2174/1024 1592/2168/1021
f 739/2087/958 1593/2174/1024 760/2161/1023 152/2074/959
f 1591/2169/1022 1592/2168/1021 1595/2175/1025 1594/2176/1026
f 1592/2168/1021 1593/2174/1024 1596/2177/1027 1595/2175/1025
f 1619/2145/1006 780/2178/1028 781/2179/1029 1618/2142/1003
f 1591/2180/1022 764/2181/1030 148/2167/1031 762/2166/1019
f 1593/2174/1024 739/2087/958 738/2088/960 1596/2177/1027
f 764/2181/1030 1591/2180/1022 1594/2182/1026 763/2183/1032
f 1599/2184/1033 766/2185/1034 767/2102/974 1598/2101/973
f 151/2092/964 766/2185/1034 1599/2184/1033 740/2091/963
f 765/2186/1035 1597/2187/976 768/2188/975 147/2189/1036
f 1601/2190/1037 1604/2191/1038 1603/2192/1039 1600/2193/1040
f 1602/2194/1041 1605/2195/1042 1604/2191/1038 1601/2190/1037
f 744/2100/972 1605/2195/1042 1602/2194/1041 745/2099/971
f 147/2189/1036 768/2188/975 1600/2196/1040 770/2197/1043
f 768/2103/975 767/2102/974 1601/2190/1037 1600/2193/1040
f 767/2102/974 766/2185/1034 1602/2194/1041 1601/2190/1037
f 766/2185/1034 151/2092/964 745/2099/971 1602/2194/1041
f 770/2197/1043 1600/2196/1040 1603/2198/1039 769/2199/1044
f 1637/2200/1045 792/2201/1046 793/2202/1047 1636/2203/1048
f 1606/2204/986 1607/2205/1049 1610/2123/989 1609/2126/992
f 1607/2205/1049 1608/2206/1050 1611/2207/1051 1610/2123/989
f 1611/2207/1051 773/2208/1052 774/2124/990 1610/2123/989
f 150/2116/988 773/2208/1052 1611/2207/1051 746/2115/987
f 1606/2204/986 1909/2209/985 1911/2210/1053 1607/2205/1049
f 1607/2205/1049 1911/2210/1053 1913/2211/1054 1608/2206/1050
f 1608/2206/1050 1913/2211/1054 920/2024/912 747/2023/911
f 797/2212/1055 902/2213/1056 1882/2214/1057 1645/2215/1058
f 1608/2206/1050 747/2023/911 746/2115/987 1611/2207/1051
f 771/2216/1059 1609/2217/992 775/2218/991 146/2219/1060
f 775/2125/1019 774/2124/1020 1613/2220/1021 1612/2221/1022
f 772/2111/983 1606/2114/986 1609/2217/992 771/2216/1059
f 774/2124/1020 773/2208/1023 1614/2222/1024 1613/2220/1021
f 752/2127/958 1614/2222/1024 773/2208/1023 150/2116/959
f 1612/2221/1022 1613/2220/1021 1616/2223/1025 1615/2224/1026
f 1613/2220/1021 1614/2222/1024 1617/2225/1027 1616/2223/1025
f 1649/2226/1061 799/2227/1062 800/2228/1063 1648/2229/1064
f 1612/2230/1022 777/2231/1030 146/2219/1031 775/2218/1019
f 1614/2222/1024 752/2127/958 751/2128/960 1617/2225/1027
f 777/2231/1030 1612/2230/1022 1615/2232/1026 776/2233/1032
f 1619/2145/1006 1899/2144/1005 1901/2234/1065 1620/2235/1066
f 1620/2235/1066 1901/2234/1065 916/2133/997 753/2132/996
f 1620/2235/1066 779/2236/1067 780/2178/1028 1619/2145/1006
f 149/2137/998 779/2236/1067 1620/2235/1066 753/2132/996
f 778/2237/1068 907/2238/1069 1897/2143/1004 1618/2142/1003
f 778/2237/1068 1618/2142/1003 781/2179/1029 145/2239/1070
f 1622/2240/1071 1625/2241/1072 1624/2242/1073 1621/2243/1074
f 1657/2244/1075 1870/2245/1076 1872/2246/1077 1658/2247/1078
f 1623/2248/1079 1626/2156/1014 1625/2241/1072 1622/2240/1071
f 757/2150/1009 1626/2156/1014 1623/2248/1079 758/2148/1008
f 145/2239/1070 781/2179/1029 1621/2243/1074 783/2249/1080
f 781/2179/1029 780/2178/1028 1622/2240/1071 1621/2243/1074
f 780/2178/1028 779/2236/1067 1623/2248/1079 1622/2240/1071
f 779/2236/1067 149/2137/998 758/2148/1008 1623/2248/1079
f 783/2249/1080 1621/2243/1074 1624/2242/1073 782/2250/1081
f 1906/2251/1082 1625/2241/1072 1626/2156/1014 1908/2155/1013
f 1904/2252/1083 1624/2242/1073 1625/2241/1072 1906/2251/1082
f 908/2253/1084 782/2250/1081 1624/2242/1073 1904/2252/1083
f 1881/2254/1085 1665/2255/1086 782/2250/1081 908/2253/1084
f 1628/2173/1006 786/2256/1087 787/2257/1088 1627/2170/1003
f 1628/2173/1006 1893/2172/1005 1895/2258/1065 1629/2259/1066
f 1629/2259/1066 1895/2258/1065 914/2163/997 759/2162/996
f 1629/2259/1066 785/2260/1089 786/2256/1087 1628/2173/1006
f 148/2167/1018 785/2260/1089 1629/2259/1066 759/2162/996
f 784/2261/1068 905/2262/1069 1891/2171/1004 1627/2170/1003
f 784/2261/1068 1627/2170/1003 787/2257/1088 144/2263/1090
f 787/2257/1091 786/2256/1092 1631/2264/1093 1630/2265/1094
f 1666/2266/1075 1864/2267/1076 1866/2268/1077 1667/2269/1078
f 786/2256/1092 785/2260/1095 1632/2270/1096 1631/2264/1093
f 764/2181/1030 1632/2270/1096 785/2260/1095 148/2167/1031
f 1630/2265/1094 1631/2264/1093 1634/2271/1097 1633/2272/1098
f 1631/2264/1093 1632/2270/1096 1635/2273/1099 1634/2271/1097
f 1658/2247/1078 805/2274/1100 806/2275/1101 1657/2244/1075
f 1630/2265/1094 789/2276/1102 144/2263/1103 787/2257/1091
f 1632/2270/1096 764/2181/1030 763/2183/1032 1635/2273/1099
f 789/2276/1102 1630/2265/1094 1633/2272/1098 788/2277/1104
f 1638/2278/1105 791/2279/1106 792/2201/1046 1637/2200/1045
f 147/2189/1036 791/2279/1106 1638/2278/1105 765/2186/1035
f 790/2280/1107 1636/2203/1048 793/2202/1047 143/2281/1108
f 1640/2282/1109 1643/2283/1110 1642/2284/1111 1639/2285/1112
f 1641/2286/1113 1644/2287/1114 1643/2283/1110 1640/2282/1109
f 769/2199/1044 1644/2287/1114 1641/2286/1113 770/2197/1043
f 143/2281/1108 793/2202/1047 1639/2285/1112 795/2288/1115
f 793/2202/1047 792/2201/1046 1640/2282/1109 1639/2285/1112
f 792/2201/1046 791/2279/1106 1641/2286/1113 1640/2282/1109
f 791/2279/1106 147/2189/1036 770/2197/1043 1641/2286/1113
f 795/2288/1115 1639/2285/1112 1642/2284/1111 794/2289/1116
f 1676/2290/1117 817/2291/1118 818/2292/1119 1675/2293/1120
f 1645/2215/1058 1646/2294/1121 1649/2226/1061 1648/2229/1064
f 1646/2294/1121 1647/2295/1122 1650/2296/1123 1649/2226/1061
f 1650/2296/1123 798/2297/1124 799/2227/1062 1649/2226/1061
f 146/2219/1060 798/2297/1124 1650/2296/1123 771/2216/1059
f 1645/2215/1058 1882/2214/1057 1884/2298/1125 1646/2294/1121
f 1646/2294/1121 1884/2298/1125 1886/2299/1126 1647/2295/1122
f 1647/2295/1122 1886/2299/1126 911/2112/984 772/2111/983
f 822/2300/1127 872/2301/1128 1855/2302/1129 1684/2303/1130
f 1647/2295/1122 772/2111/983 771/2216/1059 1650/2296/1123
f 796/2304/1131 1648/2229/1064 800/2228/1063 142/2305/1132
f 800/2228/1091 799/2227/1092 1652/2306/1093 1651/2307/1094
f 797/2212/1055 1645/2215/1058 1648/2229/1064 796/2304/1131
f 799/2227/1092 798/2297/1095 1653/2308/1096 1652/2306/1093
f 777/2231/1030 1653/2308/1096 798/2297/1095 146/2219/1031
f 1651/2307/1094 1652/2306/1093 1655/2309/1097 1654/2310/1098
f 1652/2306/1093 1653/2308/1096 1656/2311/1099 1655/2309/1097
f 1688/2312/1133 824/2313/1134 825/2314/1135 1687/2315/1136
f 1651/2307/1094 802/2316/1102 142/2305/1103 800/2228/1091
f 1653/2308/1096 777/2231/1030 776/2233/1032 1656/2311/1099
f 802/2316/1102 1651/2307/1094 1654/2310/1098 801/2317/1104
f 1658/2247/1078 1872/2246/1077 1874/2318/1137 1659/2319/1138
f 1659/2319/1138 1874/2318/1137 907/2238/1069 778/2237/1068
f 1659/2319/1138 804/2320/1139 805/2274/1100 1658/2247/1078
f 145/2239/1070 804/2320/1139 1659/2319/1138 778/2237/1068
f 803/2321/1140 885/2322/1141 1870/2323/1076 1657/2324/1075
f 803/2321/1140 1657/2324/1075 806/2325/1101 141/2326/1142
f 1661/2327/1143 1664/2328/1144 1663/2329/1145 1660/2330/1146
f 1696/2331/1147 1804/2332/1148 1806/2333/1149 1697/2334/1150
f 1662/2335/1151 1665/2255/1086 1664/2328/1144 1661/2327/1143
f 782/2250/1081 1665/2255/1086 1662/2335/1151 783/2249/1080
f 141/2326/1142 806/2325/1101 1660/2336/1146 808/2337/1152
f 806/2275/1101 805/2274/1100 1661/2327/1143 1660/2330/1146
f 805/2274/1100 804/2320/1139 1662/2335/1151 1661/2327/1143
f 804/2320/1139 145/2239/1070 783/2249/1080 1662/2335/1151
f 808/2337/1152 1660/2336/1146 1663/2338/1145 807/2339/1153
f 1879/2340/1154 1664/2328/1144 1665/2255/1086 1881/2254/1085
f 1877/2341/1155 1663/2329/1145 1664/2328/1144 1879/2340/1154
f 888/2342/1156 807/2339/1153 1663/2338/1145 1877/2343/1155
f 1827/2344/1157 1704/2345/1158 833/2346/1159 887/2347/1160
f 1667/2269/1078 811/2348/1161 812/2349/1162 1666/2266/1075
f 1667/2269/1078 1866/2268/1077 1868/2350/1137 1668/2351/1138
f 1668/2351/1138 1868/2350/1137 905/2262/1069 784/2261/1068
f 1668/2351/1138 810/2352/1163 811/2348/1161 1667/2269/1078
f 144/2263/1090 810/2352/1163 1668/2351/1138 784/2261/1068
f 809/2353/1140 879/2354/1141 1864/2355/1076 1666/2356/1075
f 809/2353/1140 1666/2356/1075 812/2357/1162 140/2358/1164
f 812/2349/1165 811/2348/1166 1670/2359/1167 1669/2360/1168
f 1705/2361/1147 1792/2362/1148 1794/2363/1149 1706/2364/1150
f 811/2348/1166 810/2352/1169 1671/2365/1170 1670/2359/1167
f 789/2276/1102 1671/2365/1170 810/2352/1169 144/2263/1103
f 1669/2360/1168 1670/2359/1167 1673/2366/1171 1672/2367/1172
f 1670/2359/1167 1671/2365/1170 1674/2368/1173 1673/2366/1171
f 1697/2334/1150 830/2369/1174 831/2370/1175 1696/2331/1147
f 1669/2371/1168 814/2372/1176 140/2358/1177 812/2357/1165
f 1671/2365/1170 789/2276/1102 788/2277/1104 1674/2368/1173
f 814/2372/1176 1669/2371/1168 1672/2373/1172 813/2374/1178
f 1677/2375/1179 816/2376/1180 817/2291/1118 1676/2290/1117
f 143/2281/1108 816/2376/1180 1677/2375/1179 790/2280/1107
f 815/2377/1181 1675/2378/1120 818/2379/1119 139/2380/1182
f 1679/2381/1183 1682/2382/1184 1681/2383/1185 1678/2384/1186
f 1680/2385/1187 1683/2386/1188 1682/2382/1184 1679/2381/1183
f 794/2289/1116 1683/2386/1188 1680/2385/1187 795/2288/1115
f 139/2380/1182 818/2379/1119 1678/2387/1186 820/2388/1189
f 818/2292/1119 817/2291/1118 1679/2381/1183 1678/2384/1186
f 817/2291/1118 816/2376/1180 1680/2385/1187 1679/2381/1183
f 816/2376/1180 143/2281/1108 795/2288/1115 1680/2385/1187
f 820/2388/1189 1678/2387/1186 1681/2389/1185 819/2390/1190
f 1715/2391/1191 842/2392/1192 843/2393/1193 1714/2394/1194
f 1684/2395/1130 1685/2396/1195 1688/2312/1133 1687/2315/1136
f 1685/2396/1195 1686/2397/1196 1689/2398/1197 1688/2312/1133
f 1689/2398/1197 823/2399/1198 824/2313/1134 1688/2312/1133
f 142/2305/1132 823/2399/1198 1689/2398/1197 796/2304/1131
f 1684/2395/1130 1855/2400/1129 1857/2401/1199 1685/2396/1195
f 1685/2396/1195 1857/2401/1199 1859/2402/1200 1686/2397/1196
f 1686/2397/1196 1859/2402/1200 902/2213/1056 797/2212/1055
f 694/1916/835 865/1915/834 1774/2403/1201 1723/2404/1202
f 1686/2397/1196 797/2212/1055 796/2304/1131 1689/2398/1197
f 821/2405/1203 1687/2406/1136 825/2407/1135 138/2408/1204
f 825/2314/1165 824/2313/1166 1691/2409/1167 1690/2410/1168
f 822/2300/1127 1684/2303/1130 1687/2406/1136 821/2405/1203
f 824/2313/1166 823/2399/1169 1692/2411/1170 1691/2409/1167
f 802/2316/1102 1692/2411/1170 823/2399/1169 142/2305/1103
f 1690/2410/1168 1691/2409/1167 1694/2412/1171 1693/2413/1172
f 1691/2409/1167 1692/2411/1170 1695/2414/1173 1694/2412/1171
f 1727/2415/1205 849/2416/1206 850/2417/1207 1726/2418/1208
f 1690/2419/1168 827/2420/1176 138/2408/1177 825/2407/1165
f 1692/2411/1170 802/2316/1102 801/2317/1104 1695/2414/1173
f 827/2420/1176 1690/2419/1168 1693/2421/1172 826/2422/1178
f 1697/2334/1150 1806/2333/1149 1808/2423/1209 1698/2424/1210
f 1698/2424/1210 1808/2423/1209 883/2425/1211 828/2426/1212
f 1698/2424/1210 829/2427/1213 830/2369/1174 1697/2334/1150
f 828/2426/1212 133/2428/1214 829/2427/1213 1698/2424/1210
f 666/1817/745 880/1816/744 1804/2429/1148 1696/2430/1147
f 666/1817/745 1696/2430/1147 831/2431/1175 134/1820/748
f 1700/2432/1215 1703/2433/1216 1702/2434/1217 1699/2435/1218
f 1735/2436/1219 1810/2437/1220 1812/2438/1221 1736/2439/1222
f 1701/2440/1223 1704/2345/1158 1703/2433/1216 1700/2432/1215
f 832/2441/1224 833/2346/1159 1704/2345/1158 1701/2440/1223
f 134/1820/748 831/2431/1175 1699/2442/1218 672/1837/765
f 831/2370/1175 830/2369/1174 1700/2432/1215 1699/2435/1218
f 830/2369/1174 829/2427/1213 1701/2440/1223 1700/2432/1215
f 829/2427/1213 133/2428/1214 832/2441/1224 1701/2440/1223
f 672/1837/765 1699/2442/1218 1702/2443/1217 673/1838/766
f 1825/2444/1225 1703/2433/1216 1704/2345/1158 1827/2344/1157
f 1823/2445/1226 1702/2434/1217 1703/2433/1216 1825/2444/1225
f 891/2446/1227 673/1838/766 1702/2443/1217 1823/2447/1226
f 1821/2448/1228 1743/2449/1229 807/2339/1153 888/2342/1156
f 1706/2364/1150 836/2450/1230 837/2451/1231 1705/2361/1147
f 1706/2364/1150 1794/2363/1149 1796/2452/1209 1707/2453/1210
f 1707/2453/1210 1796/2452/1209 877/2454/1211 834/2455/1212
f 1707/2453/1210 835/2456/1232 836/2450/1230 1706/2364/1150
f 834/2455/1212 132/2457/1233 835/2456/1232 1707/2453/1210
f 675/1855/745 874/1854/744 1792/2458/1148 1705/2459/1147
f 675/1855/745 1705/2459/1147 837/2460/1231 135/1857/778
f 837/2451/1234 836/2450/1235 1709/2461/1236 1708/2462/1237
f 1744/2463/1219 1798/2464/1220 1800/2465/1221 1745/2466/1222
f 836/2450/1235 835/2456/1238 1710/2467/1239 1709/2461/1236
f 132/2457/1240 838/2468/1241 1710/2467/1239 835/2456/1238
f 1708/2462/1237 1709/2461/1236 1712/2469/1242 1711/2470/1243
f 1709/2461/1236 1710/2467/1239 1713/2471/1244 1712/2469/1242
f 1736/2439/1222 854/2472/1245 855/2473/1246 1735/2436/1219
f 1708/2474/1237 681/1869/787 135/1857/786 837/2460/1234
f 1710/2467/1239 838/2468/1241 839/2475/1247 1713/2471/1244
f 681/1869/787 1708/2474/1237 1711/2476/1243 682/1876/795
f 1716/2477/1248 841/2478/1249 842/2392/1192 1715/2391/1191
f 840/2479/1250 131/2480/1251 841/2478/1249 1716/2477/1248
f 684/1882/801 1714/2481/1194 843/2482/1193 136/1883/802
f 1718/2483/1252 1721/2484/1253 1720/2485/1254 1717/2486/1255
f 1719/2487/1256 1722/2488/1257 1721/2484/1253 1718/2483/1252
f 844/2489/1258 845/2490/1259 1722/2488/1257 1719/2487/1256
f 136/1883/802 843/2482/1193 1717/2491/1255 690/1894/813
f 843/2393/1193 842/2392/1192 1718/2483/1252 1717/2486/1255
f 842/2392/1192 841/2478/1249 1719/2487/1256 1718/2483/1252
f 841/2478/1249 131/2480/1251 844/2489/1258 1719/2487/1256
f 690/1894/813 1717/2491/1255 1720/2492/1254 691/1895/814
f 1754/2493/1260 860/2494/1261 861/2495/1262 1753/2496/1263
f 1723/2497/1202 1724/2498/1264 1727/2415/1205 1726/2418/1208
f 1724/2498/1264 1725/2499/1265 1728/2500/1266 1727/2415/1205
f 1728/2500/1266 848/2501/1267 849/2416/1206 1727/2415/1205
f 847/2502/1268 130/2503/1269 848/2501/1267 1728/2500/1266
f 1723/2497/1202 1774/2504/1201 1776/2505/1270 1724/2498/1264
f 1724/2498/1264 1776/2505/1270 1778/2506/1271 1725/2499/1265
f 1725/2499/1265 1778/2506/1271 868/2507/1272 846/2508/1273
f 846/2508/1273 868/2507/1272 1783/2509/1274 1762/2510/1275
f 1725/2499/1265 846/2508/1273 847/2502/1268 1728/2500/1266
f 695/1910/829 1726/2511/1208 850/2512/1207 137/1911/830
f 850/2417/1234 849/2416/1235 1730/2513/1236 1729/2514/1237
f 694/1916/835 1723/2404/1202 1726/2511/1208 695/1910/829
f 849/2416/1235 848/2501/1238 1731/2515/1239 1730/2513/1236
f 130/2503/1240 851/2516/1241 1731/2515/1239 848/2501/1238
f 1729/2514/1237 1730/2513/1236 1733/2517/1242 1732/2518/1243
f 1730/2513/1236 1731/2515/1239 1734/2519/1244 1733/2517/1242
f 1766/2520/1276 863/2521/1277 864/2522/1278 1765/2523/1279
f 1729/2524/1237 701/1928/787 137/1911/786 850/2512/1234
f 1731/2515/1239 851/2516/1241 852/2525/1247 1734/2519/1244
f 701/1928/787 1729/2524/1237 1732/2526/1243 702/1937/795
f 1736/2439/1222 1812/2438/1221 1814/2527/1280 1737/2528/1281
f 1737/2528/1281 1814/2527/1280 885/2322/1141 803/2321/1140
f 1737/2528/1281 853/2529/1282 854/2472/1245 1736/2439/1222
f 141/2326/1142 853/2529/1282 1737/2528/1281 803/2321/1140
f 828/2426/1212 883/2425/1211 1810/2437/1220 1735/2436/1219
f 828/2426/1212 1735/2436/1219 855/2473/1246 133/2428/1214
f 1739/2530/1283 1742/2531/1284 1741/2532/1285 1738/2533/1286
f 1805/2534/1287 1711/2470/1243 1712/2469/1242 1807/2535/1288
f 1740/2536/1289 1743/2449/1229 1742/2531/1284 1739/2530/1283
f 807/2339/1153 1743/2449/1229 1740/2536/1289 808/2337/1152
f 133/2428/1214 855/2473/1246 1738/2533/1286 832/2441/1224
f 855/2473/1246 854/2472/1245 1739/2530/1283 1738/2533/1286
f 854/2472/1245 853/2529/1282 1740/2536/1289 1739/2530/1283
f 853/2529/1282 141/2326/1142 808/2337/1152 1740/2536/1289
f 832/2441/1224 1738/2533/1286 1741/2532/1285 833/2346/1159
f 1819/2537/1290 1742/2531/1284 1743/2449/1229 1821/2448/1228
f 1817/2538/1291 1741/2532/1285 1742/2531/1284 1819/2537/1290
f 887/2347/1160 833/2346/1159 1741/2532/1285 1817/2538/1291
f 165/2539/1292 1816/2540/1293 1818/2541/1294 166/2542/1295
f 1745/2466/1222 857/2543/1296 858/2544/1297 1744/2463/1219
f 1745/2466/1222 1800/2465/1221 1802/2545/1280 1746/2546/1281
f 1746/2546/1281 1802/2545/1280 879/2354/1141 809/2353/1140
f 1746/2546/1281 856/2547/1298 857/2543/1296 1745/2466/1222
f 140/2358/1164 856/2547/1298 1746/2546/1281 809/2353/1140
f 834/2455/1212 877/2454/1211 1798/2464/1220 1744/2463/1219
f 834/2455/1212 1744/2463/1219 858/2544/1297 132/2457/1233
f 858/2544/1299 857/2543/1300 1748/2548/1301 1747/2549/1302
f 1793/2550/1287 1720/2485/1254 1721/2484/1253 1795/2551/1288
f 857/2543/1300 856/2547/1303 1749/2552/1304 1748/2548/1301
f 814/2372/1176 1749/2552/1304 856/2547/1303 140/2358/1177
f 1747/2549/1302 1748/2548/1301 1751/2553/1305 1750/2554/1306
f 1748/2548/1301 1749/2552/1304 1752/2555/1307 1751/2553/1305
f 1481/1881/800 686/1880/799 687/1886/805 1480/1885/804
f 1747/2549/1302 838/2468/1241 132/2457/1240 858/2544/1299
f 1749/2552/1304 814/2372/1176 813/2374/1178 1752/2555/1307
f 1462/1824/752 1834/1823/751 1836/1813/741 1463/1812/740
f 838/2468/1241 1747/2549/1302 1750/2554/1306 839/2475/1247
f 1755/2556/1308 859/2557/1309 860/2494/1261 1754/2493/1260
f 139/2380/1182 859/2557/1309 1755/2556/1308 815/2377/1181
f 840/2479/1250 1753/2496/1263 861/2495/1262 131/2480/1251
f 1757/2558/1310 1760/2559/1311 1759/2560/1312 1756/2561/1313
f 1753/2496/1263 1780/2562/1314 1781/2563/1315 1754/2493/1260
f 1758/2564/1316 1761/2565/1317 1760/2559/1311 1757/2558/1310
f 819/2390/1190 1761/2565/1317 1758/2564/1316 820/2388/1189
f 131/2480/1251 861/2495/1262 1756/2561/1313 844/2489/1258
f 861/2495/1262 860/2494/1261 1757/2558/1310 1756/2561/1313
f 860/2494/1261 859/2557/1309 1758/2564/1316 1757/2558/1310
f 859/2557/1309 139/2380/1182 820/2388/1189 1758/2564/1316
f 844/2489/1258 1756/2561/1313 1759/2560/1312 845/2490/1259
f 1471/1850/752 1840/1860/751 1842/1851/741 1472/1847/740
f 1493/1904/823 697/1909/828 698/1922/841 1492/1905/824
f 1762/2510/1275 1763/2566/1318 1766/2520/1276 1765/2523/1279
f 1763/2566/1318 1764/2567/1319 1767/2568/1320 1766/2520/1276
f 1767/2568/1320 862/2569/1321 863/2521/1277 1766/2520/1276
f 138/2408/1204 862/2569/1321 1767/2568/1320 821/2405/1203
f 1762/2510/1275 1783/2509/1274 1785/2570/1322 1763/2566/1318
f 1763/2566/1318 1785/2570/1322 1787/2571/1323 1764/2567/1319
f 1764/2567/1319 1787/2571/1323 872/2301/1128 822/2300/1127
f 1775/2572/1324 170/2573/1325 169/2574/1326 1777/2575/1327
f 1764/2567/1319 822/2300/1127 821/2405/1203 1767/2568/1320
f 847/2502/1268 1765/2523/1279 864/2522/1278 130/2503/1269
f 864/2522/1299 863/2521/1300 1769/2576/1301 1768/2577/1302
f 846/2508/1273 1762/2510/1275 1765/2523/1279 847/2502/1268
f 863/2521/1300 862/2569/1303 1770/2578/1304 1769/2576/1301
f 827/2420/1176 1770/2578/1304 862/2569/1303 138/2408/1177
f 1768/2577/1302 1769/2576/1301 1772/2579/1305 1771/2580/1306
f 1769/2576/1301 1770/2578/1304 1773/2581/1307 1772/2579/1305
f 1768/2577/1302 851/2516/1241 130/2503/1240 864/2522/1299
f 1770/2578/1304 827/2420/1176 826/2422/1178 1773/2581/1307
f 851/2516/1241 1768/2577/1302 1771/2580/1306 852/2525/1247
f 1774/2504/1201 1775/2572/1324 1777/2575/1327 1776/2505/1270
f 1777/2575/1327 169/2574/1326 168/2582/1328 1779/2583/1329
f 1776/2505/1270 1777/2575/1327 1779/2583/1329 1778/2506/1271
f 866/2584/1330 5/2585/1331 170/2586/1325 1775/2587/1324
f 865/1915/834 866/2584/1330 1775/2587/1324 1774/2403/1201
f 1779/2583/1329 168/2582/1328 3/2588/1332 867/2589/1333
f 1784/2590/1334 164/2591/1335 163/2592/1336 1786/2593/1337
f 1778/2506/1271 1779/2583/1329 867/2589/1333 868/2507/1272
f 1780/2562/1314 1771/2580/1306 1772/2579/1305 1781/2563/1315
f 1754/2493/1260 1781/2563/1315 1782/2594/1338 1755/2556/1308
f 1781/2563/1315 1772/2579/1305 1773/2581/1307 1782/2594/1338
f 840/2479/1250 869/2595/1339 1780/2562/1314 1753/2496/1263
f 869/2595/1339 852/2525/1247 1771/2580/1306 1780/2562/1314
f 1782/2594/1338 1773/2581/1307 826/2422/1178 870/2596/1340
f 1755/2556/1308 1782/2594/1338 870/2596/1340 815/2377/1181
f 1714/2394/1194 1789/2597/1341 1790/2598/1342 1715/2391/1191
f 1783/2509/1274 1784/2590/1334 1786/2593/1337 1785/2570/1322
f 1786/2593/1337 163/2592/1336 162/2599/1343 1788/2600/1344
f 1785/2570/1322 1786/2593/1337 1788/2600/1344 1787/2571/1323
f 3/2588/1332 164/2591/1335 1784/2590/1334 867/2589/1333
f 868/2507/1272 867/2589/1333 1784/2590/1334 1783/2509/1274
f 1788/2600/1344 162/2599/1343 1/2601/1345 871/2602/1346
f 1850/2603/1347 209/2604/1348 208/2605/1349 1852/2606/1350
f 1787/2571/1323 1788/2600/1344 871/2602/1346 872/2301/1128
f 1789/2597/1341 1732/2518/1243 1733/2517/1242 1790/2598/1342
f 1715/2391/1191 1790/2598/1342 1791/2607/1351 1716/2477/1248
f 1790/2598/1342 1733/2517/1242 1734/2519/1244 1791/2607/1351
f 684/1882/801 873/2608/1352 1789/2609/1341 1714/2481/1194
f 873/2608/1352 702/1937/795 1732/2526/1243 1789/2609/1341
f 1791/2607/1351 1734/2519/1244 852/2525/1247 869/2595/1339
f 1716/2477/1248 1791/2607/1351 869/2595/1339 840/2479/1250
f 1480/1885/804 1846/2610/1353 1847/2611/1354 1481/1881/800
f 1792/2362/1148 1793/2550/1287 1795/2551/1288 1794/2363/1149
f 1795/2551/1288 1721/2484/1253 1722/2488/1257 1797/2612/1355
f 1794/2363/1149 1795/2551/1288 1797/2612/1355 1796/2452/1209
f 875/2613/1356 691/1895/814 1720/2492/1254 1793/2614/1287
f 874/1854/744 875/2613/1356 1793/2614/1287 1792/2458/1148
f 1797/2612/1355 1722/2488/1257 845/2490/1259 876/2615/1357
f 1799/2616/1358 1759/2560/1312 1760/2559/1311 1801/2617/1359
f 1796/2452/1209 1797/2612/1355 876/2615/1357 877/2454/1211
f 1798/2464/1220 1799/2616/1358 1801/2617/1359 1800/2465/1221
f 1801/2617/1359 1760/2559/1311 1761/2565/1317 1803/2618/1360
f 1800/2465/1221 1801/2617/1359 1803/2618/1360 1802/2545/1280
f 845/2490/1259 1759/2560/1312 1799/2616/1358 876/2615/1357
f 877/2454/1211 876/2615/1357 1799/2616/1358 1798/2464/1220
f 1803/2618/1360 1761/2565/1317 819/2390/1190 878/2619/1361
f 1841/2620/1362 1486/1890/809 1487/1889/808 1843/2621/1363
f 1802/2545/1280 1803/2618/1360 878/2619/1361 879/2354/1141
f 1804/2332/1148 1805/2534/1287 1807/2535/1288 1806/2333/1149
f 1807/2535/1288 1712/2469/1242 1713/2471/1244 1809/2622/1355
f 1806/2333/1149 1807/2535/1288 1809/2622/1355 1808/2423/1209
f 881/2623/1356 682/1876/795 1711/2476/1243 1805/2624/1287
f 880/1816/744 881/2623/1356 1805/2624/1287 1804/2429/1148
f 1809/2622/1355 1713/2471/1244 839/2475/1247 882/2625/1357
f 1811/2626/1358 1750/2554/1306 1751/2553/1305 1813/2627/1359
f 1808/2423/1209 1809/2622/1355 882/2625/1357 883/2425/1211
f 1810/2437/1220 1811/2626/1358 1813/2627/1359 1812/2438/1221
f 1813/2627/1359 1751/2553/1305 1752/2555/1307 1815/2628/1360
f 1812/2438/1221 1813/2627/1359 1815/2628/1360 1814/2527/1280
f 839/2475/1247 1750/2554/1306 1811/2626/1358 882/2625/1357
f 883/2425/1211 882/2625/1357 1811/2626/1358 1810/2437/1220
f 1815/2628/1360 1752/2555/1307 813/2374/1178 884/2629/1361
f 1835/2630/1362 1477/1871/789 1478/1870/788 1837/2631/1363
f 1814/2527/1280 1815/2628/1360 884/2629/1361 885/2322/1141
f 166/2542/1295 1818/2541/1294 1820/2632/1364 167/2633/1365
f 1816/2540/1293 1817/2538/1291 1819/2537/1290 1818/2541/1294
f 4/2634/1366 886/2635/1367 1816/2540/1293 165/2539/1292
f 1818/2541/1294 1819/2537/1290 1821/2448/1228 1820/2632/1364
f 167/2633/1365 1820/2632/1364 889/2636/1368 2/2637/1369
f 886/2635/1367 887/2347/1160 1817/2538/1291 1816/2540/1293
f 1820/2632/1364 1821/2448/1228 888/2342/1156 889/2636/1368
f 171/2638/1370 1822/2639/1371 1824/2640/1372 172/2641/1373
f 172/2641/1373 1824/2640/1372 1826/2642/1374 173/2643/1375
f 1822/2639/1371 1823/2445/1226 1825/2444/1225 1824/2640/1372
f 6/2644/1376 890/2645/1377 1822/2646/1371 171/2647/1370
f 1824/2640/1372 1825/2444/1225 1827/2344/1157 1826/2642/1374
f 173/2643/1375 1826/2642/1374 886/2635/1367 4/2634/1366
f 890/2645/1377 891/2446/1227 1823/2447/1226 1822/2646/1371
f 1826/2642/1374 1827/2344/1157 887/2347/1160 886/2635/1367
f 204/2648/1378 1828/2649/1379 1830/2650/1380 205/2651/1381
f 205/2651/1381 1830/2650/1380 1832/2652/1382 206/2653/1383
f 1828/2649/1379 1829/1843/771 1831/1841/769 1830/2650/1380
f 15/2654/1384 892/2655/1385 1828/2649/1379 204/2648/1378
f 1830/2650/1380 1831/1841/769 1833/1842/770 1832/2652/1382
f 206/2653/1383 1832/2652/1382 890/2645/1377 6/2644/1376
f 892/2655/1385 893/1844/772 1829/1843/771 1828/2649/1379
f 1832/2652/1382 1833/1842/770 891/2446/1227 890/2645/1377
f 174/2656/1386 1876/2657/1387 1878/2658/1388 175/2659/1389
f 1834/1823/751 1835/2630/1362 1837/2631/1363 1836/1813/741
f 1837/2631/1363 1478/1870/788 1479/1872/790 1839/2660/1390
f 1836/1813/741 1837/2631/1363 1839/2660/1390 1838/1814/742
f 895/2661/1391 679/1877/796 1477/1871/789 1835/2630/1362
f 894/1822/750 895/2661/1391 1835/2630/1362 1834/1823/751
f 1839/2660/1390 1479/1872/790 682/1876/795 881/2623/1356
f 1871/2662/1392 1672/2367/1172 1673/2366/1171 1873/2663/1393
f 1838/1814/742 1839/2660/1390 881/2623/1356 880/1816/744
f 1840/1860/751 1841/2620/1362 1843/2621/1363 1842/1851/741
f 1843/2621/1363 1487/1889/808 1488/1893/812 1845/2664/1390
f 1842/1851/741 1843/2621/1363 1845/2664/1390 1844/1852/742
f 897/2665/1391 688/1897/816 1486/1890/809 1841/2620/1362
f 896/1859/750 897/2665/1391 1841/2620/1362 1840/1860/751
f 1845/2664/1390 1488/1893/812 691/1895/814 875/2613/1356
f 1865/2666/1392 1681/2383/1185 1682/2382/1184 1867/2667/1393
f 1844/1852/742 1845/2664/1390 875/2613/1356 874/1854/744
f 1846/2610/1353 1498/1930/789 1499/1929/788 1847/2611/1354
f 1481/1881/800 1847/2611/1354 1848/2668/1394 1482/1878/797
f 1847/2611/1354 1499/1929/788 1500/1931/790 1848/2668/1394
f 683/1884/803 898/2669/1395 1846/2610/1353 1480/1885/804
f 898/2669/1395 699/1938/796 1498/1930/789 1846/2610/1353
f 1848/2668/1394 1500/1931/790 702/1937/795 873/2608/1352
f 1482/1878/797 1848/2668/1394 873/2608/1352 684/1882/801
f 1675/2293/1120 1861/2670/1396 1862/2671/1397 1676/2290/1117
f 1849/1912/831 1850/2603/1347 1852/2606/1350 1851/1913/832
f 1852/2606/1350 208/2605/1349 207/2672/1398 1854/2673/1399
f 1851/1913/832 1852/2606/1350 1854/2673/1399 1853/1914/833
f 900/2674/1400 16/2675/1401 209/2604/1348 1850/2603/1347
f 899/2022/910 900/2674/1400 1850/2603/1347 1849/1912/831
f 1854/2673/1399 207/2672/1398 5/2585/1331 866/2584/1330
f 1856/2676/1402 179/2677/1403 178/2678/1404 1858/2679/1405
f 1853/1914/833 1854/2673/1399 866/2584/1330 865/1915/834
f 1855/2400/1129 1856/2676/1402 1858/2679/1405 1857/2401/1199
f 1858/2679/1405 178/2678/1404 177/2680/1406 1860/2681/1407
f 1857/2401/1199 1858/2679/1405 1860/2681/1407 1859/2402/1200
f 1/2601/1345 179/2682/1403 1856/2683/1402 871/2602/1346
f 872/2301/1128 871/2602/1346 1856/2683/1402 1855/2302/1129
f 1860/2681/1407 177/2680/1406 8/2684/1408 901/2685/1409
f 1883/2686/1410 185/2687/1411 184/2688/1412 1885/2689/1413
f 1859/2402/1200 1860/2681/1407 901/2685/1409 902/2213/1056
f 1861/2670/1396 1693/2413/1172 1694/2412/1171 1862/2671/1397
f 1676/2290/1117 1862/2671/1397 1863/2690/1414 1677/2375/1179
f 1862/2671/1397 1694/2412/1171 1695/2414/1173 1863/2690/1414
f 815/2377/1181 870/2596/1340 1861/2691/1396 1675/2378/1120
f 826/2422/1178 1693/2421/1172 1861/2691/1396 870/2596/1340
f 1863/2690/1414 1695/2414/1173 801/2317/1104 903/2692/1415
f 1677/2375/1179 1863/2690/1414 903/2692/1415 790/2280/1107
f 1636/2203/1048 1888/2693/1416 1889/2694/1417 1637/2200/1045
f 1864/2267/1076 1865/2666/1392 1867/2667/1393 1866/2268/1077
f 1867/2667/1393 1682/2382/1184 1683/2386/1188 1869/2695/1418
f 1866/2268/1077 1867/2667/1393 1869/2695/1418 1868/2350/1137
f 819/2390/1190 1681/2389/1185 1865/2696/1392 878/2619/1361
f 879/2354/1141 878/2619/1361 1865/2696/1392 1864/2355/1076
f 1869/2695/1418 1683/2386/1188 794/2289/1116 904/2697/1419
f 1892/2698/1420 1642/2284/1111 1643/2283/1110 1894/2699/1421
f 1868/2350/1137 1869/2695/1418 904/2697/1419 905/2262/1069
f 1870/2245/1076 1871/2662/1392 1873/2663/1393 1872/2246/1077
f 1873/2663/1393 1673/2366/1171 1674/2368/1173 1875/2700/1418
f 1872/2246/1077 1873/2663/1393 1875/2700/1418 1874/2318/1137
f 813/2374/1178 1672/2373/1172 1871/2701/1392 884/2629/1361
f 885/2322/1141 884/2629/1361 1871/2701/1392 1870/2323/1076
f 1875/2700/1418 1674/2368/1173 788/2277/1104 906/2702/1419
f 1898/2703/1420 1633/2272/1098 1634/2271/1097 1900/2704/1421
f 1874/2318/1137 1875/2700/1418 906/2702/1419 907/2238/1069
f 175/2659/1389 1878/2658/1388 1880/2705/1422 176/2706/1423
f 1876/2657/1387 1877/2341/1155 1879/2340/1154 1878/2658/1388
f 889/2636/1368 1876/2707/1387 174/2708/1386 2/2637/1369
f 1878/2658/1388 1879/2340/1154 1881/2254/1085 1880/2705/1422
f 176/2706/1423 1880/2705/1422 909/2709/1424 7/2710/1425
f 889/2636/1368 888/2342/1156 1877/2343/1155 1876/2707/1387
f 1880/2705/1422 1881/2254/1085 908/2253/1084 909/2709/1424
f 180/2711/1426 1903/2712/1427 1905/2713/1428 181/2714/1429
f 1882/2214/1057 1883/2686/1410 1885/2689/1413 1884/2298/1125
f 1885/2689/1413 184/2688/1412 183/2715/1430 1887/2716/1431
f 1884/2298/1125 1885/2689/1413 1887/2716/1431 1886/2299/1126
f 8/2684/1408 185/2687/1411 1883/2686/1410 901/2685/1409
f 902/2213/1056 901/2685/1409 1883/2686/1410 1882/2214/1057
f 1887/2716/1431 183/2715/1430 10/2717/1432 910/2718/1433
f 1910/2719/1434 191/2720/1435 190/2721/1436 1912/2722/1437
f 1886/2299/1126 1887/2716/1431 910/2718/1433 911/2112/984
f 1888/2693/1416 1654/2310/1098 1655/2309/1097 1889/2694/1417
f 1637/2200/1045 1889/2694/1417 1890/2723/1438 1638/2278/1105
f 1889/2694/1417 1655/2309/1097 1656/2311/1099 1890/2723/1438
f 790/2280/1107 903/2692/1415 1888/2693/1416 1636/2203/1048
f 801/2317/1104 1654/2310/1098 1888/2693/1416 903/2692/1415
f 1890/2723/1438 1656/2311/1099 776/2233/1032 912/2724/1439
f 1638/2278/1105 1890/2723/1438 912/2724/1439 765/2186/1035
f 1597/2104/976 1915/2725/1440 1916/2726/1441 1598/2101/973
f 1891/2171/1004 1892/2698/1420 1894/2699/1421 1893/2172/1005
f 1894/2699/1421 1643/2283/1110 1644/2287/1114 1896/2727/1442
f 1893/2172/1005 1894/2699/1421 1896/2727/1442 1895/2258/1065
f 794/2289/1116 1642/2284/1111 1892/2698/1420 904/2697/1419
f 905/2262/1069 904/2697/1419 1892/2698/1420 1891/2171/1004
f 1896/2727/1442 1644/2287/1114 769/2199/1044 913/2728/1443
f 1919/2729/1444 1603/2192/1039 1604/2191/1038 1921/2730/1445
f 1895/2258/1065 1896/2727/1442 913/2728/1443 914/2163/997
f 1897/2143/1004 1898/2703/1420 1900/2704/1421 1899/2144/1005
f 1900/2704/1421 1634/2271/1097 1635/2273/1099 1902/2731/1442
f 1899/2144/1005 1900/2704/1421 1902/2731/1442 1901/2234/1065
f 788/2277/1104 1633/2272/1098 1898/2703/1420 906/2702/1419
f 907/2238/1069 906/2702/1419 1898/2703/1420 1897/2143/1004
f 1902/2731/1442 1635/2273/1099 763/2183/1032 915/2732/1443
f 1925/2733/1444 1594/2176/1026 1595/2175/1025 1927/2734/1445
f 1901/2234/1065 1902/2731/1442 915/2732/1443 916/2133/997
f 181/2714/1429 1905/2713/1428 1907/2735/1446 182/2736/1447
f 1903/2712/1427 1904/2252/1083 1906/2251/1082 1905/2713/1428
f 909/2709/1424 1903/2712/1427 180/2711/1426 7/2710/1425
f 1905/2713/1428 1906/2251/1082 1908/2155/1013 1907/2735/1446
f 182/2736/1447 1907/2735/1446 918/2737/1448 9/2738/1449
f 909/2709/1424 908/2253/1084 1904/2252/1083 1903/2712/1427
f 1907/2735/1446 1908/2155/1013 917/2153/1012 918/2737/1448
f 186/2739/1450 1930/2740/1451 1932/2741/1452 187/2742/1453
f 1909/2209/985 1910/2719/1434 1912/2722/1437 1911/2210/1053
f 1912/2722/1437 190/2721/1436 189/2743/1454 1914/2744/1455
f 1911/2210/1053 1912/2722/1437 1914/2744/1455 1913/2211/1054
f 10/2717/1432 191/2745/1435 1910/2746/1434 910/2718/1433
f 911/2112/984 910/2718/1433 1910/2746/1434 1909/2113/985
f 1914/2744/1455 189/2743/1454 12/2747/1456 919/2748/1457
f 1937/2749/1458 197/2750/1459 196/2751/1460 1939/2752/1461
f 1913/2211/1054 1914/2744/1455 919/2748/1457 920/2024/912
f 1915/2725/1440 1615/2224/1026 1616/2223/1025 1916/2726/1441
f 1598/2101/973 1916/2726/1441 1917/2753/1462 1599/2184/1033
f 1916/2726/1441 1616/2223/1025 1617/2225/1027 1917/2753/1462
f 765/2186/1035 912/2724/1439 1915/2754/1440 1597/2187/976
f 776/2233/1032 1615/2232/1026 1915/2754/1440 912/2724/1439
f 1917/2753/1462 1617/2225/1027 751/2128/960 921/2755/1463
f 1599/2184/1033 1917/2753/1462 921/2755/1463 740/2091/963
f 1558/2013/903 1942/2756/1464 1943/2757/1465 1559/2010/900
f 1918/2078/932 1919/2729/1444 1921/2730/1445 1920/2079/933
f 1921/2730/1445 1604/2191/1038 1605/2195/1042 1923/2758/1466
f 1920/2079/933 1921/2730/1445 1923/2758/1466 1922/2159/993
f 769/2199/1044 1603/2198/1039 1919/2759/1444 913/2728/1443
f 914/2163/997 913/2728/1443 1919/2759/1444 1918/2164/932
f 1923/2758/1466 1605/2195/1042 744/2100/972 922/2760/1467
f 1946/2761/1468 1564/2095/967 1565/2094/966 1948/2762/1469
f 1922/2159/993 1923/2758/1466 922/2760/1467 923/2073/925
f 1924/2056/932 1925/2733/1444 1927/2734/1445 1926/2057/933
f 1927/2734/1445 1595/2175/1025 1596/2177/1027 1929/2763/1466
f 1926/2057/933 1927/2734/1445 1929/2763/1466 1928/2129/993
f 763/2183/1032 1594/2182/1026 1925/2764/1444 915/2732/1443
f 916/2133/997 915/2732/1443 1925/2764/1444 1924/2134/932
f 1929/2763/1466 1596/2177/1027 738/2088/960 924/2765/1467
f 1952/2766/1468 1555/2083/954 1556/2082/953 1954/2767/1469
f 1928/2129/993 1929/2763/1466 924/2765/1467 925/2049/925
f 187/2742/1453 1932/2741/1452 1934/2768/1470 188/2769/1471
f 1930/2740/1451 1931/2152/1011 1933/2151/1010 1932/2741/1452
f 918/2737/1448 1930/2770/1451 186/2771/1450 9/2738/1449
f 1932/2741/1452 1933/2151/1010 1935/2065/941 1934/2768/1470
f 188/2769/1471 1934/2768/1470 927/2772/1472 11/2773/1473
f 918/2737/1448 917/2153/1012 1931/2154/1011 1930/2770/1451
f 1934/2768/1470 1935/2065/941 926/2064/940 927/2772/1472
f 192/2774/1474 1957/2775/1475 1959/2776/1476 193/2777/1477
f 1936/2025/913 1937/2749/1458 1939/2752/1461 1938/2109/981
f 1939/2752/1461 196/2751/1460 195/2778/1478 1941/2779/1479
f 1938/2109/981 1939/2752/1461 1941/2779/1479 1940/2110/982
f 12/2747/1456 197/2750/1459 1937/2749/1458 919/2748/1457
f 920/2024/912 919/2748/1457 1937/2749/1458 1936/2025/913
f 1941/2779/1479 195/2778/1478 14/2780/1480 928/2781/1481
f 1964/2782/1482 203/2783/1483 202/2784/1484 1966/2785/1485
f 1940/2110/982 1941/2779/1479 928/2781/1481 929/1918/837
f 1942/2756/1464 1576/2121/954 1577/2120/953 1943/2757/1465
f 1559/2010/900 1943/2757/1465 1944/2786/1486 1560/2089/961
f 1943/2757/1465 1577/2120/953 1578/2122/955 1944/2786/1486
f 740/2091/963 921/2755/1463 1942/2756/1464 1558/2013/903
f 751/2128/960 1576/2121/954 1942/2756/1464 921/2755/1463
f 1944/2786/1486 1578/2122/955 726/2044/887 930/2787/1487
f 1560/2089/961 1944/2786/1486 930/2787/1487 715/1996/890
f 1519/1901/820 1969/2788/1488 1970/2789/1489 1520/1898/817
f 1945/1981/859 1946/2761/1468 1948/2762/1469 1947/1982/860
f 1948/2762/1469 1565/2094/966 1566/2098/970 1950/2790/1490
f 1947/1982/860 1948/2762/1469 1950/2790/1490 1949/2069/921
f 744/2100/972 1564/2095/967 1946/2761/1468 922/2760/1467
f 923/2073/925 922/2760/1467 1946/2761/1468 1945/1981/859
f 1950/2790/1490 1566/2098/970 719/2009/899 931/2791/1491
f 1973/2792/1492 1525/2002/894 1526/2001/893 1975/2793/1493
f 1949/2069/921 1950/2790/1490 931/2791/1491 932/1973/852
f 1951/1953/859 1952/2766/1468 1954/2767/1469 1953/1954/860
f 1954/2767/1469 1556/2082/953 1557/2084/955 1956/2794/1490
f 1953/1954/860 1954/2767/1469 1956/2794/1490 1955/2045/921
f 738/2088/960 1555/2083/954 1952/2766/1468 924/2765/1467
f 925/2049/925 924/2765/1467 1952/2766/1468 1951/1953/859
f 1956/2794/1490 1557/2084/955 713/1993/887 933/2795/1491
f 1979/2796/1492 1516/1986/881 1517/1985/880 1981/2797/1493
f 1955/2045/921 1956/2794/1490 933/2795/1491 934/1943/852
f 193/2777/1477 1959/2776/1476 1961/2798/1494 194/2799/1495
f 1957/2775/1475 1958/2063/939 1960/2062/938 1959/2776/1476
f 927/2772/1472 1957/2775/1475 192/2774/1474 11/2773/1473
f 1959/2776/1476 1960/2062/938 1962/1965/868 1961/2798/1494
f 194/2799/1495 1961/2798/1494 936/2800/1496 13/2801/1497
f 927/2772/1472 926/2064/940 1958/2063/939 1957/2775/1475
f 1961/2798/1494 1962/1965/868 935/1963/867 936/2800/1496
f 198/2802/1498 1984/2803/1499 1986/2804/1500 199/2805/1501
f 1963/2019/838 1964/2782/1482 1966/2785/1485 1965/2020/908
f 1966/2785/1485 202/2784/1484 201/2806/1502 1968/2807/1503
f 1965/2020/908 1966/2785/1485 1968/2807/1503 1967/2021/909
f 14/2780/1480 203/2808/1483 1964/2809/1482 928/2781/1481
f 929/1918/837 928/2781/1481 1964/2809/1482 1963/1919/838
f 1968/2807/1503 201/2806/1502 16/2675/1401 900/2674/1400
f 1967/2021/909 1968/2807/1503 900/2674/1400 899/2022/910
f 1969/2788/1488 1537/2035/881 1538/2034/880 1970/2789/1489
f 1520/1898/817 1970/2789/1489 1971/2810/1504 1521/1994/888
f 1970/2789/1489 1538/2034/880 1539/2036/882 1971/2810/1504
f 715/1996/890 930/2787/1487 1969/2811/1488 1519/1997/820
f 726/2044/887 1537/2043/881 1969/2811/1488 930/2787/1487
f 1971/2810/1504 1539/2036/882 699/1938/796 898/2669/1395
f 1521/1994/888 1971/2810/1504 898/2669/1395 683/1884/803
f 1972/1865/760 1973/2792/1492 1975/2793/1493 1974/1866/761
f 1975/2793/1493 1526/2001/893 1527/2005/897 1977/2812/1505
f 1974/1866/761 1975/2793/1493 1977/2812/1505 1976/1969/848
f 719/2009/899 1525/2008/894 1973/2813/1492 931/2791/1491
f 932/1973/852 931/2791/1491 1973/2813/1492 1972/1974/760
f 1977/2812/1505 1527/2005/897 688/1897/816 897/2665/1391
f 1976/1969/848 1977/2812/1505 897/2665/1391 896/1859/750
f 1978/1832/760 1979/2796/1492 1981/2797/1493 1980/1833/761
f 1981/2797/1493 1517/1985/880 1518/1987/882 1983/2814/1505
f 1980/1833/761 1981/2797/1493 1983/2814/1505 1982/1939/848
f 713/1993/887 1516/1992/881 1979/2815/1492 933/2795/1491
f 934/1943/852 933/2795/1491 1979/2815/1492 1978/1944/760
f 1983/2814/1505 1518/1987/882 679/1877/796 895/2661/1391
f 1833/1842/770 1470/1836/764 673/1838/766 891/2446/1227
f 1982/1939/848 1983/2814/1505 895/2661/1391 894/1822/750
f 199/2805/1501 1986/2804/1500 1988/2816/1506 200/2817/1507
f 1984/2803/1499 1985/1962/866 1987/1961/865 1986/2804/1500
f 936/2800/1496 1984/2818/1499 198/2819/1498 13/2801/1497
f 1986/2804/1500 1987/1961/865 1989/1845/773 1988/2816/1506
f 200/2817/1507 1988/2816/1506 892/2655/1385 15/2654/1384
f 936/2800/1496 935/1963/867 1985/1964/866 1984/2818/1499
f 1988/2816/1506 1989/1845/773 893/1844/772 892/2655/1385
f 1463/1812/740 668/1819/747 669/1825/753 1462/1824/752
f 693/1926/843 899/2022/910 1849/1912/831 1489/1902/821
f 2207/2820/130 2008/2821/131 1991/2822/132 2090/2823/133
f 1990/2824/69 2029/2825/69 2028/2826/69 2027/2827/69 1997/2828/69 2026/2829/69 2025/2830/69 2024/2831/69 1996/2832/69 2023/2833/69 2022/2834/69 2021/2835/69 1995/2836/69 2020/2837/69 2019/2838/69 2018/2839/69 1994/2840/69 2017/2841/69 2016/2842/69 2015/2843/69 1993/2844/69 2014/2845/69 2013/2846/69 2012/2847/69 1992/2848/69 2011/2849/69 2010/2850/69 2009/2851/69 1991/2852/69 2008/2853/69 2007/2854/69 2006/2855/69
f 2094/2856/134 2095/2857/135 2097/2858/136 2096/2859/137
f 2096/2859/137 2097/2858/136 2099/2860/138 2098/2861/139
f 1998/2862/140 2033/2863/141 2094/2864/134 2030/2865/142
f 2033/2863/141 2034/2866/143 2095/2867/135 2094/2864/134
f 2098/2861/139 2099/2860/138 2035/2868/144 2036/2869/145
f 2032/2870/146 2098/2861/139 2036/2869/145 1999/2871/147
f 2031/2872/148 2096/2859/137 2098/2861/139 2032/2870/146
f 2030/2873/142 2094/2856/134 2096/2859/137 2031/2872/148
f 2100/2874/149 2101/2875/150 2103/2876/151 2102/2877/152
f 2102/2877/152 2103/2876/151 2105/2878/153 2104/2879/154
f 1999/2871/147 2036/2869/145 2100/2874/149 2037/2880/155
f 2036/2869/145 2035/2868/144 2101/2875/150 2100/2874/149
f 2104/2879/154 2105/2878/153 2040/2881/156 2041/2882/157
f 2039/2883/158 2104/2879/154 2041/2882/157 2000/2884/159
f 2038/2885/160 2102/2877/152 2104/2879/154 2039/2883/158
f 2037/2880/155 2100/2874/149 2102/2877/152 2038/2885/160
f 2106/2886/161 2107/2887/162 2109/2888/163 2108/2889/164
f 2108/2889/164 2109/2888/163 2111/2890/165 2110/2891/166
f 2000/2884/159 2041/2882/157 2106/2892/161 2042/2893/167
f 2041/2882/157 2040/2881/156 2107/2894/162 2106/2892/161
f 2110/2891/166 2111/2890/165 2045/2895/168 2046/2896/169
f 2044/2897/170 2110/2891/166 2046/2896/169 2001/2898/171
f 2043/2899/172 2108/2889/164 2110/2891/166 2044/2897/170
f 2042/2900/167 2106/2886/161 2108/2889/164 2043/2899/172
f 2112/2901/173 2113/2902/174 2115/2903/175 2114/2904/176
f 2114/2904/176 2115/2903/175 2117/2905/177 2116/2906/178
f 2001/2898/171 2046/2896/169 2112/2901/173 2047/2907/179
f 2046/2896/169 2045/2895/168 2113/2902/174 2112/2901/173
f 2116/2906/178 2117/2905/177 2050/2908/180 2051/2909/181
f 2049/2910/182 2116/2906/178 2051/2909/181 2002/2911/183
f 2048/2912/184 2114/2904/176 2116/2906/178 2049/2910/182
f 2047/2907/179 2112/2901/173 2114/2904/176 2048/2912/184
f 2118/2913/185 2119/2914/186 2121/2915/187 2120/2916/188
f 2120/2916/188 2121/2915/187 2123/2917/189 2122/2918/190
f 2002/2919/183 2051/2920/181 2118/2913/185 2052/2921/191
f 2051/2909/181 2050/2908/180 2119/2922/186 2118/2923/185
f 2122/2918/190 2123/2917/189 2055/2924/192 2056/2925/193
f 2054/2926/194 2122/2918/190 2056/2925/193 2003/2927/195
f 2053/2928/196 2120/2916/188 2122/2918/190 2054/2926/194
f 2052/2921/191 2118/2913/185 2120/2916/188 2053/2928/196
f 2124/2929/197 2125/2930/198 2127/2931/199 2126/2932/200
f 2126/2932/200 2127/2931/199 2129/2933/201 2128/2934/202
f 2003/2927/195 2056/2925/193 2124/2929/197 2057/2935/203
f 2056/2925/193 2055/2924/192 2125/2930/198 2124/2929/197
f 2128/2934/202 2129/2933/201 2060/2936/204 2061/2937/205
f 2059/2938/206 2128/2934/202 2061/2937/205 2004/2939/207
f 2058/2940/208 2126/2932/200 2128/2934/202 2059/2938/206
f 2057/2935/203 2124/2929/197 2126/2932/200 2058/2940/208
f 2130/2941/209 2131/2942/210 2133/2943/211 2132/2944/212
f 2132/2944/212 2133/2943/211 2135/2945/213 2134/2946/214
f 2004/2939/207 2061/2937/205 2130/2947/209 2062/2948/215
f 2061/2937/205 2060/2936/204 2131/2949/210 2130/2947/209
f 2134/2946/214 2135/2945/213 2065/2950/216 2066/2951/217
f 2064/2952/218 2134/2946/214 2066/2951/217 2005/2953/219
f 2063/2954/220 2132/2944/212 2134/2946/214 2064/2952/218
f 2062/2955/215 2130/2941/209 2132/2944/212 2063/2954/220
f 2136/2956/221 2137/2957/222 2139/2958/223 2138/2959/224
f 2138/2959/224 2139/2958/223 2141/2960/225 2140/2961/226
f 2005/2953/219 2066/2951/217 2136/2956/221 2067/2962/227
f 2066/2951/217 2065/2950/216 2137/2957/222 2136/2956/221
f 2099/2860/138 2213/2963/228 2088/2964/229 2035/2868/144
f 2140/2961/226 2141/2960/225 2034/2866/143 2033/2863/141
f 2069/2965/230 2140/2961/226 2033/2863/141 1998/2862/140
f 2068/2966/231 2138/2959/224 2140/2961/226 2069/2965/230
f 2067/2962/227 2136/2956/221 2138/2959/224 2068/2966/231
f 2142/2967/1508 2143/2968/233 2146/2969/234 2145/2970/235
f 2143/2968/233 2144/2971/236 2147/2972/237 2146/2969/234
f 2145/2973/238 2146/2974/239 2149/2975/240 2148/2976/241
f 2146/2974/239 2147/2977/242 2150/2978/243 2149/2975/240
f 2162/2979/244 2017/2980/245 1994/2981/246 2082/2982/247
f 2075/2983/248 1992/2984/249 2012/2985/250 2142/2986/1508
f 2012/2987/250 2013/2988/251 2143/2968/233 2142/2967/1508
f 2013/2988/251 2014/2989/252 2144/2971/236 2143/2968/233
f 2144/2971/236 2070/2990/253 2071/2991/254 2147/2972/237
f 2147/2977/242 2071/2992/255 2072/2993/256 2150/2978/243
f 2109/2888/163 2149/2975/240 2150/2978/243 2111/2890/165
f 2107/2887/162 2148/2976/241 2149/2975/240 2109/2888/163
f 2107/2894/162 2040/2881/156 2073/2994/257 2148/2995/241
f 2117/2905/177 2168/2996/258 2084/2997/259 2050/2908/180
f 2074/2998/260 2145/2999/238 2148/2995/241 2073/2994/257
f 2075/2983/248 2142/2986/1508 2145/3000/235 2074/3001/261
f 2151/3002/262 2152/3003/263 2155/3004/264 2154/3005/265
f 2152/3003/263 2153/3006/266 2156/3007/267 2155/3004/264
f 2154/3008/268 2155/3009/269 2158/3010/270 2157/3011/271
f 2155/3009/269 2156/3012/272 2159/3013/273 2158/3010/270
f 2171/3014/274 2026/3015/275 1997/3016/276 2085/3017/277
f 2081/3018/278 1995/3019/279 2021/3020/280 2151/3002/262
f 2021/3020/280 2022/3021/281 2152/3003/263 2151/3002/262
f 2022/3021/281 2023/3022/282 2153/3006/266 2152/3003/263
f 2153/3006/266 2076/3023/283 2077/3024/284 2156/3007/267
f 2156/3012/272 2077/3025/285 2078/3026/286 2159/3013/273
f 2127/2931/199 2158/3010/270 2159/3013/273 2129/2933/201
f 2125/2930/198 2157/3011/271 2158/3010/270 2127/2931/199
f 2125/2930/198 2055/2924/192 2079/3027/287 2157/3011/271
f 2135/2945/213 2177/3028/288 2087/3029/289 2065/2950/216
f 2080/3030/290 2154/3008/268 2157/3011/271 2079/3027/287
f 2081/3018/278 2151/3002/262 2154/3005/265 2080/3031/291
f 2160/3032/292 2161/3033/293 2164/3034/294 2163/3035/295
f 2161/3033/293 2162/2979/244 2165/3036/296 2164/3034/294
f 2163/3037/297 2164/3038/298 2167/3039/1509 2166/3040/300
f 2164/3038/298 2165/3041/301 2168/2996/258 2167/3039/1509
f 2189/3042/302 2020/3043/303 1995/3019/279 2081/3018/278
f 2070/2990/253 1993/3044/304 2015/3045/305 2160/3032/292
f 2015/3045/305 2016/3046/306 2161/3033/293 2160/3032/292
f 2016/3046/306 2017/2980/245 2162/2979/244 2161/3033/293
f 2162/2979/244 2082/2982/247 2083/3047/307 2165/3036/296
f 2165/3041/301 2083/3048/308 2084/2997/259 2168/2996/258
f 2115/2903/175 2167/3039/1509 2168/2996/258 2117/2905/177
f 2113/2902/174 2166/3040/300 2167/3039/1509 2115/2903/175
f 2113/2902/174 2045/2895/168 2072/2993/256 2166/3040/300
f 2123/2917/189 2195/3049/309 2079/3027/287 2055/2924/192
f 2071/2992/255 2163/3037/297 2166/3040/300 2072/2993/256
f 2070/2990/253 2160/3032/292 2163/3035/295 2071/2991/254
f 2169/3050/310 2170/3051/311 2173/3052/312 2172/3053/313
f 2170/3051/311 2171/3014/274 2174/3054/314 2173/3052/312
f 2172/3055/315 2173/3056/316 2176/3057/317 2175/3058/318
f 2173/3056/316 2174/3059/319 2177/3028/288 2176/3057/317
f 1990/3060/320 2091/3061/321 2198/3062/322 2029/3063/323
f 2076/3023/283 1996/3064/324 2024/3065/325 2169/3066/310
f 2024/3067/325 2025/3068/326 2170/3051/311 2169/3050/310
f 2025/3068/326 2026/3015/275 2171/3014/274 2170/3051/311
f 2171/3014/274 2085/3017/277 2086/3069/327 2174/3054/314
f 2174/3059/319 2086/3070/328 2087/3029/289 2177/3028/288
f 2133/2943/211 2176/3057/317 2177/3028/288 2135/2945/213
f 2131/2942/210 2175/3058/318 2176/3057/317 2133/2943/211
f 2131/2949/210 2060/2936/204 2078/3026/286 2175/3071/318
f 2141/2960/225 2204/3072/329 2093/3073/330 2034/2866/143
f 2077/3025/285 2172/3074/315 2175/3071/318 2078/3026/286
f 2076/3023/283 2169/3066/310 2172/3075/313 2077/3024/284
f 2178/3076/1510 2179/3077/332 2182/3078/333 2181/3079/334
f 2179/3077/332 2180/3080/335 2183/3081/336 2182/3078/333
f 2181/3082/739 2182/3083/338 2185/3084/339 2184/3085/340
f 2182/3083/338 2183/3086/341 2186/3087/342 2185/3084/339
f 2144/2971/236 2014/2989/252 1993/3044/304 2070/2990/253
f 2090/2823/133 1991/2822/132 2009/3088/343 2178/3076/1510
f 2009/3088/343 2010/3089/344 2179/3077/332 2178/3076/1510
f 2010/3089/344 2011/3090/345 2180/3080/335 2179/3077/332
f 2180/3080/335 2075/2983/248 2074/3001/261 2183/3081/336
f 2183/3086/341 2074/2998/260 2073/2994/257 2186/3087/342
f 2103/2876/151 2185/3084/339 2186/3087/342 2105/2878/153
f 2101/2875/150 2184/3085/340 2185/3084/339 2103/2876/151
f 2101/2875/150 2035/2868/144 2088/2964/229 2184/3085/340
f 2111/2890/165 2150/2978/243 2072/2993/256 2045/2895/168
f 2089/3091/346 2181/3082/739 2184/3085/340 2088/2964/229
f 2090/2823/133 2178/3076/1510 2181/3079/334 2089/3092/347
f 2187/3093/348 2188/3094/349 2191/3095/350 2190/3096/351
f 2188/3094/349 2189/3042/302 2192/3097/352 2191/3095/350
f 2190/3098/353 2191/3099/354 2194/3100/1511 2193/3101/356
f 2191/3099/354 2192/3102/357 2195/3049/309 2194/3100/1511
f 2153/3006/266 2023/3022/282 1996/3064/324 2076/3023/283
f 2082/2982/247 1994/2981/246 2018/3103/358 2187/3104/348
f 2018/3105/358 2019/3106/359 2188/3094/349 2187/3093/348
f 2019/3106/359 2020/3043/303 2189/3042/302 2188/3094/349
f 2189/3042/302 2081/3018/278 2080/3031/291 2192/3097/352
f 2192/3102/357 2080/3030/290 2079/3027/287 2195/3049/309
f 2121/2915/187 2194/3100/1511 2195/3049/309 2123/2917/189
f 2119/2914/186 2193/3101/356 2194/3100/1511 2121/2915/187
f 2119/2922/186 2050/2908/180 2084/2997/259 2193/3107/356
f 2129/2933/201 2159/3013/273 2078/3026/286 2060/2936/204
f 2083/3048/308 2190/3108/353 2193/3107/356 2084/2997/259
f 2082/2982/247 2187/3104/348 2190/3109/351 2083/3047/307
f 2196/3110/360 2197/3111/361 2200/3112/362 2199/3113/363
f 2197/3111/361 2198/3062/322 2201/3114/364 2200/3112/362
f 2199/3115/365 2200/3116/366 2203/3117/367 2202/3118/368
f 2200/3116/366 2201/3119/369 2204/3072/329 2203/3117/367
f 2085/3017/277 1997/3016/276 2027/3120/370 2196/3110/360
f 2027/3120/370 2028/3121/371 2197/3111/361 2196/3110/360
f 2028/3121/371 2029/3063/323 2198/3062/322 2197/3111/361
f 2198/3062/322 2091/3061/321 2092/3122/372 2201/3114/364
f 2201/3119/369 2092/3123/373 2093/3073/330 2204/3072/329
f 2139/2958/223 2203/3117/367 2204/3072/329 2141/2960/225
f 2137/2957/222 2202/3118/368 2203/3117/367 2139/2958/223
f 2137/2957/222 2065/2950/216 2087/3029/289 2202/3118/368
f 2086/3070/328 2199/3115/365 2202/3118/368 2087/3029/289
f 2085/3017/277 2196/3110/360 2199/3113/363 2086/3069/327
f 2205/3124/374 2206/3125/375 2209/3126/376 2208/3127/377
f 2206/3125/375 2207/2820/130 2210/3128/378 2209/3126/376
f 2208/3129/379 2209/3130/380 2212/3131/381 2211/3132/382
f 2209/3130/380 2210/3133/383 2213/2963/228 2212/3131/381
f 2180/3080/335 2011/3090/345 1992/2984/249 2075/2983/248
f 1990/3134/320 2006/3135/384 2205/3124/374 2091/3136/321
f 2006/3135/384 2007/3137/385 2206/3125/375 2205/3124/374
f 2007/3137/385 2008/2821/131 2207/2820/130 2206/3125/375
f 2207/2820/130 2090/2823/133 2089/3092/347 2210/3128/378
f 2210/3133/383 2089/3091/346 2088/2964/229 2213/2963/228
f 2097/2858/136 2212/3131/381 2213/2963/228 2099/2860/138
f 2095/2857/135 2211/3132/382 2212/3131/381 2097/2858/136
f 2034/2866/143 2093/3073/330 2211/3138/382 2095/2867/135
f 2105/2878/153 2186/3087/342 2073/2994/257 2040/2881/156
f 2092/3123/373 2208/3139/379 2211/3138/382 2093/3073/330
f 2091/3061/321 2205/3140/374 2208/3141/377 2092/3122/372
f 1998/3142/1 2030/3143/1 2031/3144/1 2032/3145/1 1999/3146/1 2037/3147/1 2038/3148/1 2039/3149/1 2000/3150/1 2042/3151/1 2043/3152/1 2044/3153/1 2001/3154/1 2047/3155/1 2048/3156/1 2049/3157/1 2002/3158/1 2052/3159/1 2053/3160/1 2054/3161/1 2003/3162/1 2057/3163/1 2058/3164/1 2059/3165/1 2004/3166/1 2062/3167/1 2063/3168/1 2064/3169/1 2005/3170/1 2067/3171/1 2068/3172/1 2069/3173/1
